DELETE FROM client_email_suppression WHERE firm_id IN (SELECT id FROM firm_profile WHERE owner_user_id LIKE 'mock_user_%');

DELETE FROM client_readiness_response WHERE firm_id IN (SELECT id FROM firm_profile WHERE owner_user_id LIKE 'mock_user_%');

DELETE FROM client_readiness_request WHERE firm_id IN (SELECT id FROM firm_profile WHERE owner_user_id LIKE 'mock_user_%');

DELETE FROM calendar_subscription WHERE firm_id IN (SELECT id FROM firm_profile WHERE owner_user_id LIKE 'mock_user_%');

DELETE FROM reminder WHERE firm_id IN (SELECT id FROM firm_profile WHERE owner_user_id LIKE 'mock_user_%');

DELETE FROM user_dashboard_visit WHERE firm_id IN (SELECT id FROM firm_profile WHERE owner_user_id LIKE 'mock_user_%');

DELETE FROM in_app_notification WHERE firm_id IN (SELECT id FROM firm_profile WHERE owner_user_id LIKE 'mock_user_%');

DELETE FROM notification_digest_run WHERE firm_id IN (SELECT id FROM firm_profile WHERE owner_user_id LIKE 'mock_user_%');

DELETE FROM email_outbox WHERE firm_id IN (SELECT id FROM firm_profile WHERE owner_user_id LIKE 'mock_user_%');

DELETE FROM notification_preference WHERE firm_id IN (SELECT id FROM firm_profile WHERE owner_user_id LIKE 'mock_user_%');

DELETE FROM dashboard_brief WHERE firm_id IN (SELECT id FROM firm_profile WHERE owner_user_id LIKE 'mock_user_%');

DELETE FROM ai_insight_cache WHERE firm_id IN (SELECT id FROM firm_profile WHERE owner_user_id LIKE 'mock_user_%');

DELETE FROM llm_log WHERE firm_id IN (SELECT id FROM firm_profile WHERE owner_user_id LIKE 'mock_user_%');

DELETE FROM ai_output WHERE firm_id IN (SELECT id FROM firm_profile WHERE owner_user_id LIKE 'mock_user_%');

DELETE FROM audit_evidence_package WHERE firm_id IN (SELECT id FROM firm_profile WHERE owner_user_id LIKE 'mock_user_%');

DELETE FROM evidence_link WHERE firm_id IN (SELECT id FROM firm_profile WHERE owner_user_id LIKE 'mock_user_%');

DELETE FROM audit_event WHERE firm_id IN (SELECT id FROM firm_profile WHERE owner_user_id LIKE 'mock_user_%');

DELETE FROM obligation_saved_view WHERE firm_id IN (SELECT id FROM firm_profile WHERE owner_user_id LIKE 'mock_user_%');

DELETE FROM obligation_exception_application WHERE firm_id IN (SELECT id FROM firm_profile WHERE owner_user_id LIKE 'mock_user_%');

DELETE FROM exception_rule WHERE firm_id IN (SELECT id FROM firm_profile WHERE owner_user_id LIKE 'mock_user_%');

DELETE FROM practice_rule_review_task WHERE firm_id IN (SELECT id FROM firm_profile WHERE owner_user_id LIKE 'mock_user_%');

DELETE FROM practice_rule WHERE firm_id IN (SELECT id FROM firm_profile WHERE owner_user_id LIKE 'mock_user_%');

DELETE FROM rule_review_decision WHERE firm_id IN (SELECT id FROM firm_profile WHERE owner_user_id LIKE 'mock_user_%');

DELETE FROM rule_note WHERE firm_id IN (SELECT id FROM firm_profile WHERE owner_user_id LIKE 'mock_user_%');

DELETE FROM pulse_application WHERE firm_id IN (SELECT id FROM firm_profile WHERE owner_user_id LIKE 'mock_user_%');

DELETE FROM pulse_priority_review WHERE firm_id IN (SELECT id FROM firm_profile WHERE owner_user_id LIKE 'mock_user_%');

DELETE FROM pulse_firm_alert WHERE firm_id IN (SELECT id FROM firm_profile WHERE owner_user_id LIKE 'mock_user_%');

DELETE FROM obligation_readiness_template_item_suppression WHERE firm_id IN (SELECT id FROM firm_profile WHERE owner_user_id LIKE 'mock_user_%');

DELETE FROM obligation_readiness_checklist_item WHERE firm_id IN (SELECT id FROM firm_profile WHERE owner_user_id LIKE 'mock_user_%');

DELETE FROM obligation_review_note WHERE firm_id IN (SELECT id FROM firm_profile WHERE owner_user_id LIKE 'mock_user_%');

DELETE FROM obligation_dependency WHERE firm_id IN (SELECT id FROM firm_profile WHERE owner_user_id LIKE 'mock_user_%');

DELETE FROM obligation_instance WHERE firm_id IN (SELECT id FROM firm_profile WHERE owner_user_id LIKE 'mock_user_%');

DELETE FROM client_filing_profile WHERE firm_id IN (SELECT id FROM firm_profile WHERE owner_user_id LIKE 'mock_user_%');

DELETE FROM client WHERE firm_id IN (SELECT id FROM firm_profile WHERE owner_user_id LIKE 'mock_user_%');

DELETE FROM migration_error WHERE batch_id IN (SELECT id FROM migration_batch WHERE firm_id IN (SELECT id FROM firm_profile WHERE owner_user_id LIKE 'mock_user_%'));

DELETE FROM migration_normalization WHERE batch_id IN (SELECT id FROM migration_batch WHERE firm_id IN (SELECT id FROM firm_profile WHERE owner_user_id LIKE 'mock_user_%'));

DELETE FROM migration_mapping WHERE batch_id IN (SELECT id FROM migration_batch WHERE firm_id IN (SELECT id FROM firm_profile WHERE owner_user_id LIKE 'mock_user_%'));

DELETE FROM migration_batch WHERE firm_id IN (SELECT id FROM firm_profile WHERE owner_user_id LIKE 'mock_user_%');

DELETE FROM reminder_template WHERE firm_id IN (SELECT id FROM firm_profile WHERE owner_user_id LIKE 'mock_user_%');

DELETE FROM subscription WHERE reference_id IN (SELECT id FROM firm_profile WHERE owner_user_id LIKE 'mock_user_%');

DELETE FROM invitation WHERE organization_id IN (SELECT id FROM firm_profile WHERE owner_user_id LIKE 'mock_user_%');

DELETE FROM member WHERE organization_id IN (SELECT id FROM firm_profile WHERE owner_user_id LIKE 'mock_user_%');

DELETE FROM organization WHERE id IN (SELECT id FROM firm_profile WHERE owner_user_id LIKE 'mock_user_%');

DELETE FROM client_email_suppression WHERE firm_id IN ('mock_firm_brightline', 'mock_firm_solo', 'mock_firm_plan_solo', 'mock_firm_plan_pro', 'mock_firm_plan_team');

DELETE FROM client_readiness_response WHERE firm_id IN ('mock_firm_brightline', 'mock_firm_solo', 'mock_firm_plan_solo', 'mock_firm_plan_pro', 'mock_firm_plan_team');

DELETE FROM client_readiness_request WHERE firm_id IN ('mock_firm_brightline', 'mock_firm_solo', 'mock_firm_plan_solo', 'mock_firm_plan_pro', 'mock_firm_plan_team');

DELETE FROM calendar_subscription WHERE firm_id IN ('mock_firm_brightline', 'mock_firm_solo', 'mock_firm_plan_solo', 'mock_firm_plan_pro', 'mock_firm_plan_team');

DELETE FROM reminder WHERE firm_id IN ('mock_firm_brightline', 'mock_firm_solo', 'mock_firm_plan_solo', 'mock_firm_plan_pro', 'mock_firm_plan_team');

DELETE FROM in_app_notification WHERE firm_id IN ('mock_firm_brightline', 'mock_firm_solo', 'mock_firm_plan_solo', 'mock_firm_plan_pro', 'mock_firm_plan_team');

DELETE FROM notification_digest_run WHERE firm_id IN ('mock_firm_brightline', 'mock_firm_solo', 'mock_firm_plan_solo', 'mock_firm_plan_pro', 'mock_firm_plan_team');

DELETE FROM email_outbox WHERE firm_id IN ('mock_firm_brightline', 'mock_firm_solo', 'mock_firm_plan_solo', 'mock_firm_plan_pro', 'mock_firm_plan_team');

DELETE FROM notification_preference WHERE firm_id IN ('mock_firm_brightline', 'mock_firm_solo', 'mock_firm_plan_solo', 'mock_firm_plan_pro', 'mock_firm_plan_team');

DELETE FROM dashboard_brief WHERE firm_id IN ('mock_firm_brightline', 'mock_firm_solo', 'mock_firm_plan_solo', 'mock_firm_plan_pro', 'mock_firm_plan_team');

DELETE FROM ai_insight_cache WHERE firm_id IN ('mock_firm_brightline', 'mock_firm_solo', 'mock_firm_plan_solo', 'mock_firm_plan_pro', 'mock_firm_plan_team');

DELETE FROM llm_log WHERE firm_id IN ('mock_firm_brightline', 'mock_firm_solo', 'mock_firm_plan_solo', 'mock_firm_plan_pro', 'mock_firm_plan_team');

DELETE FROM ai_output WHERE firm_id IN ('mock_firm_brightline', 'mock_firm_solo', 'mock_firm_plan_solo', 'mock_firm_plan_pro', 'mock_firm_plan_team');

DELETE FROM audit_evidence_package WHERE firm_id IN ('mock_firm_brightline', 'mock_firm_solo', 'mock_firm_plan_solo', 'mock_firm_plan_pro', 'mock_firm_plan_team');

DELETE FROM evidence_link WHERE firm_id IN ('mock_firm_brightline', 'mock_firm_solo', 'mock_firm_plan_solo', 'mock_firm_plan_pro', 'mock_firm_plan_team');

DELETE FROM audit_event WHERE firm_id IN ('mock_firm_brightline', 'mock_firm_solo', 'mock_firm_plan_solo', 'mock_firm_plan_pro', 'mock_firm_plan_team');

DELETE FROM obligation_saved_view WHERE firm_id IN ('mock_firm_brightline', 'mock_firm_solo', 'mock_firm_plan_solo', 'mock_firm_plan_pro', 'mock_firm_plan_team');

DELETE FROM obligation_exception_application WHERE firm_id IN ('mock_firm_brightline', 'mock_firm_solo', 'mock_firm_plan_solo', 'mock_firm_plan_pro', 'mock_firm_plan_team');

DELETE FROM exception_rule WHERE firm_id IN ('mock_firm_brightline', 'mock_firm_solo', 'mock_firm_plan_solo', 'mock_firm_plan_pro', 'mock_firm_plan_team');

DELETE FROM practice_rule_review_task WHERE firm_id IN ('mock_firm_brightline', 'mock_firm_solo', 'mock_firm_plan_solo', 'mock_firm_plan_pro', 'mock_firm_plan_team');

DELETE FROM practice_rule WHERE firm_id IN ('mock_firm_brightline', 'mock_firm_solo', 'mock_firm_plan_solo', 'mock_firm_plan_pro', 'mock_firm_plan_team');

DELETE FROM rule_review_decision WHERE firm_id IN ('mock_firm_brightline', 'mock_firm_solo', 'mock_firm_plan_solo', 'mock_firm_plan_pro', 'mock_firm_plan_team');

DELETE FROM rule_note WHERE firm_id IN ('mock_firm_brightline', 'mock_firm_solo', 'mock_firm_plan_solo', 'mock_firm_plan_pro', 'mock_firm_plan_team');

DELETE FROM pulse_application WHERE firm_id IN ('mock_firm_brightline', 'mock_firm_solo', 'mock_firm_plan_solo', 'mock_firm_plan_pro', 'mock_firm_plan_team');

DELETE FROM pulse_priority_review WHERE firm_id IN ('mock_firm_brightline', 'mock_firm_solo', 'mock_firm_plan_solo', 'mock_firm_plan_pro', 'mock_firm_plan_team');

DELETE FROM pulse_firm_alert WHERE firm_id IN ('mock_firm_brightline', 'mock_firm_solo', 'mock_firm_plan_solo', 'mock_firm_plan_pro', 'mock_firm_plan_team');

DELETE FROM pulse_source_snapshot WHERE id LIKE 'mock_%';

DELETE FROM pulse
WHERE id LIKE 'mock_%'
  OR id LIKE '40000000-0000-4000-8000-%';

DELETE FROM obligation_readiness_template_item_suppression WHERE firm_id IN ('mock_firm_brightline', 'mock_firm_solo', 'mock_firm_plan_solo', 'mock_firm_plan_pro', 'mock_firm_plan_team');

DELETE FROM obligation_readiness_checklist_item WHERE firm_id IN ('mock_firm_brightline', 'mock_firm_solo', 'mock_firm_plan_solo', 'mock_firm_plan_pro', 'mock_firm_plan_team');

DELETE FROM obligation_review_note WHERE firm_id IN ('mock_firm_brightline', 'mock_firm_solo', 'mock_firm_plan_solo', 'mock_firm_plan_pro', 'mock_firm_plan_team');

DELETE FROM obligation_dependency WHERE firm_id IN ('mock_firm_brightline', 'mock_firm_solo', 'mock_firm_plan_solo', 'mock_firm_plan_pro', 'mock_firm_plan_team');

DELETE FROM obligation_instance WHERE firm_id IN ('mock_firm_brightline', 'mock_firm_solo', 'mock_firm_plan_solo', 'mock_firm_plan_pro', 'mock_firm_plan_team');

DELETE FROM client_filing_profile WHERE firm_id IN ('mock_firm_brightline', 'mock_firm_solo', 'mock_firm_plan_solo', 'mock_firm_plan_pro', 'mock_firm_plan_team');

DELETE FROM client WHERE firm_id IN ('mock_firm_brightline', 'mock_firm_solo', 'mock_firm_plan_solo', 'mock_firm_plan_pro', 'mock_firm_plan_team');

DELETE FROM migration_error
WHERE batch_id LIKE 'mock_migration_%'
  OR batch_id IN (SELECT id FROM migration_batch WHERE firm_id IN ('mock_firm_brightline', 'mock_firm_solo', 'mock_firm_plan_solo', 'mock_firm_plan_pro', 'mock_firm_plan_team'));

DELETE FROM migration_normalization
WHERE batch_id LIKE 'mock_migration_%'
  OR batch_id IN (SELECT id FROM migration_batch WHERE firm_id IN ('mock_firm_brightline', 'mock_firm_solo', 'mock_firm_plan_solo', 'mock_firm_plan_pro', 'mock_firm_plan_team'));

DELETE FROM migration_mapping
WHERE batch_id LIKE 'mock_migration_%'
  OR batch_id IN (SELECT id FROM migration_batch WHERE firm_id IN ('mock_firm_brightline', 'mock_firm_solo', 'mock_firm_plan_solo', 'mock_firm_plan_pro', 'mock_firm_plan_team'));

DELETE FROM migration_batch WHERE firm_id IN ('mock_firm_brightline', 'mock_firm_solo', 'mock_firm_plan_solo', 'mock_firm_plan_pro', 'mock_firm_plan_team');

DELETE FROM subscription WHERE reference_id IN ('mock_firm_brightline', 'mock_firm_solo', 'mock_firm_plan_solo', 'mock_firm_plan_pro', 'mock_firm_plan_team');

DELETE FROM invitation WHERE organization_id IN ('mock_firm_brightline', 'mock_firm_solo', 'mock_firm_plan_solo', 'mock_firm_plan_pro', 'mock_firm_plan_team');

DELETE FROM member WHERE organization_id IN ('mock_firm_brightline', 'mock_firm_solo', 'mock_firm_plan_solo', 'mock_firm_plan_pro', 'mock_firm_plan_team');

DELETE FROM session WHERE user_id IN (
  'mock_user_owner_sarah',
  'mock_user_manager_miguel',
  'mock_user_partner_priya',
  'mock_user_preparer_avery',
  'mock_user_coordinator_jules',
  'mock_user_plan_solo',
  'mock_user_plan_pro',
  'mock_user_plan_pro_preparer',
  'mock_user_plan_team',
  'mock_user_plan_team_manager',
  'mock_user_plan_team_preparer',
  'mock_user_plan_team_coordinator'
);

DELETE FROM account WHERE user_id IN (
  'mock_user_owner_sarah',
  'mock_user_manager_miguel',
  'mock_user_partner_priya',
  'mock_user_preparer_avery',
  'mock_user_coordinator_jules',
  'mock_user_plan_solo',
  'mock_user_plan_pro',
  'mock_user_plan_pro_preparer',
  'mock_user_plan_team',
  'mock_user_plan_team_manager',
  'mock_user_plan_team_preparer',
  'mock_user_plan_team_coordinator'
);

DELETE FROM firm_profile WHERE id IN ('mock_firm_brightline', 'mock_firm_solo', 'mock_firm_plan_solo', 'mock_firm_plan_pro', 'mock_firm_plan_team');

DELETE FROM organization WHERE id IN ('mock_firm_brightline', 'mock_firm_solo', 'mock_firm_plan_solo', 'mock_firm_plan_pro', 'mock_firm_plan_team');

DELETE FROM user WHERE id IN (
  'mock_user_owner_sarah',
  'mock_user_manager_miguel',
  'mock_user_partner_priya',
  'mock_user_preparer_avery',
  'mock_user_coordinator_jules',
  'mock_user_plan_solo',
  'mock_user_plan_pro',
  'mock_user_plan_pro_preparer',
  'mock_user_plan_team',
  'mock_user_plan_team_manager',
  'mock_user_plan_team_preparer',
  'mock_user_plan_team_coordinator'
);

INSERT INTO user (id, name, email, email_verified, image, created_at, updated_at)
VALUES
  ('mock_user_owner_sarah', 'Sarah Martinez', 'sarah.demo@duedatehq.test', 1, NULL, CAST(unixepoch('2026-05-01 08:00:00') * 1000 AS INTEGER), CAST(unixepoch('2026-05-01 08:00:00') * 1000 AS INTEGER)),
  ('mock_user_manager_miguel', 'Miguel Chen', 'miguel.manager@duedatehq.test', 1, NULL, CAST(unixepoch('2026-05-01 08:01:00') * 1000 AS INTEGER), CAST(unixepoch('2026-05-01 08:01:00') * 1000 AS INTEGER)),
  ('mock_user_partner_priya', 'Priya Shah', 'priya.partner@duedatehq.test', 1, NULL, CAST(unixepoch('2026-05-01 08:01:30') * 1000 AS INTEGER), CAST(unixepoch('2026-05-01 08:01:30') * 1000 AS INTEGER)),
  ('mock_user_preparer_avery', 'Avery Patel', 'avery.preparer@duedatehq.test', 1, NULL, CAST(unixepoch('2026-05-01 08:02:00') * 1000 AS INTEGER), CAST(unixepoch('2026-05-01 08:02:00') * 1000 AS INTEGER)),
  ('mock_user_coordinator_jules', 'Jules Rivera', 'jules.coordinator@duedatehq.test', 1, NULL, CAST(unixepoch('2026-05-01 08:03:00') * 1000 AS INTEGER), CAST(unixepoch('2026-05-01 08:03:00') * 1000 AS INTEGER)),
  ('mock_user_plan_solo', 'Sofia Solo', 'sofia.solo@duedatehq.test', 1, NULL, CAST(unixepoch('2026-05-01 08:04:00') * 1000 AS INTEGER), CAST(unixepoch('2026-05-01 08:04:00') * 1000 AS INTEGER)),
  ('mock_user_plan_pro', 'Priya Pro', 'priya.pro@duedatehq.test', 1, NULL, CAST(unixepoch('2026-05-01 08:05:00') * 1000 AS INTEGER), CAST(unixepoch('2026-05-01 08:05:00') * 1000 AS INTEGER)),
  ('mock_user_plan_team', 'Taylor Team', 'taylor.team@duedatehq.test', 1, NULL, CAST(unixepoch('2026-05-01 08:06:00') * 1000 AS INTEGER), CAST(unixepoch('2026-05-01 08:06:00') * 1000 AS INTEGER));

INSERT INTO organization (id, name, slug, logo, stripe_customer_id, created_at, metadata)
VALUES
  ('mock_firm_brightline', 'Brightline Demo CPA', 'brightline-demo-cpa', NULL, 'cus_mock_brightline', CAST(unixepoch('2026-05-01 08:05:00') * 1000 AS INTEGER), NULL),
  ('mock_firm_solo', 'Archive Solo Practice', 'archive-solo-practice', NULL, NULL, CAST(unixepoch('2026-05-01 08:06:00') * 1000 AS INTEGER), NULL),
  ('mock_firm_plan_solo', 'Solo Plan Demo CPA', 'solo-plan-demo-cpa', NULL, 'cus_mock_plan_solo', CAST(unixepoch('2026-05-01 08:07:00') * 1000 AS INTEGER), NULL),
  ('mock_firm_plan_pro', 'Pro Plan Demo CPA', 'pro-plan-demo-cpa', NULL, 'cus_mock_plan_pro', CAST(unixepoch('2026-05-01 08:08:00') * 1000 AS INTEGER), NULL),
  ('mock_firm_plan_team', 'Team Plan Demo CPA', 'team-plan-demo-cpa', NULL, 'cus_mock_plan_team', CAST(unixepoch('2026-05-01 08:09:00') * 1000 AS INTEGER), NULL);

INSERT INTO member (id, organization_id, user_id, role, created_at, status)
VALUES
  ('mock_member_owner_sarah', 'mock_firm_brightline', 'mock_user_owner_sarah', 'owner', CAST(unixepoch('2026-05-01 08:10:00') * 1000 AS INTEGER), 'active'),
  ('mock_member_manager_miguel', 'mock_firm_brightline', 'mock_user_manager_miguel', 'manager', CAST(unixepoch('2026-05-01 08:11:00') * 1000 AS INTEGER), 'active'),
  ('mock_member_partner_priya', 'mock_firm_brightline', 'mock_user_partner_priya', 'partner', CAST(unixepoch('2026-05-01 08:11:30') * 1000 AS INTEGER), 'active'),
  ('mock_member_preparer_avery', 'mock_firm_brightline', 'mock_user_preparer_avery', 'preparer', CAST(unixepoch('2026-05-01 08:12:00') * 1000 AS INTEGER), 'active'),
  ('mock_member_coordinator_jules', 'mock_firm_brightline', 'mock_user_coordinator_jules', 'coordinator', CAST(unixepoch('2026-05-01 08:13:00') * 1000 AS INTEGER), 'active'),
  ('mock_member_solo_sarah', 'mock_firm_solo', 'mock_user_owner_sarah', 'owner', CAST(unixepoch('2026-05-01 08:14:00') * 1000 AS INTEGER), 'active'),
  ('mock_member_plan_solo', 'mock_firm_plan_solo', 'mock_user_plan_solo', 'owner', CAST(unixepoch('2026-05-01 08:15:00') * 1000 AS INTEGER), 'active'),
  ('mock_member_plan_pro', 'mock_firm_plan_pro', 'mock_user_plan_pro', 'owner', CAST(unixepoch('2026-05-01 08:16:00') * 1000 AS INTEGER), 'active'),
  ('mock_member_plan_team', 'mock_firm_plan_team', 'mock_user_plan_team', 'owner', CAST(unixepoch('2026-05-01 08:17:00') * 1000 AS INTEGER), 'active');

INSERT INTO firm_profile
  (id, name, plan, seat_limit, timezone, owner_user_id, status, billing_customer_id, billing_subscription_id, coordinator_can_see_dollars, created_at, updated_at, deleted_at)
VALUES
  ('mock_firm_brightline', 'Brightline Demo CPA', 'pro', 5, 'America/Los_Angeles', 'mock_user_owner_sarah', 'active', 'cus_mock_brightline', 'sub_mock_brightline_pro', 0, CAST(unixepoch('2026-05-01 08:05:00') * 1000 AS INTEGER), CAST(unixepoch('2026-05-01 08:20:00') * 1000 AS INTEGER), NULL),
  ('mock_firm_solo', 'Archive Solo Practice', 'solo', 1, 'America/New_York', 'mock_user_owner_sarah', 'active', NULL, NULL, 0, CAST(unixepoch('2026-05-01 08:06:00') * 1000 AS INTEGER), CAST(unixepoch('2026-05-01 08:21:00') * 1000 AS INTEGER), NULL),
  ('mock_firm_plan_solo', 'Solo Plan Demo CPA', 'solo', 1, 'America/New_York', 'mock_user_plan_solo', 'active', 'cus_mock_plan_solo', 'sub_mock_plan_solo', 0, CAST(unixepoch('2026-05-01 08:07:00') * 1000 AS INTEGER), CAST(unixepoch('2026-05-01 08:22:00') * 1000 AS INTEGER), NULL),
  ('mock_firm_plan_pro', 'Pro Plan Demo CPA', 'pro', 3, 'America/Chicago', 'mock_user_plan_pro', 'active', 'cus_mock_plan_pro', 'sub_mock_plan_pro', 0, CAST(unixepoch('2026-05-01 08:08:00') * 1000 AS INTEGER), CAST(unixepoch('2026-05-01 08:23:00') * 1000 AS INTEGER), NULL),
  ('mock_firm_plan_team', 'Team Plan Demo CPA', 'team', 10, 'America/Los_Angeles', 'mock_user_plan_team', 'active', 'cus_mock_plan_team', 'sub_mock_plan_team', 1, CAST(unixepoch('2026-05-01 08:09:00') * 1000 AS INTEGER), CAST(unixepoch('2026-05-01 08:24:00') * 1000 AS INTEGER), NULL);

INSERT INTO invitation (id, organization_id, email, role, status, expires_at, created_at, inviter_id)
VALUES
  ('mock_invitation_pending_team_lead', 'mock_firm_brightline', 'team.lead@duedatehq.test', 'manager', 'pending', CAST(unixepoch('2026-05-08 12:00:00') * 1000 AS INTEGER), CAST(unixepoch('2026-05-01 09:05:00') * 1000 AS INTEGER), 'mock_user_owner_sarah'),
  ('mock_invitation_pending_bookkeeper', 'mock_firm_brightline', 'bookkeeper@duedatehq.test', 'coordinator', 'pending', CAST(unixepoch('2026-05-08 12:00:00') * 1000 AS INTEGER), CAST(unixepoch('2026-05-01 09:10:00') * 1000 AS INTEGER), 'mock_user_owner_sarah');

INSERT INTO subscription
  (id, plan, reference_id, stripe_customer_id, stripe_subscription_id, status, period_start, period_end, trial_start, trial_end, cancel_at_period_end, cancel_at, canceled_at, ended_at, seats, billing_interval, stripe_schedule_id, created_at, updated_at)
VALUES
  ('mock_subscription_brightline_pro', 'pro', 'mock_firm_brightline', 'cus_mock_brightline', 'sub_mock_brightline_pro', 'active', CAST(unixepoch('2026-05-01 00:00:00') * 1000 AS INTEGER), CAST(unixepoch('2026-06-01 00:00:00') * 1000 AS INTEGER), NULL, NULL, 0, NULL, NULL, NULL, 5, 'month', NULL, CAST(unixepoch('2026-05-01 08:30:00') * 1000 AS INTEGER), CAST(unixepoch('2026-05-01 08:30:00') * 1000 AS INTEGER)),
  ('mock_subscription_plan_solo', 'solo', 'mock_firm_plan_solo', 'cus_mock_plan_solo', 'sub_mock_plan_solo', 'active', CAST(unixepoch('2026-05-01 00:00:00') * 1000 AS INTEGER), CAST(unixepoch('2026-06-01 00:00:00') * 1000 AS INTEGER), NULL, NULL, 0, NULL, NULL, NULL, 1, 'month', NULL, CAST(unixepoch('2026-05-01 08:31:00') * 1000 AS INTEGER), CAST(unixepoch('2026-05-01 08:31:00') * 1000 AS INTEGER)),
  ('mock_subscription_plan_pro', 'pro', 'mock_firm_plan_pro', 'cus_mock_plan_pro', 'sub_mock_plan_pro', 'active', CAST(unixepoch('2026-05-01 00:00:00') * 1000 AS INTEGER), CAST(unixepoch('2026-06-01 00:00:00') * 1000 AS INTEGER), NULL, NULL, 0, NULL, NULL, NULL, 3, 'month', NULL, CAST(unixepoch('2026-05-01 08:32:00') * 1000 AS INTEGER), CAST(unixepoch('2026-05-01 08:32:00') * 1000 AS INTEGER)),
  ('mock_subscription_plan_team', 'team', 'mock_firm_plan_team', 'cus_mock_plan_team', 'sub_mock_plan_team', 'active', CAST(unixepoch('2026-05-01 00:00:00') * 1000 AS INTEGER), CAST(unixepoch('2026-06-01 00:00:00') * 1000 AS INTEGER), NULL, NULL, 0, NULL, NULL, NULL, 10, 'month', NULL, CAST(unixepoch('2026-05-01 08:33:00') * 1000 AS INTEGER), CAST(unixepoch('2026-05-01 08:33:00') * 1000 AS INTEGER));

INSERT INTO rule_review_decision
  (id, firm_id, rule_id, base_version, status, rule_json, review_note, reviewed_by, reviewed_at, created_at, updated_at)
VALUES
  ('69000000-0000-4000-8000-000000000001', 'mock_firm_brightline', 'fed.1120s.return.2026', 1, 'verified', '{"id":"fed.1120s.return.2026","title":"Federal Form 1120-S return for S corporations","jurisdiction":"FED","entityApplicability":["s_corp"],"taxType":"federal_1120s","formName":"Form 1120-S","eventType":"filing","isFiling":true,"isPayment":false,"taxYear":2026,"applicableYear":2027,"ruleTier":"basic","status":"verified","coverageStatus":"full","riskLevel":"med","requiresApplicabilityReview":false,"dueDateLogic":{"kind":"nth_day_after_tax_year_end","monthOffset":3,"day":15,"holidayRollover":"next_business_day"},"extensionPolicy":{"available":true,"formName":"Form 7004","durationMonths":6,"paymentExtended":false,"notes":"Extension applies to filing; any tax due should be paid by the original return due date."},"sourceIds":["fed.irs_pub_509_2026","fed.irs_i1120s_2025","fed.irs_i7004_2025"],"evidence":[{"sourceId":"fed.irs_i1120s_2025","authorityRole":"basis","locator":{"kind":"html","heading":"When To File"},"summary":"Form 1120-S instructions provide the form-specific S corporation filing deadline.","sourceExcerpt":"Due on the 15th day of the 3rd month after tax year end.","retrievedAt":"2026-05-04"}],"defaultTip":"Demo rollover rule for tax year 2026 S corporation returns due in filing year 2027.","quality":{"filingPaymentDistinguished":true,"extensionHandled":true,"calendarFiscalSpecified":true,"holidayRolloverHandled":true,"crossVerified":true,"exceptionChannel":true},"verifiedBy":"practice.template_seed","verifiedAt":"2026-05-04","nextReviewOn":"2026-12-01","version":1}', 'Demo seed for Annual rollover 2026 to 2027 preview.', 'mock_user_manager_miguel', CAST(unixepoch('2026-05-04 10:00:00') * 1000 AS INTEGER), CAST(unixepoch('2026-05-04 10:00:00') * 1000 AS INTEGER), CAST(unixepoch('2026-05-04 10:00:00') * 1000 AS INTEGER)),
  ('69000000-0000-4000-8000-000000000002', 'mock_firm_brightline', 'fed.1065.return.2026', 1, 'verified', '{"id":"fed.1065.return.2026","title":"Federal Form 1065 return for partnerships","jurisdiction":"FED","entityApplicability":["partnership","llc"],"taxType":"federal_1065","formName":"Form 1065","eventType":"filing","isFiling":true,"isPayment":false,"taxYear":2026,"applicableYear":2027,"ruleTier":"applicability_review","status":"verified","coverageStatus":"manual","riskLevel":"med","requiresApplicabilityReview":true,"dueDateLogic":{"kind":"nth_day_after_tax_year_end","monthOffset":3,"day":15,"holidayRollover":"next_business_day"},"extensionPolicy":{"available":true,"formName":"Form 7004","durationMonths":6,"paymentExtended":false,"notes":"Form 7004 extends filing time only; payment obligations must be reviewed separately."},"sourceIds":["fed.irs_pub_509_2026","fed.irs_i1065_2025","fed.irs_i7004_2025"],"evidence":[{"sourceId":"fed.irs_i1065_2025","authorityRole":"basis","locator":{"kind":"html","heading":"When To File"},"summary":"Form 1065 instructions provide the form-specific partnership filing deadline.","sourceExcerpt":"Due on the 15th day of the 3rd month after tax year end.","retrievedAt":"2026-05-04"}],"defaultTip":"Demo rollover rule for tax year 2026 partnership returns due in filing year 2027.","quality":{"filingPaymentDistinguished":true,"extensionHandled":true,"calendarFiscalSpecified":true,"holidayRolloverHandled":true,"crossVerified":true,"exceptionChannel":true},"verifiedBy":"practice.template_seed","verifiedAt":"2026-05-04","nextReviewOn":"2026-12-01","version":1}', 'Demo seed for Annual rollover review-state generation.', 'mock_user_manager_miguel', CAST(unixepoch('2026-05-04 10:01:00') * 1000 AS INTEGER), CAST(unixepoch('2026-05-04 10:01:00') * 1000 AS INTEGER), CAST(unixepoch('2026-05-04 10:01:00') * 1000 AS INTEGER)),
  ('69000000-0000-4000-8000-000000000003', 'mock_firm_brightline', 'fed.1041.return.2026', 1, 'verified', '{"id":"fed.1041.return.2026","title":"Federal Form 1041 return for trusts and estates","jurisdiction":"FED","entityApplicability":["trust"],"taxType":"federal_1041","formName":"Form 1041","eventType":"filing","isFiling":true,"isPayment":false,"taxYear":2026,"applicableYear":2027,"ruleTier":"basic","status":"verified","coverageStatus":"full","riskLevel":"med","requiresApplicabilityReview":false,"dueDateLogic":{"kind":"nth_day_after_tax_year_end","monthOffset":4,"day":15,"holidayRollover":"next_business_day"},"extensionPolicy":{"available":true,"formName":"Form 7004","durationMonths":5,"paymentExtended":false,"notes":"Extension applies to filing time only; payment timing should be reviewed separately."},"sourceIds":["fed.irs_pub_509_2026","fed.irs_i7004_2025"],"evidence":[{"sourceId":"fed.irs_pub_509_2026","authorityRole":"basis","locator":{"kind":"html","heading":"Estates and trusts"},"summary":"Publication 509 provides federal filing calendar context for trust and estate returns.","sourceExcerpt":"Trust and estate returns use the 15th day of the 4th month after tax year end.","retrievedAt":"2026-05-04"}],"defaultTip":"Demo rollover rule for tax year 2026 trust returns due in filing year 2027.","quality":{"filingPaymentDistinguished":true,"extensionHandled":true,"calendarFiscalSpecified":true,"holidayRolloverHandled":true,"crossVerified":true,"exceptionChannel":true},"verifiedBy":"practice.template_seed","verifiedAt":"2026-05-04","nextReviewOn":"2026-12-01","version":1}', 'Demo seed for Annual rollover trust coverage.', 'mock_user_manager_miguel', CAST(unixepoch('2026-05-04 10:02:00') * 1000 AS INTEGER), CAST(unixepoch('2026-05-04 10:02:00') * 1000 AS INTEGER), CAST(unixepoch('2026-05-04 10:02:00') * 1000 AS INTEGER));

INSERT INTO practice_rule
  (id, firm_id, rule_id, template_id, template_version, status, rule_json, review_note, reviewed_by, reviewed_at, created_at, updated_at)
SELECT
  CASE rule_id
    WHEN 'fed.1120s.return.2026' THEN '69010000-0000-4000-8000-000000000001'
    WHEN 'fed.1065.return.2026' THEN '69010000-0000-4000-8000-000000000002'
    WHEN 'fed.1041.return.2026' THEN '69010000-0000-4000-8000-000000000003'
    ELSE lower(hex(randomblob(16)))
  END,
  firm_id,
  rule_id,
  NULL,
  base_version,
  CASE status WHEN 'verified' THEN 'active' ELSE 'rejected' END,
  CASE status WHEN 'verified' THEN rule_json ELSE NULL END,
  review_note,
  reviewed_by,
  reviewed_at,
  created_at,
  updated_at
FROM rule_review_decision
WHERE firm_id IN ('mock_firm_brightline', 'mock_firm_solo', 'mock_firm_plan_solo', 'mock_firm_plan_pro', 'mock_firm_plan_team');

INSERT INTO practice_rule_review_task
  (id, firm_id, rule_id, template_version, status, reason, review_note, reviewed_by, reviewed_at, created_at, updated_at)
SELECT
  CASE rule_id
    WHEN 'fed.1120s.return.2026' THEN '69020000-0000-4000-8000-000000000001'
    WHEN 'fed.1065.return.2026' THEN '69020000-0000-4000-8000-000000000002'
    WHEN 'fed.1041.return.2026' THEN '69020000-0000-4000-8000-000000000003'
    ELSE lower(hex(randomblob(16)))
  END,
  firm_id,
  rule_id,
  base_version,
  CASE status WHEN 'verified' THEN 'accepted' ELSE 'rejected' END,
  'new_template',
  review_note,
  reviewed_by,
  reviewed_at,
  created_at,
  updated_at
FROM rule_review_decision
WHERE firm_id IN ('mock_firm_brightline', 'mock_firm_solo', 'mock_firm_plan_solo', 'mock_firm_plan_pro', 'mock_firm_plan_team');

INSERT INTO practice_rule
  (id, firm_id, rule_id, template_id, template_version, status, rule_json, review_note, reviewed_by, reviewed_at, created_at, updated_at)
VALUES
  ('69011111-0000-4000-8000-0000000000cb', 'mock_firm_brightline', 'ca.individual_estimated_tax.candidate.2026', NULL, 1, 'pending_review', '{"id":"ca.individual_estimated_tax.candidate.2026","title":"California individual estimated tax payment schedule","jurisdiction":"CA","entityApplicability":["individual","sole_prop"],"taxType":"ca_state_individual_estimated_tax","formName":"State individual estimated tax","eventType":"payment","isFiling":false,"isPayment":true,"taxYear":2025,"applicableYear":2026,"ruleTier":"applicability_review","status":"pending_review","coverageStatus":"manual","riskLevel":"med","requiresApplicabilityReview":true,"dueDateLogic":{"kind":"fixed_date","date":"2026-04-15","description":"California first-quarter individual estimated tax payment is due April 15, 2026, matching the federal individual due date; rolls to the next business day when the 15th falls on a weekend or holiday.","holidayRollover":"next_business_day"},"extensionPolicy":{"available":false,"paymentExtended":false,"notes":"Estimated tax payments are not extendable; an extension to file does not extend the time to pay."},"sourceIds":["ca.income_tax","irs.individual_filing"],"evidence":[{"sourceId":"ca.income_tax","authorityRole":"primary","locator":{"kind":"html","heading":"Estimated tax payment schedule (Form 540-ES)"},"summary":"FTB Form 540-ES installment schedule: Q1 due April 15, with weekend/holiday rollover to the next business day.","sourceExcerpt":"Your first estimated tax payment for tax year 2026 is due April 15, 2026. If the due date falls on a weekend or legal holiday, use the next business day.","retrievedAt":"2026-06-01","sourceUpdatedOn":"2026-05-28"},{"sourceId":"irs.individual_filing","authorityRole":"cross_reference","locator":{"kind":"html","heading":"Important dates for individuals"},"summary":"Federal individual due date confirms the April 15 anchor and next-business-day rollover that California mirrors for its Q1 installment.","sourceExcerpt":"The April 15 deadline for individuals shifts to the next business day when it falls on a Saturday, Sunday, or legal holiday.","retrievedAt":"2026-06-01","sourceUpdatedOn":"2026-05-20"}],"defaultTip":"California Q1 estimated tax is due April 15, 2026 (next business day on weekend/holiday). Confirm the installment split and the no-tax safe harbor for low-liability clients.","quality":{"filingPaymentDistinguished":true,"extensionHandled":true,"calendarFiscalSpecified":true,"holidayRolloverHandled":true,"crossVerified":true,"exceptionChannel":true},"verifiedBy":"practice.owner_or_manager_required","verifiedAt":"2026-04-27","nextReviewOn":"2026-11-15","version":1}', NULL, NULL, NULL, CAST(unixepoch('2026-06-02 09:00:00') * 1000 AS INTEGER), CAST(unixepoch('2026-06-02 09:00:00') * 1000 AS INTEGER));

INSERT INTO practice_rule_review_task
  (id, firm_id, rule_id, template_version, status, reason, review_note, reviewed_by, reviewed_at, created_at, updated_at)
VALUES
  ('69021111-0000-4000-8000-0000000000cb', 'mock_firm_brightline', 'ca.individual_estimated_tax.candidate.2026', 1, 'open', 'new_template', NULL, NULL, NULL, CAST(unixepoch('2026-06-02 09:00:00') * 1000 AS INTEGER), CAST(unixepoch('2026-06-02 09:00:00') * 1000 AS INTEGER));

INSERT INTO user (id, name, email, email_verified, image, created_at, updated_at)
VALUES
  ('mock_user_plan_pro_preparer', 'Nora Pro', 'nora.pro@duedatehq.test', 1, NULL, CAST(unixepoch('2026-05-01 08:18:00') * 1000 AS INTEGER), CAST(unixepoch('2026-05-01 08:18:00') * 1000 AS INTEGER)),
  ('mock_user_plan_team_manager', 'Morgan Team', 'morgan.team@duedatehq.test', 1, NULL, CAST(unixepoch('2026-05-01 08:19:00') * 1000 AS INTEGER), CAST(unixepoch('2026-05-01 08:19:00') * 1000 AS INTEGER)),
  ('mock_user_plan_team_preparer', 'Casey Team', 'casey.team@duedatehq.test', 1, NULL, CAST(unixepoch('2026-05-01 08:20:00') * 1000 AS INTEGER), CAST(unixepoch('2026-05-01 08:20:00') * 1000 AS INTEGER)),
  ('mock_user_plan_team_coordinator', 'Jordan Team', 'jordan.team@duedatehq.test', 1, NULL, CAST(unixepoch('2026-05-01 08:21:00') * 1000 AS INTEGER), CAST(unixepoch('2026-05-01 08:21:00') * 1000 AS INTEGER));

INSERT INTO member (id, organization_id, user_id, role, created_at, status)
VALUES
  ('mock_member_plan_pro_preparer', 'mock_firm_plan_pro', 'mock_user_plan_pro_preparer', 'preparer', CAST(unixepoch('2026-05-01 08:24:00') * 1000 AS INTEGER), 'active'),
  ('mock_member_plan_team_manager', 'mock_firm_plan_team', 'mock_user_plan_team_manager', 'manager', CAST(unixepoch('2026-05-01 08:25:00') * 1000 AS INTEGER), 'active'),
  ('mock_member_plan_team_preparer', 'mock_firm_plan_team', 'mock_user_plan_team_preparer', 'preparer', CAST(unixepoch('2026-05-01 08:26:00') * 1000 AS INTEGER), 'active'),
  ('mock_member_plan_team_coordinator', 'mock_firm_plan_team', 'mock_user_plan_team_coordinator', 'coordinator', CAST(unixepoch('2026-05-01 08:27:00') * 1000 AS INTEGER), 'active');

INSERT INTO invitation (id, organization_id, email, role, status, expires_at, created_at, inviter_id)
VALUES
  ('mock_invitation_plan_pro_bookkeeper', 'mock_firm_plan_pro', 'bookkeeper.pro@duedatehq.test', 'coordinator', 'pending', CAST(unixepoch('2026-05-10 12:00:00') * 1000 AS INTEGER), CAST(unixepoch('2026-05-01 09:12:00') * 1000 AS INTEGER), 'mock_user_plan_pro'),
  ('mock_invitation_plan_team_manager', 'mock_firm_plan_team', 'team.manager@duedatehq.test', 'manager', 'pending', CAST(unixepoch('2026-05-10 12:00:00') * 1000 AS INTEGER), CAST(unixepoch('2026-05-01 09:13:00') * 1000 AS INTEGER), 'mock_user_plan_team');

-- ====================================================================
-- GENERATED BUSINESS DATA (packages/db/seed/generate-demo.ts)
-- Comprehensive coverage: every demo firm has clients spanning all
-- entity types + jurisdictions, and obligations covering every tax
-- type, status, extension/e-file/prep/review/payment sub-state, a
-- blocked-by dependency, penalties, and due dates across overdue /
-- today / this-week / this-month / future. "Today" = 2026-06-02.
-- ====================================================================

UPDATE firm_profile SET monitoring_start_date = '2026-01-01'
WHERE id LIKE 'mock_firm_%' AND monitoring_start_date IS NULL;

INSERT INTO migration_batch
  (id, firm_id, user_id, source, raw_input_file_name, raw_input_content_type, raw_input_size_bytes, mapping_json, preset_used, row_count, success_count, skipped_count, ai_global_confidence, status, applied_at, revert_expires_at, created_at, updated_at)
VALUES
  ('30000000-0000-4000-8000-000000000001', 'mock_firm_brightline', 'mock_user_owner_sarah', 'preset_karbon', 'karbon-import.csv', 'text/csv', 1884, '{"rawInput":{"kind":"csv","headers":["Client","EIN","State","Entity","Tax types"],"rowCount":10,"truncated":false},"mapperFallback":"preset"}', 'karbon', 10, 10, 0, 0.96, 'applied', CAST(unixepoch('2026-05-18 09:20:00') * 1000 AS INTEGER), CAST(unixepoch('2026-05-19 09:20:00') * 1000 AS INTEGER), CAST(unixepoch('2026-05-18 09:00:00') * 1000 AS INTEGER), CAST(unixepoch('2026-05-18 09:20:00') * 1000 AS INTEGER)),
  ('30000000-0000-4000-8000-000000000101', 'mock_firm_solo', 'mock_user_owner_sarah', 'preset_karbon', 'karbon-import.csv', 'text/csv', 1884, '{"rawInput":{"kind":"csv","headers":["Client","EIN","State","Entity","Tax types"],"rowCount":10,"truncated":false},"mapperFallback":"preset"}', 'karbon', 10, 10, 0, 0.96, 'applied', CAST(unixepoch('2026-05-18 09:20:00') * 1000 AS INTEGER), CAST(unixepoch('2026-05-19 09:20:00') * 1000 AS INTEGER), CAST(unixepoch('2026-05-18 09:00:00') * 1000 AS INTEGER), CAST(unixepoch('2026-05-18 09:20:00') * 1000 AS INTEGER)),
  ('30000000-0000-4000-8000-000000000201', 'mock_firm_plan_solo', 'mock_user_plan_solo', 'preset_karbon', 'karbon-import.csv', 'text/csv', 1884, '{"rawInput":{"kind":"csv","headers":["Client","EIN","State","Entity","Tax types"],"rowCount":10,"truncated":false},"mapperFallback":"preset"}', 'karbon', 10, 10, 0, 0.96, 'applied', CAST(unixepoch('2026-05-18 09:20:00') * 1000 AS INTEGER), CAST(unixepoch('2026-05-19 09:20:00') * 1000 AS INTEGER), CAST(unixepoch('2026-05-18 09:00:00') * 1000 AS INTEGER), CAST(unixepoch('2026-05-18 09:20:00') * 1000 AS INTEGER)),
  ('30000000-0000-4000-8000-000000000301', 'mock_firm_plan_pro', 'mock_user_plan_pro', 'preset_karbon', 'karbon-import.csv', 'text/csv', 1884, '{"rawInput":{"kind":"csv","headers":["Client","EIN","State","Entity","Tax types"],"rowCount":10,"truncated":false},"mapperFallback":"preset"}', 'karbon', 10, 10, 0, 0.96, 'applied', CAST(unixepoch('2026-05-18 09:20:00') * 1000 AS INTEGER), CAST(unixepoch('2026-05-19 09:20:00') * 1000 AS INTEGER), CAST(unixepoch('2026-05-18 09:00:00') * 1000 AS INTEGER), CAST(unixepoch('2026-05-18 09:20:00') * 1000 AS INTEGER)),
  ('30000000-0000-4000-8000-000000000401', 'mock_firm_plan_team', 'mock_user_plan_team', 'preset_karbon', 'karbon-import.csv', 'text/csv', 1884, '{"rawInput":{"kind":"csv","headers":["Client","EIN","State","Entity","Tax types"],"rowCount":10,"truncated":false},"mapperFallback":"preset"}', 'karbon', 10, 10, 0, 0.96, 'applied', CAST(unixepoch('2026-05-18 09:20:00') * 1000 AS INTEGER), CAST(unixepoch('2026-05-19 09:20:00') * 1000 AS INTEGER), CAST(unixepoch('2026-05-18 09:00:00') * 1000 AS INTEGER), CAST(unixepoch('2026-05-18 09:20:00') * 1000 AS INTEGER));

INSERT INTO client
  (id, firm_id, name, ein, state, county, entity_type, email, notes, assignee_id, assignee_name, importance_weight, late_filing_count_last_12mo, estimated_tax_liability_cents, estimated_tax_liability_source, equity_owner_count, has_payroll, has_sales_tax, has_1099_vendors, has_k1_activity, has_foreign_accounts, migration_batch_id, created_at, updated_at)
VALUES
  ('10000000-0000-4000-8000-000000000001', 'mock_firm_brightline', 'Avery Individual', NULL, 'CA', 'Los Angeles', 'individual', 'contact@averyindividual.test', 'Demo individual client.', 'mock_user_manager_miguel', 'Miguel Chen', 2, 1, 3200000, 'demo_seed', 1, 0, 0, 0, 0, 0, '30000000-0000-4000-8000-000000000001', CAST(unixepoch('2026-05-20 09:00:00') * 1000 AS INTEGER), CAST(unixepoch('2026-05-20 09:00:00') * 1000 AS INTEGER)),
  ('10000000-0000-4000-8000-000000000002', 'mock_firm_brightline', 'Riverside Sole Prop', '94-1000002', 'NY', 'Kings', 'sole_prop', 'contact@riversidesoleprop.test', 'Demo sole_prop client.', 'mock_user_partner_priya', 'Priya Shah', 3, 2, 1800000, 'demo_seed', 1, 0, 0, 0, 0, 0, '30000000-0000-4000-8000-000000000001', CAST(unixepoch('2026-05-20 09:00:00') * 1000 AS INTEGER), CAST(unixepoch('2026-05-20 09:00:00') * 1000 AS INTEGER)),
  ('10000000-0000-4000-8000-000000000003', 'mock_firm_brightline', 'Arbor & Vale LLC', '12-3456789', 'CA', 'Los Angeles', 'partnership', 'contact@arborvalellc.test', 'Demo partnership client.', 'mock_user_preparer_avery', 'Avery Patel', 1, 0, 7800000, 'demo_seed', 3, 0, 0, 0, 1, 0, NULL, CAST(unixepoch('2026-05-20 09:00:00') * 1000 AS INTEGER), CAST(unixepoch('2026-05-20 09:00:00') * 1000 AS INTEGER)),
  ('10000000-0000-4000-8000-000000000004', 'mock_firm_brightline', 'Northstar S-Corp', '94-1000004', 'NY', 'New York', 's_corp', 'contact@northstarscorp.test', 'Demo s_corp client.', 'mock_user_coordinator_jules', 'Jules Rivera', 2, 1, 5500000, 'demo_seed', 4, 0, 0, 0, 1, 0, NULL, CAST(unixepoch('2026-05-20 09:00:00') * 1000 AS INTEGER), CAST(unixepoch('2026-05-20 09:00:00') * 1000 AS INTEGER)),
  ('10000000-0000-4000-8000-000000000005', 'mock_firm_brightline', 'Sunbelt Holdings Inc', '94-1000005', 'FL', 'Miami-Dade', 'c_corp', 'contact@sunbeltholdingsinc.test', 'Demo c_corp client.', 'mock_user_owner_sarah', 'Sarah Martinez', 3, 2, 16200000, 'demo_seed', 6, 0, 0, 0, 0, 0, NULL, CAST(unixepoch('2026-05-20 09:00:00') * 1000 AS INTEGER), CAST(unixepoch('2026-05-20 09:00:00') * 1000 AS INTEGER)),
  ('10000000-0000-4000-8000-000000000006', 'mock_firm_brightline', 'Magnolia Family Trust', '94-1000006', 'CA', 'Orange', 'trust', 'contact@magnoliafamilytrust.test', 'Demo trust client.', 'mock_user_manager_miguel', 'Miguel Chen', 1, 0, 2600000, 'demo_seed', NULL, 0, 0, 0, 0, 0, NULL, CAST(unixepoch('2026-05-20 09:00:00') * 1000 AS INTEGER), CAST(unixepoch('2026-05-20 09:00:00') * 1000 AS INTEGER)),
  ('10000000-0000-4000-8000-000000000007', 'mock_firm_brightline', 'Harbor Lights Nonprofit', '94-1000007', 'NY', 'Kings', 'other', 'contact@harborlightsnonprofit.test', 'Demo other client.', 'mock_user_partner_priya', 'Priya Shah', 2, 1, NULL, NULL, NULL, 0, 0, 0, 0, 0, NULL, CAST(unixepoch('2026-05-20 09:00:00') * 1000 AS INTEGER), CAST(unixepoch('2026-05-20 09:00:00') * 1000 AS INTEGER)),
  ('10000000-0000-4000-8000-000000000008', 'mock_firm_brightline', 'Lone Star Ventures LLC', '94-1000008', 'TX', 'Travis', 'llc', 'contact@lonestarventuresllc.test', 'Demo llc client.', 'mock_user_preparer_avery', 'Avery Patel', 3, 2, 9900000, 'demo_seed', 5, 0, 0, 0, 1, 0, NULL, CAST(unixepoch('2026-05-20 09:00:00') * 1000 AS INTEGER), CAST(unixepoch('2026-05-20 09:00:00') * 1000 AS INTEGER)),
  ('10000000-0000-4000-8000-000000000009', 'mock_firm_brightline', 'Cascade Payroll Co', '94-1000009', 'CA', 'San Diego', 's_corp', 'contact@cascadepayrollco.test', 'Demo s_corp client.', 'mock_user_coordinator_jules', 'Jules Rivera', 1, 0, 4100000, 'demo_seed', 2, 1, 0, 0, 1, 0, NULL, CAST(unixepoch('2026-05-20 09:00:00') * 1000 AS INTEGER), CAST(unixepoch('2026-05-20 09:00:00') * 1000 AS INTEGER)),
  ('10000000-0000-4000-8000-000000000010', 'mock_firm_brightline', 'Meridian Multistate Corp', '94-1000010', 'NY', 'New York', 'c_corp', 'contact@meridianmultistatecorp.test', 'Demo c_corp client.', 'mock_user_owner_sarah', 'Sarah Martinez', 2, 1, 13500000, 'demo_seed', 8, 0, 0, 1, 0, 0, NULL, CAST(unixepoch('2026-05-20 09:00:00') * 1000 AS INTEGER), CAST(unixepoch('2026-05-20 09:00:00') * 1000 AS INTEGER));

INSERT INTO client
  (id, firm_id, name, ein, state, county, entity_type, email, notes, assignee_id, assignee_name, importance_weight, late_filing_count_last_12mo, estimated_tax_liability_cents, estimated_tax_liability_source, equity_owner_count, has_payroll, has_sales_tax, has_1099_vendors, has_k1_activity, has_foreign_accounts, migration_batch_id, created_at, updated_at)
VALUES
  ('14000000-0000-4000-8000-000000000001', 'mock_firm_solo', 'Avery Individual', NULL, 'CA', 'Los Angeles', 'individual', 'contact@averyindividual.test', 'Demo individual client.', 'mock_user_owner_sarah', 'Sarah Martinez', 2, 1, 3200000, 'demo_seed', 1, 0, 0, 0, 0, 0, '30000000-0000-4000-8000-000000000101', CAST(unixepoch('2026-05-20 09:00:00') * 1000 AS INTEGER), CAST(unixepoch('2026-05-20 09:00:00') * 1000 AS INTEGER)),
  ('14000000-0000-4000-8000-000000000002', 'mock_firm_solo', 'Riverside Sole Prop', '94-1000002', 'NY', 'Kings', 'sole_prop', 'contact@riversidesoleprop.test', 'Demo sole_prop client.', 'mock_user_owner_sarah', 'Sarah Martinez', 3, 2, 1800000, 'demo_seed', 1, 0, 0, 0, 0, 0, '30000000-0000-4000-8000-000000000101', CAST(unixepoch('2026-05-20 09:00:00') * 1000 AS INTEGER), CAST(unixepoch('2026-05-20 09:00:00') * 1000 AS INTEGER)),
  ('14000000-0000-4000-8000-000000000003', 'mock_firm_solo', 'Arbor & Vale LLC', '12-3456789', 'CA', 'Los Angeles', 'partnership', 'contact@arborvalellc.test', 'Demo partnership client.', 'mock_user_owner_sarah', 'Sarah Martinez', 1, 0, 7800000, 'demo_seed', 3, 0, 0, 0, 1, 0, NULL, CAST(unixepoch('2026-05-20 09:00:00') * 1000 AS INTEGER), CAST(unixepoch('2026-05-20 09:00:00') * 1000 AS INTEGER)),
  ('14000000-0000-4000-8000-000000000004', 'mock_firm_solo', 'Northstar S-Corp', '94-1000004', 'NY', 'New York', 's_corp', 'contact@northstarscorp.test', 'Demo s_corp client.', 'mock_user_owner_sarah', 'Sarah Martinez', 2, 1, 5500000, 'demo_seed', 4, 0, 0, 0, 1, 0, NULL, CAST(unixepoch('2026-05-20 09:00:00') * 1000 AS INTEGER), CAST(unixepoch('2026-05-20 09:00:00') * 1000 AS INTEGER)),
  ('14000000-0000-4000-8000-000000000005', 'mock_firm_solo', 'Sunbelt Holdings Inc', '94-1000005', 'FL', 'Miami-Dade', 'c_corp', 'contact@sunbeltholdingsinc.test', 'Demo c_corp client.', 'mock_user_owner_sarah', 'Sarah Martinez', 3, 2, 16200000, 'demo_seed', 6, 0, 0, 0, 0, 0, NULL, CAST(unixepoch('2026-05-20 09:00:00') * 1000 AS INTEGER), CAST(unixepoch('2026-05-20 09:00:00') * 1000 AS INTEGER)),
  ('14000000-0000-4000-8000-000000000006', 'mock_firm_solo', 'Magnolia Family Trust', '94-1000006', 'CA', 'Orange', 'trust', 'contact@magnoliafamilytrust.test', 'Demo trust client.', 'mock_user_owner_sarah', 'Sarah Martinez', 1, 0, 2600000, 'demo_seed', NULL, 0, 0, 0, 0, 0, NULL, CAST(unixepoch('2026-05-20 09:00:00') * 1000 AS INTEGER), CAST(unixepoch('2026-05-20 09:00:00') * 1000 AS INTEGER)),
  ('14000000-0000-4000-8000-000000000007', 'mock_firm_solo', 'Harbor Lights Nonprofit', '94-1000007', 'NY', 'Kings', 'other', 'contact@harborlightsnonprofit.test', 'Demo other client.', 'mock_user_owner_sarah', 'Sarah Martinez', 2, 1, NULL, NULL, NULL, 0, 0, 0, 0, 0, NULL, CAST(unixepoch('2026-05-20 09:00:00') * 1000 AS INTEGER), CAST(unixepoch('2026-05-20 09:00:00') * 1000 AS INTEGER)),
  ('14000000-0000-4000-8000-000000000008', 'mock_firm_solo', 'Lone Star Ventures LLC', '94-1000008', 'TX', 'Travis', 'llc', 'contact@lonestarventuresllc.test', 'Demo llc client.', 'mock_user_owner_sarah', 'Sarah Martinez', 3, 2, 9900000, 'demo_seed', 5, 0, 0, 0, 1, 0, NULL, CAST(unixepoch('2026-05-20 09:00:00') * 1000 AS INTEGER), CAST(unixepoch('2026-05-20 09:00:00') * 1000 AS INTEGER)),
  ('14000000-0000-4000-8000-000000000009', 'mock_firm_solo', 'Cascade Payroll Co', '94-1000009', 'CA', 'San Diego', 's_corp', 'contact@cascadepayrollco.test', 'Demo s_corp client.', 'mock_user_owner_sarah', 'Sarah Martinez', 1, 0, 4100000, 'demo_seed', 2, 1, 0, 0, 1, 0, NULL, CAST(unixepoch('2026-05-20 09:00:00') * 1000 AS INTEGER), CAST(unixepoch('2026-05-20 09:00:00') * 1000 AS INTEGER)),
  ('14000000-0000-4000-8000-000000000010', 'mock_firm_solo', 'Meridian Multistate Corp', '94-1000010', 'NY', 'New York', 'c_corp', 'contact@meridianmultistatecorp.test', 'Demo c_corp client.', 'mock_user_owner_sarah', 'Sarah Martinez', 2, 1, 13500000, 'demo_seed', 8, 0, 0, 1, 0, 0, NULL, CAST(unixepoch('2026-05-20 09:00:00') * 1000 AS INTEGER), CAST(unixepoch('2026-05-20 09:00:00') * 1000 AS INTEGER));

INSERT INTO client
  (id, firm_id, name, ein, state, county, entity_type, email, notes, assignee_id, assignee_name, importance_weight, late_filing_count_last_12mo, estimated_tax_liability_cents, estimated_tax_liability_source, equity_owner_count, has_payroll, has_sales_tax, has_1099_vendors, has_k1_activity, has_foreign_accounts, migration_batch_id, created_at, updated_at)
VALUES
  ('11000000-0000-4000-8000-000000000001', 'mock_firm_plan_solo', 'Avery Individual', NULL, 'CA', 'Los Angeles', 'individual', 'contact@averyindividual.test', 'Demo individual client.', 'mock_user_plan_solo', 'Sofia Solo', 2, 1, 3200000, 'demo_seed', 1, 0, 0, 0, 0, 0, '30000000-0000-4000-8000-000000000201', CAST(unixepoch('2026-05-20 09:00:00') * 1000 AS INTEGER), CAST(unixepoch('2026-05-20 09:00:00') * 1000 AS INTEGER)),
  ('11000000-0000-4000-8000-000000000002', 'mock_firm_plan_solo', 'Riverside Sole Prop', '94-1000002', 'NY', 'Kings', 'sole_prop', 'contact@riversidesoleprop.test', 'Demo sole_prop client.', 'mock_user_plan_solo', 'Sofia Solo', 3, 2, 1800000, 'demo_seed', 1, 0, 0, 0, 0, 0, '30000000-0000-4000-8000-000000000201', CAST(unixepoch('2026-05-20 09:00:00') * 1000 AS INTEGER), CAST(unixepoch('2026-05-20 09:00:00') * 1000 AS INTEGER)),
  ('11000000-0000-4000-8000-000000000003', 'mock_firm_plan_solo', 'Arbor & Vale LLC', '12-3456789', 'CA', 'Los Angeles', 'partnership', 'contact@arborvalellc.test', 'Demo partnership client.', 'mock_user_plan_solo', 'Sofia Solo', 1, 0, 7800000, 'demo_seed', 3, 0, 0, 0, 1, 0, NULL, CAST(unixepoch('2026-05-20 09:00:00') * 1000 AS INTEGER), CAST(unixepoch('2026-05-20 09:00:00') * 1000 AS INTEGER)),
  ('11000000-0000-4000-8000-000000000004', 'mock_firm_plan_solo', 'Northstar S-Corp', '94-1000004', 'NY', 'New York', 's_corp', 'contact@northstarscorp.test', 'Demo s_corp client.', 'mock_user_plan_solo', 'Sofia Solo', 2, 1, 5500000, 'demo_seed', 4, 0, 0, 0, 1, 0, NULL, CAST(unixepoch('2026-05-20 09:00:00') * 1000 AS INTEGER), CAST(unixepoch('2026-05-20 09:00:00') * 1000 AS INTEGER)),
  ('11000000-0000-4000-8000-000000000005', 'mock_firm_plan_solo', 'Sunbelt Holdings Inc', '94-1000005', 'FL', 'Miami-Dade', 'c_corp', 'contact@sunbeltholdingsinc.test', 'Demo c_corp client.', 'mock_user_plan_solo', 'Sofia Solo', 3, 2, 16200000, 'demo_seed', 6, 0, 0, 0, 0, 0, NULL, CAST(unixepoch('2026-05-20 09:00:00') * 1000 AS INTEGER), CAST(unixepoch('2026-05-20 09:00:00') * 1000 AS INTEGER)),
  ('11000000-0000-4000-8000-000000000006', 'mock_firm_plan_solo', 'Magnolia Family Trust', '94-1000006', 'CA', 'Orange', 'trust', 'contact@magnoliafamilytrust.test', 'Demo trust client.', 'mock_user_plan_solo', 'Sofia Solo', 1, 0, 2600000, 'demo_seed', NULL, 0, 0, 0, 0, 0, NULL, CAST(unixepoch('2026-05-20 09:00:00') * 1000 AS INTEGER), CAST(unixepoch('2026-05-20 09:00:00') * 1000 AS INTEGER)),
  ('11000000-0000-4000-8000-000000000007', 'mock_firm_plan_solo', 'Harbor Lights Nonprofit', '94-1000007', 'NY', 'Kings', 'other', 'contact@harborlightsnonprofit.test', 'Demo other client.', 'mock_user_plan_solo', 'Sofia Solo', 2, 1, NULL, NULL, NULL, 0, 0, 0, 0, 0, NULL, CAST(unixepoch('2026-05-20 09:00:00') * 1000 AS INTEGER), CAST(unixepoch('2026-05-20 09:00:00') * 1000 AS INTEGER)),
  ('11000000-0000-4000-8000-000000000008', 'mock_firm_plan_solo', 'Lone Star Ventures LLC', '94-1000008', 'TX', 'Travis', 'llc', 'contact@lonestarventuresllc.test', 'Demo llc client.', 'mock_user_plan_solo', 'Sofia Solo', 3, 2, 9900000, 'demo_seed', 5, 0, 0, 0, 1, 0, NULL, CAST(unixepoch('2026-05-20 09:00:00') * 1000 AS INTEGER), CAST(unixepoch('2026-05-20 09:00:00') * 1000 AS INTEGER)),
  ('11000000-0000-4000-8000-000000000009', 'mock_firm_plan_solo', 'Cascade Payroll Co', '94-1000009', 'CA', 'San Diego', 's_corp', 'contact@cascadepayrollco.test', 'Demo s_corp client.', 'mock_user_plan_solo', 'Sofia Solo', 1, 0, 4100000, 'demo_seed', 2, 1, 0, 0, 1, 0, NULL, CAST(unixepoch('2026-05-20 09:00:00') * 1000 AS INTEGER), CAST(unixepoch('2026-05-20 09:00:00') * 1000 AS INTEGER)),
  ('11000000-0000-4000-8000-000000000010', 'mock_firm_plan_solo', 'Meridian Multistate Corp', '94-1000010', 'NY', 'New York', 'c_corp', 'contact@meridianmultistatecorp.test', 'Demo c_corp client.', 'mock_user_plan_solo', 'Sofia Solo', 2, 1, 13500000, 'demo_seed', 8, 0, 0, 1, 0, 0, NULL, CAST(unixepoch('2026-05-20 09:00:00') * 1000 AS INTEGER), CAST(unixepoch('2026-05-20 09:00:00') * 1000 AS INTEGER));

INSERT INTO client
  (id, firm_id, name, ein, state, county, entity_type, email, notes, assignee_id, assignee_name, importance_weight, late_filing_count_last_12mo, estimated_tax_liability_cents, estimated_tax_liability_source, equity_owner_count, has_payroll, has_sales_tax, has_1099_vendors, has_k1_activity, has_foreign_accounts, migration_batch_id, created_at, updated_at)
VALUES
  ('12000000-0000-4000-8000-000000000001', 'mock_firm_plan_pro', 'Avery Individual', NULL, 'CA', 'Los Angeles', 'individual', 'contact@averyindividual.test', 'Demo individual client.', 'mock_user_plan_pro_preparer', 'Parker Pro', 2, 1, 3200000, 'demo_seed', 1, 0, 0, 0, 0, 0, '30000000-0000-4000-8000-000000000301', CAST(unixepoch('2026-05-20 09:00:00') * 1000 AS INTEGER), CAST(unixepoch('2026-05-20 09:00:00') * 1000 AS INTEGER)),
  ('12000000-0000-4000-8000-000000000002', 'mock_firm_plan_pro', 'Riverside Sole Prop', '94-1000002', 'NY', 'Kings', 'sole_prop', 'contact@riversidesoleprop.test', 'Demo sole_prop client.', 'mock_user_plan_pro', 'Priya Pro', 3, 2, 1800000, 'demo_seed', 1, 0, 0, 0, 0, 0, '30000000-0000-4000-8000-000000000301', CAST(unixepoch('2026-05-20 09:00:00') * 1000 AS INTEGER), CAST(unixepoch('2026-05-20 09:00:00') * 1000 AS INTEGER)),
  ('12000000-0000-4000-8000-000000000003', 'mock_firm_plan_pro', 'Arbor & Vale LLC', '12-3456789', 'CA', 'Los Angeles', 'partnership', 'contact@arborvalellc.test', 'Demo partnership client.', 'mock_user_plan_pro_preparer', 'Parker Pro', 1, 0, 7800000, 'demo_seed', 3, 0, 0, 0, 1, 0, NULL, CAST(unixepoch('2026-05-20 09:00:00') * 1000 AS INTEGER), CAST(unixepoch('2026-05-20 09:00:00') * 1000 AS INTEGER)),
  ('12000000-0000-4000-8000-000000000004', 'mock_firm_plan_pro', 'Northstar S-Corp', '94-1000004', 'NY', 'New York', 's_corp', 'contact@northstarscorp.test', 'Demo s_corp client.', 'mock_user_plan_pro', 'Priya Pro', 2, 1, 5500000, 'demo_seed', 4, 0, 0, 0, 1, 0, NULL, CAST(unixepoch('2026-05-20 09:00:00') * 1000 AS INTEGER), CAST(unixepoch('2026-05-20 09:00:00') * 1000 AS INTEGER)),
  ('12000000-0000-4000-8000-000000000005', 'mock_firm_plan_pro', 'Sunbelt Holdings Inc', '94-1000005', 'FL', 'Miami-Dade', 'c_corp', 'contact@sunbeltholdingsinc.test', 'Demo c_corp client.', 'mock_user_plan_pro_preparer', 'Parker Pro', 3, 2, 16200000, 'demo_seed', 6, 0, 0, 0, 0, 0, NULL, CAST(unixepoch('2026-05-20 09:00:00') * 1000 AS INTEGER), CAST(unixepoch('2026-05-20 09:00:00') * 1000 AS INTEGER)),
  ('12000000-0000-4000-8000-000000000006', 'mock_firm_plan_pro', 'Magnolia Family Trust', '94-1000006', 'CA', 'Orange', 'trust', 'contact@magnoliafamilytrust.test', 'Demo trust client.', 'mock_user_plan_pro', 'Priya Pro', 1, 0, 2600000, 'demo_seed', NULL, 0, 0, 0, 0, 0, NULL, CAST(unixepoch('2026-05-20 09:00:00') * 1000 AS INTEGER), CAST(unixepoch('2026-05-20 09:00:00') * 1000 AS INTEGER)),
  ('12000000-0000-4000-8000-000000000007', 'mock_firm_plan_pro', 'Harbor Lights Nonprofit', '94-1000007', 'NY', 'Kings', 'other', 'contact@harborlightsnonprofit.test', 'Demo other client.', 'mock_user_plan_pro_preparer', 'Parker Pro', 2, 1, NULL, NULL, NULL, 0, 0, 0, 0, 0, NULL, CAST(unixepoch('2026-05-20 09:00:00') * 1000 AS INTEGER), CAST(unixepoch('2026-05-20 09:00:00') * 1000 AS INTEGER)),
  ('12000000-0000-4000-8000-000000000008', 'mock_firm_plan_pro', 'Lone Star Ventures LLC', '94-1000008', 'TX', 'Travis', 'llc', 'contact@lonestarventuresllc.test', 'Demo llc client.', 'mock_user_plan_pro', 'Priya Pro', 3, 2, 9900000, 'demo_seed', 5, 0, 0, 0, 1, 0, NULL, CAST(unixepoch('2026-05-20 09:00:00') * 1000 AS INTEGER), CAST(unixepoch('2026-05-20 09:00:00') * 1000 AS INTEGER)),
  ('12000000-0000-4000-8000-000000000009', 'mock_firm_plan_pro', 'Cascade Payroll Co', '94-1000009', 'CA', 'San Diego', 's_corp', 'contact@cascadepayrollco.test', 'Demo s_corp client.', 'mock_user_plan_pro_preparer', 'Parker Pro', 1, 0, 4100000, 'demo_seed', 2, 1, 0, 0, 1, 0, NULL, CAST(unixepoch('2026-05-20 09:00:00') * 1000 AS INTEGER), CAST(unixepoch('2026-05-20 09:00:00') * 1000 AS INTEGER)),
  ('12000000-0000-4000-8000-000000000010', 'mock_firm_plan_pro', 'Meridian Multistate Corp', '94-1000010', 'NY', 'New York', 'c_corp', 'contact@meridianmultistatecorp.test', 'Demo c_corp client.', 'mock_user_plan_pro', 'Priya Pro', 2, 1, 13500000, 'demo_seed', 8, 0, 0, 1, 0, 0, NULL, CAST(unixepoch('2026-05-20 09:00:00') * 1000 AS INTEGER), CAST(unixepoch('2026-05-20 09:00:00') * 1000 AS INTEGER));

INSERT INTO client
  (id, firm_id, name, ein, state, county, entity_type, email, notes, assignee_id, assignee_name, importance_weight, late_filing_count_last_12mo, estimated_tax_liability_cents, estimated_tax_liability_source, equity_owner_count, has_payroll, has_sales_tax, has_1099_vendors, has_k1_activity, has_foreign_accounts, migration_batch_id, created_at, updated_at)
VALUES
  ('13000000-0000-4000-8000-000000000001', 'mock_firm_plan_team', 'Avery Individual', NULL, 'CA', 'Los Angeles', 'individual', 'contact@averyindividual.test', 'Demo individual client.', 'mock_user_plan_team_manager', 'Morgan Team', 2, 1, 3200000, 'demo_seed', 1, 0, 0, 0, 0, 0, '30000000-0000-4000-8000-000000000401', CAST(unixepoch('2026-05-20 09:00:00') * 1000 AS INTEGER), CAST(unixepoch('2026-05-20 09:00:00') * 1000 AS INTEGER)),
  ('13000000-0000-4000-8000-000000000002', 'mock_firm_plan_team', 'Riverside Sole Prop', '94-1000002', 'NY', 'Kings', 'sole_prop', 'contact@riversidesoleprop.test', 'Demo sole_prop client.', 'mock_user_plan_team_coordinator', 'Casey Team', 3, 2, 1800000, 'demo_seed', 1, 0, 0, 0, 0, 0, '30000000-0000-4000-8000-000000000401', CAST(unixepoch('2026-05-20 09:00:00') * 1000 AS INTEGER), CAST(unixepoch('2026-05-20 09:00:00') * 1000 AS INTEGER)),
  ('13000000-0000-4000-8000-000000000003', 'mock_firm_plan_team', 'Arbor & Vale LLC', '12-3456789', 'CA', 'Los Angeles', 'partnership', 'contact@arborvalellc.test', 'Demo partnership client.', 'mock_user_plan_team_preparer', 'Devin Team', 1, 0, 7800000, 'demo_seed', 3, 0, 0, 0, 1, 0, NULL, CAST(unixepoch('2026-05-20 09:00:00') * 1000 AS INTEGER), CAST(unixepoch('2026-05-20 09:00:00') * 1000 AS INTEGER)),
  ('13000000-0000-4000-8000-000000000004', 'mock_firm_plan_team', 'Northstar S-Corp', '94-1000004', 'NY', 'New York', 's_corp', 'contact@northstarscorp.test', 'Demo s_corp client.', 'mock_user_plan_team', 'Taylor Team', 2, 1, 5500000, 'demo_seed', 4, 0, 0, 0, 1, 0, NULL, CAST(unixepoch('2026-05-20 09:00:00') * 1000 AS INTEGER), CAST(unixepoch('2026-05-20 09:00:00') * 1000 AS INTEGER)),
  ('13000000-0000-4000-8000-000000000005', 'mock_firm_plan_team', 'Sunbelt Holdings Inc', '94-1000005', 'FL', 'Miami-Dade', 'c_corp', 'contact@sunbeltholdingsinc.test', 'Demo c_corp client.', 'mock_user_plan_team_manager', 'Morgan Team', 3, 2, 16200000, 'demo_seed', 6, 0, 0, 0, 0, 0, NULL, CAST(unixepoch('2026-05-20 09:00:00') * 1000 AS INTEGER), CAST(unixepoch('2026-05-20 09:00:00') * 1000 AS INTEGER)),
  ('13000000-0000-4000-8000-000000000006', 'mock_firm_plan_team', 'Magnolia Family Trust', '94-1000006', 'CA', 'Orange', 'trust', 'contact@magnoliafamilytrust.test', 'Demo trust client.', 'mock_user_plan_team_coordinator', 'Casey Team', 1, 0, 2600000, 'demo_seed', NULL, 0, 0, 0, 0, 0, NULL, CAST(unixepoch('2026-05-20 09:00:00') * 1000 AS INTEGER), CAST(unixepoch('2026-05-20 09:00:00') * 1000 AS INTEGER)),
  ('13000000-0000-4000-8000-000000000007', 'mock_firm_plan_team', 'Harbor Lights Nonprofit', '94-1000007', 'NY', 'Kings', 'other', 'contact@harborlightsnonprofit.test', 'Demo other client.', 'mock_user_plan_team_preparer', 'Devin Team', 2, 1, NULL, NULL, NULL, 0, 0, 0, 0, 0, NULL, CAST(unixepoch('2026-05-20 09:00:00') * 1000 AS INTEGER), CAST(unixepoch('2026-05-20 09:00:00') * 1000 AS INTEGER)),
  ('13000000-0000-4000-8000-000000000008', 'mock_firm_plan_team', 'Lone Star Ventures LLC', '94-1000008', 'TX', 'Travis', 'llc', 'contact@lonestarventuresllc.test', 'Demo llc client.', 'mock_user_plan_team', 'Taylor Team', 3, 2, 9900000, 'demo_seed', 5, 0, 0, 0, 1, 0, NULL, CAST(unixepoch('2026-05-20 09:00:00') * 1000 AS INTEGER), CAST(unixepoch('2026-05-20 09:00:00') * 1000 AS INTEGER)),
  ('13000000-0000-4000-8000-000000000009', 'mock_firm_plan_team', 'Cascade Payroll Co', '94-1000009', 'CA', 'San Diego', 's_corp', 'contact@cascadepayrollco.test', 'Demo s_corp client.', 'mock_user_plan_team_manager', 'Morgan Team', 1, 0, 4100000, 'demo_seed', 2, 1, 0, 0, 1, 0, NULL, CAST(unixepoch('2026-05-20 09:00:00') * 1000 AS INTEGER), CAST(unixepoch('2026-05-20 09:00:00') * 1000 AS INTEGER)),
  ('13000000-0000-4000-8000-000000000010', 'mock_firm_plan_team', 'Meridian Multistate Corp', '94-1000010', 'NY', 'New York', 'c_corp', 'contact@meridianmultistatecorp.test', 'Demo c_corp client.', 'mock_user_plan_team_coordinator', 'Casey Team', 2, 1, 13500000, 'demo_seed', 8, 0, 0, 1, 0, 0, NULL, CAST(unixepoch('2026-05-20 09:00:00') * 1000 AS INTEGER), CAST(unixepoch('2026-05-20 09:00:00') * 1000 AS INTEGER));

INSERT INTO client_filing_profile
  (id, firm_id, client_id, state, counties_json, tax_types_json, is_primary, source, created_at, updated_at)
VALUES
  ('15000000-0000-4000-8000-000000000001', 'mock_firm_brightline', '10000000-0000-4000-8000-000000000001', 'CA', '["Los Angeles"]', '["federal_1040","federal_1040_estimated_tax"]', 1, 'demo_seed', CAST(unixepoch('2026-05-20 09:00:00') * 1000 AS INTEGER), CAST(unixepoch('2026-05-20 09:00:00') * 1000 AS INTEGER)),
  ('15000000-0000-4000-8000-000000000002', 'mock_firm_brightline', '10000000-0000-4000-8000-000000000002', 'NY', '["Kings"]', '["federal_1040"]', 1, 'demo_seed', CAST(unixepoch('2026-05-20 09:00:00') * 1000 AS INTEGER), CAST(unixepoch('2026-05-20 09:00:00') * 1000 AS INTEGER)),
  ('15000000-0000-4000-8000-000000000003', 'mock_firm_brightline', '10000000-0000-4000-8000-000000000003', 'CA', '["Los Angeles"]', '["federal_1065","ca_llc_568"]', 1, 'demo_seed', CAST(unixepoch('2026-05-20 09:00:00') * 1000 AS INTEGER), CAST(unixepoch('2026-05-20 09:00:00') * 1000 AS INTEGER)),
  ('15000000-0000-4000-8000-000000000004', 'mock_firm_brightline', '10000000-0000-4000-8000-000000000004', 'NY', '["New York"]', '["federal_1120s","ny_ct3s"]', 1, 'demo_seed', CAST(unixepoch('2026-05-20 09:00:00') * 1000 AS INTEGER), CAST(unixepoch('2026-05-20 09:00:00') * 1000 AS INTEGER)),
  ('15000000-0000-4000-8000-000000000005', 'mock_firm_brightline', '10000000-0000-4000-8000-000000000005', 'FL', '["Miami-Dade"]', '["federal_1120","fl_f1120","federal_1120_estimated_tax"]', 1, 'demo_seed', CAST(unixepoch('2026-05-20 09:00:00') * 1000 AS INTEGER), CAST(unixepoch('2026-05-20 09:00:00') * 1000 AS INTEGER)),
  ('15000000-0000-4000-8000-000000000006', 'mock_firm_brightline', '10000000-0000-4000-8000-000000000006', 'CA', '["Orange"]', '["federal_1041","ca_541"]', 1, 'demo_seed', CAST(unixepoch('2026-05-20 09:00:00') * 1000 AS INTEGER), CAST(unixepoch('2026-05-20 09:00:00') * 1000 AS INTEGER)),
  ('15000000-0000-4000-8000-000000000007', 'mock_firm_brightline', '10000000-0000-4000-8000-000000000007', 'NY', '["Kings"]', '["federal_990","ny_it204"]', 1, 'demo_seed', CAST(unixepoch('2026-05-20 09:00:00') * 1000 AS INTEGER), CAST(unixepoch('2026-05-20 09:00:00') * 1000 AS INTEGER)),
  ('15000000-0000-4000-8000-000000000008', 'mock_firm_brightline', '10000000-0000-4000-8000-000000000008', 'TX', '["Travis"]', '["federal_1065","tx_franchise_report","tx_pir_oir"]', 1, 'demo_seed', CAST(unixepoch('2026-05-20 09:00:00') * 1000 AS INTEGER), CAST(unixepoch('2026-05-20 09:00:00') * 1000 AS INTEGER)),
  ('15000000-0000-4000-8000-000000000009', 'mock_firm_brightline', '10000000-0000-4000-8000-000000000009', 'CA', '["San Diego"]', '["federal_1120s","federal_941","federal_1040"]', 1, 'demo_seed', CAST(unixepoch('2026-05-20 09:00:00') * 1000 AS INTEGER), CAST(unixepoch('2026-05-20 09:00:00') * 1000 AS INTEGER)),
  ('15000000-0000-4000-8000-000000000010', 'mock_firm_brightline', '10000000-0000-4000-8000-000000000010', 'NY', '["New York"]', '["federal_1120","ny_ct3","federal_1099_nec","ca_100"]', 1, 'demo_seed', CAST(unixepoch('2026-05-20 09:00:00') * 1000 AS INTEGER), CAST(unixepoch('2026-05-20 09:00:00') * 1000 AS INTEGER));

INSERT INTO client_filing_profile
  (id, firm_id, client_id, state, counties_json, tax_types_json, is_primary, source, created_at, updated_at)
VALUES
  ('19000000-0000-4000-8000-000000000001', 'mock_firm_solo', '14000000-0000-4000-8000-000000000001', 'CA', '["Los Angeles"]', '["federal_1040","federal_1040_estimated_tax"]', 1, 'demo_seed', CAST(unixepoch('2026-05-20 09:00:00') * 1000 AS INTEGER), CAST(unixepoch('2026-05-20 09:00:00') * 1000 AS INTEGER)),
  ('19000000-0000-4000-8000-000000000002', 'mock_firm_solo', '14000000-0000-4000-8000-000000000002', 'NY', '["Kings"]', '["federal_1040"]', 1, 'demo_seed', CAST(unixepoch('2026-05-20 09:00:00') * 1000 AS INTEGER), CAST(unixepoch('2026-05-20 09:00:00') * 1000 AS INTEGER)),
  ('19000000-0000-4000-8000-000000000003', 'mock_firm_solo', '14000000-0000-4000-8000-000000000003', 'CA', '["Los Angeles"]', '["federal_1065","ca_llc_568"]', 1, 'demo_seed', CAST(unixepoch('2026-05-20 09:00:00') * 1000 AS INTEGER), CAST(unixepoch('2026-05-20 09:00:00') * 1000 AS INTEGER)),
  ('19000000-0000-4000-8000-000000000004', 'mock_firm_solo', '14000000-0000-4000-8000-000000000004', 'NY', '["New York"]', '["federal_1120s","ny_ct3s"]', 1, 'demo_seed', CAST(unixepoch('2026-05-20 09:00:00') * 1000 AS INTEGER), CAST(unixepoch('2026-05-20 09:00:00') * 1000 AS INTEGER)),
  ('19000000-0000-4000-8000-000000000005', 'mock_firm_solo', '14000000-0000-4000-8000-000000000005', 'FL', '["Miami-Dade"]', '["federal_1120","fl_f1120","federal_1120_estimated_tax"]', 1, 'demo_seed', CAST(unixepoch('2026-05-20 09:00:00') * 1000 AS INTEGER), CAST(unixepoch('2026-05-20 09:00:00') * 1000 AS INTEGER)),
  ('19000000-0000-4000-8000-000000000006', 'mock_firm_solo', '14000000-0000-4000-8000-000000000006', 'CA', '["Orange"]', '["federal_1041","ca_541"]', 1, 'demo_seed', CAST(unixepoch('2026-05-20 09:00:00') * 1000 AS INTEGER), CAST(unixepoch('2026-05-20 09:00:00') * 1000 AS INTEGER)),
  ('19000000-0000-4000-8000-000000000007', 'mock_firm_solo', '14000000-0000-4000-8000-000000000007', 'NY', '["Kings"]', '["federal_990","ny_it204"]', 1, 'demo_seed', CAST(unixepoch('2026-05-20 09:00:00') * 1000 AS INTEGER), CAST(unixepoch('2026-05-20 09:00:00') * 1000 AS INTEGER)),
  ('19000000-0000-4000-8000-000000000008', 'mock_firm_solo', '14000000-0000-4000-8000-000000000008', 'TX', '["Travis"]', '["federal_1065","tx_franchise_report","tx_pir_oir"]', 1, 'demo_seed', CAST(unixepoch('2026-05-20 09:00:00') * 1000 AS INTEGER), CAST(unixepoch('2026-05-20 09:00:00') * 1000 AS INTEGER)),
  ('19000000-0000-4000-8000-000000000009', 'mock_firm_solo', '14000000-0000-4000-8000-000000000009', 'CA', '["San Diego"]', '["federal_1120s","federal_941","federal_1040"]', 1, 'demo_seed', CAST(unixepoch('2026-05-20 09:00:00') * 1000 AS INTEGER), CAST(unixepoch('2026-05-20 09:00:00') * 1000 AS INTEGER)),
  ('19000000-0000-4000-8000-000000000010', 'mock_firm_solo', '14000000-0000-4000-8000-000000000010', 'NY', '["New York"]', '["federal_1120","ny_ct3","federal_1099_nec","ca_100"]', 1, 'demo_seed', CAST(unixepoch('2026-05-20 09:00:00') * 1000 AS INTEGER), CAST(unixepoch('2026-05-20 09:00:00') * 1000 AS INTEGER));

INSERT INTO client_filing_profile
  (id, firm_id, client_id, state, counties_json, tax_types_json, is_primary, source, created_at, updated_at)
VALUES
  ('16000000-0000-4000-8000-000000000001', 'mock_firm_plan_solo', '11000000-0000-4000-8000-000000000001', 'CA', '["Los Angeles"]', '["federal_1040","federal_1040_estimated_tax"]', 1, 'demo_seed', CAST(unixepoch('2026-05-20 09:00:00') * 1000 AS INTEGER), CAST(unixepoch('2026-05-20 09:00:00') * 1000 AS INTEGER)),
  ('16000000-0000-4000-8000-000000000002', 'mock_firm_plan_solo', '11000000-0000-4000-8000-000000000002', 'NY', '["Kings"]', '["federal_1040"]', 1, 'demo_seed', CAST(unixepoch('2026-05-20 09:00:00') * 1000 AS INTEGER), CAST(unixepoch('2026-05-20 09:00:00') * 1000 AS INTEGER)),
  ('16000000-0000-4000-8000-000000000003', 'mock_firm_plan_solo', '11000000-0000-4000-8000-000000000003', 'CA', '["Los Angeles"]', '["federal_1065","ca_llc_568"]', 1, 'demo_seed', CAST(unixepoch('2026-05-20 09:00:00') * 1000 AS INTEGER), CAST(unixepoch('2026-05-20 09:00:00') * 1000 AS INTEGER)),
  ('16000000-0000-4000-8000-000000000004', 'mock_firm_plan_solo', '11000000-0000-4000-8000-000000000004', 'NY', '["New York"]', '["federal_1120s","ny_ct3s"]', 1, 'demo_seed', CAST(unixepoch('2026-05-20 09:00:00') * 1000 AS INTEGER), CAST(unixepoch('2026-05-20 09:00:00') * 1000 AS INTEGER)),
  ('16000000-0000-4000-8000-000000000005', 'mock_firm_plan_solo', '11000000-0000-4000-8000-000000000005', 'FL', '["Miami-Dade"]', '["federal_1120","fl_f1120","federal_1120_estimated_tax"]', 1, 'demo_seed', CAST(unixepoch('2026-05-20 09:00:00') * 1000 AS INTEGER), CAST(unixepoch('2026-05-20 09:00:00') * 1000 AS INTEGER)),
  ('16000000-0000-4000-8000-000000000006', 'mock_firm_plan_solo', '11000000-0000-4000-8000-000000000006', 'CA', '["Orange"]', '["federal_1041","ca_541"]', 1, 'demo_seed', CAST(unixepoch('2026-05-20 09:00:00') * 1000 AS INTEGER), CAST(unixepoch('2026-05-20 09:00:00') * 1000 AS INTEGER)),
  ('16000000-0000-4000-8000-000000000007', 'mock_firm_plan_solo', '11000000-0000-4000-8000-000000000007', 'NY', '["Kings"]', '["federal_990","ny_it204"]', 1, 'demo_seed', CAST(unixepoch('2026-05-20 09:00:00') * 1000 AS INTEGER), CAST(unixepoch('2026-05-20 09:00:00') * 1000 AS INTEGER)),
  ('16000000-0000-4000-8000-000000000008', 'mock_firm_plan_solo', '11000000-0000-4000-8000-000000000008', 'TX', '["Travis"]', '["federal_1065","tx_franchise_report","tx_pir_oir"]', 1, 'demo_seed', CAST(unixepoch('2026-05-20 09:00:00') * 1000 AS INTEGER), CAST(unixepoch('2026-05-20 09:00:00') * 1000 AS INTEGER)),
  ('16000000-0000-4000-8000-000000000009', 'mock_firm_plan_solo', '11000000-0000-4000-8000-000000000009', 'CA', '["San Diego"]', '["federal_1120s","federal_941","federal_1040"]', 1, 'demo_seed', CAST(unixepoch('2026-05-20 09:00:00') * 1000 AS INTEGER), CAST(unixepoch('2026-05-20 09:00:00') * 1000 AS INTEGER)),
  ('16000000-0000-4000-8000-000000000010', 'mock_firm_plan_solo', '11000000-0000-4000-8000-000000000010', 'NY', '["New York"]', '["federal_1120","ny_ct3","federal_1099_nec","ca_100"]', 1, 'demo_seed', CAST(unixepoch('2026-05-20 09:00:00') * 1000 AS INTEGER), CAST(unixepoch('2026-05-20 09:00:00') * 1000 AS INTEGER));

INSERT INTO client_filing_profile
  (id, firm_id, client_id, state, counties_json, tax_types_json, is_primary, source, created_at, updated_at)
VALUES
  ('17000000-0000-4000-8000-000000000001', 'mock_firm_plan_pro', '12000000-0000-4000-8000-000000000001', 'CA', '["Los Angeles"]', '["federal_1040","federal_1040_estimated_tax"]', 1, 'demo_seed', CAST(unixepoch('2026-05-20 09:00:00') * 1000 AS INTEGER), CAST(unixepoch('2026-05-20 09:00:00') * 1000 AS INTEGER)),
  ('17000000-0000-4000-8000-000000000002', 'mock_firm_plan_pro', '12000000-0000-4000-8000-000000000002', 'NY', '["Kings"]', '["federal_1040"]', 1, 'demo_seed', CAST(unixepoch('2026-05-20 09:00:00') * 1000 AS INTEGER), CAST(unixepoch('2026-05-20 09:00:00') * 1000 AS INTEGER)),
  ('17000000-0000-4000-8000-000000000003', 'mock_firm_plan_pro', '12000000-0000-4000-8000-000000000003', 'CA', '["Los Angeles"]', '["federal_1065","ca_llc_568"]', 1, 'demo_seed', CAST(unixepoch('2026-05-20 09:00:00') * 1000 AS INTEGER), CAST(unixepoch('2026-05-20 09:00:00') * 1000 AS INTEGER)),
  ('17000000-0000-4000-8000-000000000004', 'mock_firm_plan_pro', '12000000-0000-4000-8000-000000000004', 'NY', '["New York"]', '["federal_1120s","ny_ct3s"]', 1, 'demo_seed', CAST(unixepoch('2026-05-20 09:00:00') * 1000 AS INTEGER), CAST(unixepoch('2026-05-20 09:00:00') * 1000 AS INTEGER)),
  ('17000000-0000-4000-8000-000000000005', 'mock_firm_plan_pro', '12000000-0000-4000-8000-000000000005', 'FL', '["Miami-Dade"]', '["federal_1120","fl_f1120","federal_1120_estimated_tax"]', 1, 'demo_seed', CAST(unixepoch('2026-05-20 09:00:00') * 1000 AS INTEGER), CAST(unixepoch('2026-05-20 09:00:00') * 1000 AS INTEGER)),
  ('17000000-0000-4000-8000-000000000006', 'mock_firm_plan_pro', '12000000-0000-4000-8000-000000000006', 'CA', '["Orange"]', '["federal_1041","ca_541"]', 1, 'demo_seed', CAST(unixepoch('2026-05-20 09:00:00') * 1000 AS INTEGER), CAST(unixepoch('2026-05-20 09:00:00') * 1000 AS INTEGER)),
  ('17000000-0000-4000-8000-000000000007', 'mock_firm_plan_pro', '12000000-0000-4000-8000-000000000007', 'NY', '["Kings"]', '["federal_990","ny_it204"]', 1, 'demo_seed', CAST(unixepoch('2026-05-20 09:00:00') * 1000 AS INTEGER), CAST(unixepoch('2026-05-20 09:00:00') * 1000 AS INTEGER)),
  ('17000000-0000-4000-8000-000000000008', 'mock_firm_plan_pro', '12000000-0000-4000-8000-000000000008', 'TX', '["Travis"]', '["federal_1065","tx_franchise_report","tx_pir_oir"]', 1, 'demo_seed', CAST(unixepoch('2026-05-20 09:00:00') * 1000 AS INTEGER), CAST(unixepoch('2026-05-20 09:00:00') * 1000 AS INTEGER)),
  ('17000000-0000-4000-8000-000000000009', 'mock_firm_plan_pro', '12000000-0000-4000-8000-000000000009', 'CA', '["San Diego"]', '["federal_1120s","federal_941","federal_1040"]', 1, 'demo_seed', CAST(unixepoch('2026-05-20 09:00:00') * 1000 AS INTEGER), CAST(unixepoch('2026-05-20 09:00:00') * 1000 AS INTEGER)),
  ('17000000-0000-4000-8000-000000000010', 'mock_firm_plan_pro', '12000000-0000-4000-8000-000000000010', 'NY', '["New York"]', '["federal_1120","ny_ct3","federal_1099_nec","ca_100"]', 1, 'demo_seed', CAST(unixepoch('2026-05-20 09:00:00') * 1000 AS INTEGER), CAST(unixepoch('2026-05-20 09:00:00') * 1000 AS INTEGER));

INSERT INTO client_filing_profile
  (id, firm_id, client_id, state, counties_json, tax_types_json, is_primary, source, created_at, updated_at)
VALUES
  ('18000000-0000-4000-8000-000000000001', 'mock_firm_plan_team', '13000000-0000-4000-8000-000000000001', 'CA', '["Los Angeles"]', '["federal_1040","federal_1040_estimated_tax"]', 1, 'demo_seed', CAST(unixepoch('2026-05-20 09:00:00') * 1000 AS INTEGER), CAST(unixepoch('2026-05-20 09:00:00') * 1000 AS INTEGER)),
  ('18000000-0000-4000-8000-000000000002', 'mock_firm_plan_team', '13000000-0000-4000-8000-000000000002', 'NY', '["Kings"]', '["federal_1040"]', 1, 'demo_seed', CAST(unixepoch('2026-05-20 09:00:00') * 1000 AS INTEGER), CAST(unixepoch('2026-05-20 09:00:00') * 1000 AS INTEGER)),
  ('18000000-0000-4000-8000-000000000003', 'mock_firm_plan_team', '13000000-0000-4000-8000-000000000003', 'CA', '["Los Angeles"]', '["federal_1065","ca_llc_568"]', 1, 'demo_seed', CAST(unixepoch('2026-05-20 09:00:00') * 1000 AS INTEGER), CAST(unixepoch('2026-05-20 09:00:00') * 1000 AS INTEGER)),
  ('18000000-0000-4000-8000-000000000004', 'mock_firm_plan_team', '13000000-0000-4000-8000-000000000004', 'NY', '["New York"]', '["federal_1120s","ny_ct3s"]', 1, 'demo_seed', CAST(unixepoch('2026-05-20 09:00:00') * 1000 AS INTEGER), CAST(unixepoch('2026-05-20 09:00:00') * 1000 AS INTEGER)),
  ('18000000-0000-4000-8000-000000000005', 'mock_firm_plan_team', '13000000-0000-4000-8000-000000000005', 'FL', '["Miami-Dade"]', '["federal_1120","fl_f1120","federal_1120_estimated_tax"]', 1, 'demo_seed', CAST(unixepoch('2026-05-20 09:00:00') * 1000 AS INTEGER), CAST(unixepoch('2026-05-20 09:00:00') * 1000 AS INTEGER)),
  ('18000000-0000-4000-8000-000000000006', 'mock_firm_plan_team', '13000000-0000-4000-8000-000000000006', 'CA', '["Orange"]', '["federal_1041","ca_541"]', 1, 'demo_seed', CAST(unixepoch('2026-05-20 09:00:00') * 1000 AS INTEGER), CAST(unixepoch('2026-05-20 09:00:00') * 1000 AS INTEGER)),
  ('18000000-0000-4000-8000-000000000007', 'mock_firm_plan_team', '13000000-0000-4000-8000-000000000007', 'NY', '["Kings"]', '["federal_990","ny_it204"]', 1, 'demo_seed', CAST(unixepoch('2026-05-20 09:00:00') * 1000 AS INTEGER), CAST(unixepoch('2026-05-20 09:00:00') * 1000 AS INTEGER)),
  ('18000000-0000-4000-8000-000000000008', 'mock_firm_plan_team', '13000000-0000-4000-8000-000000000008', 'TX', '["Travis"]', '["federal_1065","tx_franchise_report","tx_pir_oir"]', 1, 'demo_seed', CAST(unixepoch('2026-05-20 09:00:00') * 1000 AS INTEGER), CAST(unixepoch('2026-05-20 09:00:00') * 1000 AS INTEGER)),
  ('18000000-0000-4000-8000-000000000009', 'mock_firm_plan_team', '13000000-0000-4000-8000-000000000009', 'CA', '["San Diego"]', '["federal_1120s","federal_941","federal_1040"]', 1, 'demo_seed', CAST(unixepoch('2026-05-20 09:00:00') * 1000 AS INTEGER), CAST(unixepoch('2026-05-20 09:00:00') * 1000 AS INTEGER)),
  ('18000000-0000-4000-8000-000000000010', 'mock_firm_plan_team', '13000000-0000-4000-8000-000000000010', 'NY', '["New York"]', '["federal_1120","ny_ct3","federal_1099_nec","ca_100"]', 1, 'demo_seed', CAST(unixepoch('2026-05-20 09:00:00') * 1000 AS INTEGER), CAST(unixepoch('2026-05-20 09:00:00') * 1000 AS INTEGER));

INSERT INTO obligation_instance
  (id, firm_id, client_id, client_filing_profile_id, rule_id, tax_type, tax_year, tax_year_type, jurisdiction, obligation_type, form_name, authority, recurrence, risk_level, generation_source, tax_period_start, tax_period_end, tax_period_kind, tax_period_source, base_due_date, current_due_date, filing_due_date, payment_due_date, status, blocked_by_obligation_instance_id, extension_decision, extension_memo, extension_source, extension_expected_due_date, extension_decided_at, extension_decided_by_user_id, extension_state, extension_form_name, extension_filed_at, prep_stage, review_stage, reviewer_user_id, review_completed_at, payment_state, payment_confirmed_at, efile_state, efile_authorization_form, efile_submitted_at, efile_accepted_at, efile_rejected_at, estimated_tax_due_cents, estimated_exposure_cents, exposure_status, penalty_breakdown_json, penalty_formula_version, exposure_calculated_at, created_at, updated_at)
VALUES
  ('20000000-0000-4000-8000-000000000001', 'mock_firm_brightline', '10000000-0000-4000-8000-000000000001', '15000000-0000-4000-8000-000000000001', 'fed.1040.return.2025', 'federal_1040', 2025, 'calendar', 'FED', 'filing', 'Form 1040', 'IRS', 'annual', 'med', 'manual', CAST(unixepoch('2025-01-01 00:00:00') * 1000 AS INTEGER), CAST(unixepoch('2025-12-31 00:00:00') * 1000 AS INTEGER), 'calendar', 'client_default', CAST(unixepoch('2026-06-22 00:00:00') * 1000 AS INTEGER), CAST(unixepoch('2026-06-22 00:00:00') * 1000 AS INTEGER), CAST(unixepoch('2026-06-22 00:00:00') * 1000 AS INTEGER), CAST(unixepoch('2026-06-22 00:00:00') * 1000 AS INTEGER), 'pending', NULL, 'not_considered', NULL, NULL, NULL, NULL, NULL, 'not_started', NULL, NULL, 'not_started', 'not_required', NULL, NULL, 'not_applicable', NULL, 'not_applicable', NULL, NULL, NULL, NULL, 3200000, NULL, 'needs_input', '[]', NULL, NULL, CAST(unixepoch('2026-05-20 09:00:00') * 1000 AS INTEGER), CAST(unixepoch('2026-05-20 09:00:00') * 1000 AS INTEGER)),
  ('20000000-0000-4000-8000-000000000002', 'mock_firm_brightline', '10000000-0000-4000-8000-000000000001', '15000000-0000-4000-8000-000000000001', 'fed.1040.estimated_tax.2026', 'federal_1040_estimated_tax', 2026, 'calendar', 'FED', 'payment', 'Form 1040-ES', 'IRS', 'quarterly', 'med', 'manual', CAST(unixepoch('2026-01-01 00:00:00') * 1000 AS INTEGER), CAST(unixepoch('2026-12-31 00:00:00') * 1000 AS INTEGER), 'calendar', 'client_default', CAST(unixepoch('2026-06-05 00:00:00') * 1000 AS INTEGER), CAST(unixepoch('2026-06-05 00:00:00') * 1000 AS INTEGER), CAST(unixepoch('2026-06-05 00:00:00') * 1000 AS INTEGER), CAST(unixepoch('2026-06-05 00:00:00') * 1000 AS INTEGER), 'pending', NULL, 'not_considered', NULL, NULL, NULL, NULL, NULL, 'not_applicable', NULL, NULL, 'not_started', 'not_required', NULL, NULL, 'scheduled', NULL, 'not_applicable', NULL, NULL, NULL, NULL, 3200000, NULL, 'needs_input', '[]', NULL, NULL, CAST(unixepoch('2026-05-20 09:00:00') * 1000 AS INTEGER), CAST(unixepoch('2026-05-20 09:00:00') * 1000 AS INTEGER)),
  ('20000000-0000-4000-8000-000000000003', 'mock_firm_brightline', '10000000-0000-4000-8000-000000000002', '15000000-0000-4000-8000-000000000002', 'fed.1040.return.2025', 'federal_1040', 2025, 'calendar', 'FED', 'filing', 'Form 1040', 'IRS', 'annual', 'med', 'manual', CAST(unixepoch('2025-01-01 00:00:00') * 1000 AS INTEGER), CAST(unixepoch('2025-12-31 00:00:00') * 1000 AS INTEGER), 'calendar', 'client_default', CAST(unixepoch('2026-05-12 00:00:00') * 1000 AS INTEGER), CAST(unixepoch('2026-05-12 00:00:00') * 1000 AS INTEGER), CAST(unixepoch('2026-05-12 00:00:00') * 1000 AS INTEGER), CAST(unixepoch('2026-05-12 00:00:00') * 1000 AS INTEGER), 'pending', NULL, 'not_considered', NULL, NULL, NULL, NULL, NULL, 'not_started', NULL, NULL, 'not_started', 'not_required', NULL, NULL, 'not_applicable', NULL, 'not_applicable', NULL, NULL, NULL, NULL, 1800000, 270000, 'ready', '[{"key":"late_filing","label":"Late filing — §6651(a)(1)","amountCents":243000,"formula":"4.5% x $18,000 unpaid x 3 months (net of failure-to-pay offset)"},{"key":"failure_to_pay","label":"Failure to pay — §6651(a)(2)","amountCents":27000,"formula":"0.5% x $18,000 unpaid x 3 months"}]', 'penalty-v1', CAST(unixepoch('2026-05-20 09:00:00') * 1000 AS INTEGER), CAST(unixepoch('2026-05-20 09:00:00') * 1000 AS INTEGER), CAST(unixepoch('2026-05-20 09:00:00') * 1000 AS INTEGER)),
  ('20000000-0000-4000-8000-000000000004', 'mock_firm_brightline', '10000000-0000-4000-8000-000000000003', '15000000-0000-4000-8000-000000000003', 'fed.1065.return.2025', 'federal_1065', 2025, 'calendar', 'FED', 'filing', 'Form 1065', 'IRS', 'annual', 'med', 'manual', CAST(unixepoch('2025-01-01 00:00:00') * 1000 AS INTEGER), CAST(unixepoch('2025-12-31 00:00:00') * 1000 AS INTEGER), 'calendar', 'client_default', CAST(unixepoch('2026-06-22 00:00:00') * 1000 AS INTEGER), CAST(unixepoch('2026-06-22 00:00:00') * 1000 AS INTEGER), CAST(unixepoch('2026-06-22 00:00:00') * 1000 AS INTEGER), CAST(unixepoch('2026-06-22 00:00:00') * 1000 AS INTEGER), 'in_progress', NULL, 'not_considered', NULL, NULL, NULL, NULL, NULL, 'not_started', NULL, NULL, 'in_prep', 'not_required', NULL, NULL, 'not_applicable', NULL, 'not_applicable', NULL, NULL, NULL, NULL, 7800000, NULL, 'needs_input', '[]', NULL, NULL, CAST(unixepoch('2026-05-20 09:00:00') * 1000 AS INTEGER), CAST(unixepoch('2026-05-20 09:00:00') * 1000 AS INTEGER)),
  ('20000000-0000-4000-8000-000000000005', 'mock_firm_brightline', '10000000-0000-4000-8000-000000000003', '15000000-0000-4000-8000-000000000003', 'ca.llc.568.return.2025', 'ca_llc_568', 2025, 'calendar', 'CA', 'filing', 'Form 568', 'CA', 'annual', 'med', 'manual', CAST(unixepoch('2025-01-01 00:00:00') * 1000 AS INTEGER), CAST(unixepoch('2025-12-31 00:00:00') * 1000 AS INTEGER), 'calendar', 'client_default', CAST(unixepoch('2026-05-12 00:00:00') * 1000 AS INTEGER), CAST(unixepoch('2026-11-12 00:00:00') * 1000 AS INTEGER), CAST(unixepoch('2026-12-12 00:00:00') * 1000 AS INTEGER), CAST(unixepoch('2026-05-12 00:00:00') * 1000 AS INTEGER), 'extended', NULL, 'applied', 'Client materials delayed; extension filed.', 'Partner approval', CAST(unixepoch('2026-11-12 00:00:00') * 1000 AS INTEGER), CAST(unixepoch('2026-04-20 10:00:00') * 1000 AS INTEGER), 'mock_user_manager_miguel', 'filed', 'Form 568', CAST(unixepoch('2026-04-20 10:00:00') * 1000 AS INTEGER), 'not_started', 'not_required', NULL, NULL, 'not_applicable', NULL, 'not_applicable', NULL, NULL, NULL, NULL, 7800000, NULL, 'needs_input', '[]', NULL, NULL, CAST(unixepoch('2026-05-20 09:00:00') * 1000 AS INTEGER), CAST(unixepoch('2026-05-20 09:00:00') * 1000 AS INTEGER)),
  ('20000000-0000-4000-8000-000000000006', 'mock_firm_brightline', '10000000-0000-4000-8000-000000000004', '15000000-0000-4000-8000-000000000004', 'fed.1120s.return.2025', 'federal_1120s', 2025, 'calendar', 'FED', 'filing', 'Form 1120-S', 'IRS', 'annual', 'med', 'manual', CAST(unixepoch('2025-01-01 00:00:00') * 1000 AS INTEGER), CAST(unixepoch('2025-12-31 00:00:00') * 1000 AS INTEGER), 'calendar', 'client_default', CAST(unixepoch('2026-05-12 00:00:00') * 1000 AS INTEGER), CAST(unixepoch('2026-05-12 00:00:00') * 1000 AS INTEGER), CAST(unixepoch('2026-05-12 00:00:00') * 1000 AS INTEGER), CAST(unixepoch('2026-05-12 00:00:00') * 1000 AS INTEGER), 'done', NULL, 'not_considered', NULL, NULL, NULL, NULL, NULL, 'not_started', NULL, NULL, 'prepared', 'approved', NULL, NULL, 'not_applicable', NULL, 'authorization_requested', 'Form 8879', NULL, NULL, NULL, 5500000, NULL, 'needs_input', '[]', NULL, NULL, CAST(unixepoch('2026-05-20 09:00:00') * 1000 AS INTEGER), CAST(unixepoch('2026-05-20 09:00:00') * 1000 AS INTEGER)),
  ('20000000-0000-4000-8000-000000000007', 'mock_firm_brightline', '10000000-0000-4000-8000-000000000004', '15000000-0000-4000-8000-000000000004', 'ny.ct3s.return.2025', 'ny_ct3s', 2025, 'calendar', 'NY', 'filing', 'Form CT-3-S', 'NY', 'annual', 'med', 'manual', CAST(unixepoch('2025-01-01 00:00:00') * 1000 AS INTEGER), CAST(unixepoch('2025-12-31 00:00:00') * 1000 AS INTEGER), 'calendar', 'client_default', CAST(unixepoch('2026-06-22 00:00:00') * 1000 AS INTEGER), CAST(unixepoch('2026-06-22 00:00:00') * 1000 AS INTEGER), CAST(unixepoch('2026-06-22 00:00:00') * 1000 AS INTEGER), NULL, 'review', NULL, 'not_considered', NULL, NULL, NULL, NULL, NULL, 'not_started', NULL, NULL, 'prepared', 'in_review', 'mock_user_manager_miguel', NULL, 'not_applicable', NULL, 'not_applicable', NULL, NULL, NULL, NULL, 5500000, NULL, 'needs_input', '[]', NULL, NULL, CAST(unixepoch('2026-05-20 09:00:00') * 1000 AS INTEGER), CAST(unixepoch('2026-05-20 09:00:00') * 1000 AS INTEGER)),
  ('20000000-0000-4000-8000-000000000008', 'mock_firm_brightline', '10000000-0000-4000-8000-000000000005', '15000000-0000-4000-8000-000000000005', 'fed.1120.return.2025', 'federal_1120', 2025, 'calendar', 'FED', 'filing', 'Form 1120', 'IRS', 'annual', 'med', 'manual', CAST(unixepoch('2025-01-01 00:00:00') * 1000 AS INTEGER), CAST(unixepoch('2025-12-31 00:00:00') * 1000 AS INTEGER), 'calendar', 'client_default', CAST(unixepoch('2026-05-12 00:00:00') * 1000 AS INTEGER), CAST(unixepoch('2026-10-13 00:00:00') * 1000 AS INTEGER), CAST(unixepoch('2026-11-12 00:00:00') * 1000 AS INTEGER), CAST(unixepoch('2026-05-12 00:00:00') * 1000 AS INTEGER), 'extended', NULL, 'applied', 'Client materials delayed; extension filed.', 'Partner approval', CAST(unixepoch('2026-10-13 00:00:00') * 1000 AS INTEGER), CAST(unixepoch('2026-04-20 10:00:00') * 1000 AS INTEGER), 'mock_user_manager_miguel', 'filed', 'Form 7004', CAST(unixepoch('2026-04-20 10:00:00') * 1000 AS INTEGER), 'not_started', 'not_required', NULL, NULL, 'not_applicable', NULL, 'not_applicable', NULL, NULL, NULL, NULL, 16200000, 243000, 'ready', '[{"key":"failure_to_pay","label":"Failure to pay (payment not extended) — §6651(a)(2)","amountCents":243000,"formula":"0.5% x $162,000 balance x 3 months"}]', 'penalty-v1', CAST(unixepoch('2026-05-20 09:00:00') * 1000 AS INTEGER), CAST(unixepoch('2026-05-20 09:00:00') * 1000 AS INTEGER), CAST(unixepoch('2026-05-20 09:00:00') * 1000 AS INTEGER)),
  ('20000000-0000-4000-8000-000000000009', 'mock_firm_brightline', '10000000-0000-4000-8000-000000000005', '15000000-0000-4000-8000-000000000005', 'fl.f1120.return.2025', 'fl_f1120', 2025, 'calendar', 'FL', 'filing', 'Form F-1120', 'FL', 'annual', 'med', 'manual', CAST(unixepoch('2025-01-01 00:00:00') * 1000 AS INTEGER), CAST(unixepoch('2025-12-31 00:00:00') * 1000 AS INTEGER), 'calendar', 'client_default', CAST(unixepoch('2026-07-15 00:00:00') * 1000 AS INTEGER), CAST(unixepoch('2026-07-15 00:00:00') * 1000 AS INTEGER), CAST(unixepoch('2026-07-15 00:00:00') * 1000 AS INTEGER), NULL, 'waiting_on_client', NULL, 'not_considered', NULL, NULL, NULL, NULL, NULL, 'not_started', NULL, NULL, 'waiting_on_client', 'not_required', NULL, NULL, 'not_applicable', NULL, 'not_applicable', NULL, NULL, NULL, NULL, 16200000, NULL, 'needs_input', '[]', NULL, NULL, CAST(unixepoch('2026-05-20 09:00:00') * 1000 AS INTEGER), CAST(unixepoch('2026-05-20 09:00:00') * 1000 AS INTEGER)),
  ('20000000-0000-4000-8000-000000000010', 'mock_firm_brightline', '10000000-0000-4000-8000-000000000006', '15000000-0000-4000-8000-000000000006', 'fed.1041.return.2025', 'federal_1041', 2025, 'calendar', 'FED', 'filing', 'Form 1041', 'IRS', 'annual', 'med', 'manual', CAST(unixepoch('2025-01-01 00:00:00') * 1000 AS INTEGER), CAST(unixepoch('2025-12-31 00:00:00') * 1000 AS INTEGER), 'calendar', 'client_default', CAST(unixepoch('2026-05-12 00:00:00') * 1000 AS INTEGER), CAST(unixepoch('2026-09-27 00:00:00') * 1000 AS INTEGER), CAST(unixepoch('2026-10-27 00:00:00') * 1000 AS INTEGER), CAST(unixepoch('2026-05-12 00:00:00') * 1000 AS INTEGER), 'extended', NULL, 'applied', 'Client materials delayed; extension filed.', 'Partner approval', CAST(unixepoch('2026-09-27 00:00:00') * 1000 AS INTEGER), CAST(unixepoch('2026-04-20 10:00:00') * 1000 AS INTEGER), 'mock_user_manager_miguel', 'filed', 'Form 7004', CAST(unixepoch('2026-04-20 10:00:00') * 1000 AS INTEGER), 'not_started', 'not_required', NULL, NULL, 'not_applicable', NULL, 'not_applicable', NULL, NULL, NULL, NULL, 2600000, 39000, 'ready', '[{"key":"failure_to_pay","label":"Failure to pay (payment not extended) — §6651(a)(2)","amountCents":39000,"formula":"0.5% x $26,000 balance x 3 months"}]', 'penalty-v1', CAST(unixepoch('2026-05-20 09:00:00') * 1000 AS INTEGER), CAST(unixepoch('2026-05-20 09:00:00') * 1000 AS INTEGER), CAST(unixepoch('2026-05-20 09:00:00') * 1000 AS INTEGER)),
  ('20000000-0000-4000-8000-000000000011', 'mock_firm_brightline', '10000000-0000-4000-8000-000000000006', '15000000-0000-4000-8000-000000000006', 'ca.541.return.2025', 'ca_541', 2025, 'calendar', 'CA', 'filing', 'Form 541', 'CA', 'annual', 'med', 'manual', CAST(unixepoch('2025-01-01 00:00:00') * 1000 AS INTEGER), CAST(unixepoch('2025-12-31 00:00:00') * 1000 AS INTEGER), 'calendar', 'client_default', CAST(unixepoch('2026-06-22 00:00:00') * 1000 AS INTEGER), CAST(unixepoch('2026-06-22 00:00:00') * 1000 AS INTEGER), CAST(unixepoch('2026-06-22 00:00:00') * 1000 AS INTEGER), NULL, 'blocked', '20000000-0000-4000-8000-000000000010', 'not_considered', NULL, NULL, NULL, NULL, NULL, 'not_started', NULL, NULL, 'not_started', 'not_required', NULL, NULL, 'not_applicable', NULL, 'not_applicable', NULL, NULL, NULL, NULL, 2600000, NULL, 'needs_input', '[]', NULL, NULL, CAST(unixepoch('2026-05-20 09:00:00') * 1000 AS INTEGER), CAST(unixepoch('2026-05-20 09:00:00') * 1000 AS INTEGER)),
  ('20000000-0000-4000-8000-000000000012', 'mock_firm_brightline', '10000000-0000-4000-8000-000000000007', '15000000-0000-4000-8000-000000000007', 'fed.990.return.2025', 'federal_990', 2025, 'calendar', 'FED', 'filing', 'Form 990', 'IRS', 'annual', 'med', 'manual', CAST(unixepoch('2025-01-01 00:00:00') * 1000 AS INTEGER), CAST(unixepoch('2025-12-31 00:00:00') * 1000 AS INTEGER), 'calendar', 'client_default', CAST(unixepoch('2026-05-12 00:00:00') * 1000 AS INTEGER), CAST(unixepoch('2026-05-12 00:00:00') * 1000 AS INTEGER), CAST(unixepoch('2026-05-12 00:00:00') * 1000 AS INTEGER), CAST(unixepoch('2026-05-12 00:00:00') * 1000 AS INTEGER), 'done', NULL, 'not_considered', NULL, NULL, NULL, NULL, NULL, 'not_started', NULL, NULL, 'not_started', 'not_required', NULL, NULL, 'not_applicable', NULL, 'accepted', 'Form 8879', CAST(unixepoch('2026-05-08 14:00:00') * 1000 AS INTEGER), CAST(unixepoch('2026-05-09 09:00:00') * 1000 AS INTEGER), NULL, null, NULL, 'needs_input', '[]', NULL, NULL, CAST(unixepoch('2026-05-20 09:00:00') * 1000 AS INTEGER), CAST(unixepoch('2026-05-20 09:00:00') * 1000 AS INTEGER)),
  ('20000000-0000-4000-8000-000000000013', 'mock_firm_brightline', '10000000-0000-4000-8000-000000000008', '15000000-0000-4000-8000-000000000008', 'fed.1065.return.2025', 'federal_1065', 2025, 'calendar', 'FED', 'filing', 'Form 1065', 'IRS', 'annual', 'med', 'manual', CAST(unixepoch('2025-01-01 00:00:00') * 1000 AS INTEGER), CAST(unixepoch('2025-12-31 00:00:00') * 1000 AS INTEGER), 'calendar', 'client_default', CAST(unixepoch('2026-06-05 00:00:00') * 1000 AS INTEGER), CAST(unixepoch('2026-06-05 00:00:00') * 1000 AS INTEGER), CAST(unixepoch('2026-06-05 00:00:00') * 1000 AS INTEGER), CAST(unixepoch('2026-06-05 00:00:00') * 1000 AS INTEGER), 'done', NULL, 'not_considered', NULL, NULL, NULL, NULL, NULL, 'not_started', NULL, NULL, 'not_started', 'not_required', NULL, NULL, 'not_applicable', NULL, 'authorization_signed', 'Form 8879', NULL, NULL, NULL, 9900000, NULL, 'needs_input', '[]', NULL, NULL, CAST(unixepoch('2026-05-20 09:00:00') * 1000 AS INTEGER), CAST(unixepoch('2026-05-20 09:00:00') * 1000 AS INTEGER)),
  ('20000000-0000-4000-8000-000000000014', 'mock_firm_brightline', '10000000-0000-4000-8000-000000000008', '15000000-0000-4000-8000-000000000008', 'tx.franchise.annual_report.2026', 'tx_franchise_report', 2026, 'calendar', 'TX', 'filing', 'TX Franchise Report', 'TX', 'annual', 'med', 'manual', CAST(unixepoch('2026-01-01 00:00:00') * 1000 AS INTEGER), CAST(unixepoch('2026-12-31 00:00:00') * 1000 AS INTEGER), 'calendar', 'client_default', CAST(unixepoch('2026-05-12 00:00:00') * 1000 AS INTEGER), CAST(unixepoch('2026-10-13 00:00:00') * 1000 AS INTEGER), CAST(unixepoch('2026-11-12 00:00:00') * 1000 AS INTEGER), CAST(unixepoch('2026-05-12 00:00:00') * 1000 AS INTEGER), 'extended', NULL, 'applied', 'Client materials delayed; extension filed.', 'Partner approval', CAST(unixepoch('2026-10-13 00:00:00') * 1000 AS INTEGER), CAST(unixepoch('2026-04-20 10:00:00') * 1000 AS INTEGER), 'mock_user_manager_miguel', 'filed', 'TX Franchise Report', CAST(unixepoch('2026-04-20 10:00:00') * 1000 AS INTEGER), 'not_started', 'not_required', NULL, NULL, 'not_applicable', NULL, 'not_applicable', NULL, NULL, NULL, NULL, 9900000, NULL, 'needs_input', '[]', NULL, NULL, CAST(unixepoch('2026-05-20 09:00:00') * 1000 AS INTEGER), CAST(unixepoch('2026-05-20 09:00:00') * 1000 AS INTEGER)),
  ('20000000-0000-4000-8000-000000000015', 'mock_firm_brightline', '10000000-0000-4000-8000-000000000009', '15000000-0000-4000-8000-000000000009', 'fed.941.return.2026', 'federal_941', 2026, 'calendar', 'FED', 'filing', 'Form 941', 'IRS', 'quarterly', 'med', 'manual', CAST(unixepoch('2026-01-01 00:00:00') * 1000 AS INTEGER), CAST(unixepoch('2026-12-31 00:00:00') * 1000 AS INTEGER), 'calendar', 'client_default', CAST(unixepoch('2026-05-12 00:00:00') * 1000 AS INTEGER), CAST(unixepoch('2026-05-12 00:00:00') * 1000 AS INTEGER), CAST(unixepoch('2026-05-12 00:00:00') * 1000 AS INTEGER), CAST(unixepoch('2026-05-12 00:00:00') * 1000 AS INTEGER), 'paid', NULL, 'not_considered', NULL, NULL, NULL, NULL, NULL, 'not_applicable', NULL, NULL, 'not_started', 'not_required', NULL, NULL, 'confirmed', CAST(unixepoch('2026-05-15 09:00:00') * 1000 AS INTEGER), 'not_applicable', NULL, NULL, NULL, NULL, 4100000, NULL, 'needs_input', '[]', NULL, NULL, CAST(unixepoch('2026-05-20 09:00:00') * 1000 AS INTEGER), CAST(unixepoch('2026-05-20 09:00:00') * 1000 AS INTEGER)),
  ('20000000-0000-4000-8000-000000000016', 'mock_firm_brightline', '10000000-0000-4000-8000-000000000009', '15000000-0000-4000-8000-000000000009', 'fed.1120s.return.2025', 'federal_1120s', 2025, 'calendar', 'FED', 'filing', 'Form 1120-S', 'IRS', 'annual', 'med', 'manual', CAST(unixepoch('2025-01-01 00:00:00') * 1000 AS INTEGER), CAST(unixepoch('2025-12-31 00:00:00') * 1000 AS INTEGER), 'calendar', 'client_default', CAST(unixepoch('2026-06-02 00:00:00') * 1000 AS INTEGER), CAST(unixepoch('2026-06-02 00:00:00') * 1000 AS INTEGER), CAST(unixepoch('2026-06-02 00:00:00') * 1000 AS INTEGER), CAST(unixepoch('2026-06-02 00:00:00') * 1000 AS INTEGER), 'done', NULL, 'not_considered', NULL, NULL, NULL, NULL, NULL, 'not_started', NULL, NULL, 'not_started', 'not_required', NULL, NULL, 'not_applicable', NULL, 'submitted', 'Form 8879', CAST(unixepoch('2026-06-01 14:00:00') * 1000 AS INTEGER), NULL, NULL, 4100000, NULL, 'needs_input', '[]', NULL, NULL, CAST(unixepoch('2026-05-20 09:00:00') * 1000 AS INTEGER), CAST(unixepoch('2026-05-20 09:00:00') * 1000 AS INTEGER)),
  ('20000000-0000-4000-8000-000000000017', 'mock_firm_brightline', '10000000-0000-4000-8000-000000000010', '15000000-0000-4000-8000-000000000010', 'fed.1120.return.2025', 'federal_1120', 2025, 'calendar', 'FED', 'filing', 'Form 1120', 'IRS', 'annual', 'med', 'manual', CAST(unixepoch('2025-01-01 00:00:00') * 1000 AS INTEGER), CAST(unixepoch('2025-12-31 00:00:00') * 1000 AS INTEGER), 'calendar', 'client_default', CAST(unixepoch('2026-05-12 00:00:00') * 1000 AS INTEGER), CAST(unixepoch('2026-05-12 00:00:00') * 1000 AS INTEGER), CAST(unixepoch('2026-05-12 00:00:00') * 1000 AS INTEGER), CAST(unixepoch('2026-05-12 00:00:00') * 1000 AS INTEGER), 'review', NULL, 'not_considered', NULL, NULL, NULL, NULL, NULL, 'not_started', NULL, NULL, 'not_started', 'notes_open', NULL, NULL, 'not_applicable', NULL, 'rejected', 'Form 8879', CAST(unixepoch('2026-05-08 14:00:00') * 1000 AS INTEGER), NULL, CAST(unixepoch('2026-05-10 09:00:00') * 1000 AS INTEGER), 13500000, NULL, 'needs_input', '[]', NULL, NULL, CAST(unixepoch('2026-05-20 09:00:00') * 1000 AS INTEGER), CAST(unixepoch('2026-05-20 09:00:00') * 1000 AS INTEGER)),
  ('20000000-0000-4000-8000-000000000018', 'mock_firm_brightline', '10000000-0000-4000-8000-000000000010', '15000000-0000-4000-8000-000000000010', 'ny.ct3.return.2025', 'ny_ct3', 2025, 'calendar', 'NY', 'filing', 'Form CT-3', 'NY', 'annual', 'med', 'manual', CAST(unixepoch('2025-01-01 00:00:00') * 1000 AS INTEGER), CAST(unixepoch('2025-12-31 00:00:00') * 1000 AS INTEGER), 'calendar', 'client_default', CAST(unixepoch('2026-06-22 00:00:00') * 1000 AS INTEGER), CAST(unixepoch('2026-06-22 00:00:00') * 1000 AS INTEGER), CAST(unixepoch('2026-06-22 00:00:00') * 1000 AS INTEGER), NULL, 'review', NULL, 'not_considered', NULL, NULL, NULL, NULL, NULL, 'not_started', NULL, NULL, 'prepared', 'notes_open', 'mock_user_manager_miguel', NULL, 'not_applicable', NULL, 'not_applicable', NULL, NULL, NULL, NULL, 13500000, NULL, 'needs_input', '[]', NULL, NULL, CAST(unixepoch('2026-05-20 09:00:00') * 1000 AS INTEGER), CAST(unixepoch('2026-05-20 09:00:00') * 1000 AS INTEGER)),
  ('20000000-0000-4000-8000-000000000019', 'mock_firm_brightline', '10000000-0000-4000-8000-000000000010', '15000000-0000-4000-8000-000000000010', 'fed.1099_nec.2025', 'federal_1099_nec', 2025, 'calendar', 'FED', 'information', 'Form 1099-NEC', 'IRS', 'annual', 'med', 'manual', CAST(unixepoch('2025-01-01 00:00:00') * 1000 AS INTEGER), CAST(unixepoch('2025-12-31 00:00:00') * 1000 AS INTEGER), 'calendar', 'client_default', CAST(unixepoch('2026-09-15 00:00:00') * 1000 AS INTEGER), CAST(unixepoch('2026-09-15 00:00:00') * 1000 AS INTEGER), CAST(unixepoch('2026-09-15 00:00:00') * 1000 AS INTEGER), NULL, 'pending', NULL, 'not_considered', NULL, NULL, NULL, NULL, NULL, 'not_applicable', NULL, NULL, 'not_started', 'not_required', NULL, NULL, 'not_applicable', NULL, 'not_applicable', NULL, NULL, NULL, NULL, 13500000, NULL, 'needs_input', '[]', NULL, NULL, CAST(unixepoch('2026-05-20 09:00:00') * 1000 AS INTEGER), CAST(unixepoch('2026-05-20 09:00:00') * 1000 AS INTEGER)),
  ('20000000-0000-4000-8000-000000000020', 'mock_firm_brightline', '10000000-0000-4000-8000-000000000002', '15000000-0000-4000-8000-000000000002', 'fed.fbar.automatic_extension.2025', 'federal_fbar', 2025, 'calendar', 'FED', 'information', 'FinCEN Form 114', 'IRS', 'annual', 'med', 'manual', CAST(unixepoch('2025-01-01 00:00:00') * 1000 AS INTEGER), CAST(unixepoch('2025-12-31 00:00:00') * 1000 AS INTEGER), 'calendar', 'client_default', CAST(unixepoch('2026-05-12 00:00:00') * 1000 AS INTEGER), CAST(unixepoch('2026-10-13 00:00:00') * 1000 AS INTEGER), CAST(unixepoch('2026-11-12 00:00:00') * 1000 AS INTEGER), CAST(unixepoch('2026-05-12 00:00:00') * 1000 AS INTEGER), 'extended', NULL, 'applied', 'Client materials delayed; extension filed.', 'Partner approval', CAST(unixepoch('2026-10-13 00:00:00') * 1000 AS INTEGER), CAST(unixepoch('2026-04-20 10:00:00') * 1000 AS INTEGER), 'mock_user_manager_miguel', 'filed', 'FinCEN Form 114', CAST(unixepoch('2026-04-20 10:00:00') * 1000 AS INTEGER), 'not_started', 'not_required', NULL, NULL, 'not_applicable', NULL, 'not_applicable', NULL, NULL, NULL, NULL, 1800000, NULL, 'needs_input', '[]', NULL, NULL, CAST(unixepoch('2026-05-20 09:00:00') * 1000 AS INTEGER), CAST(unixepoch('2026-05-20 09:00:00') * 1000 AS INTEGER)),
  ('20000000-0000-4000-8000-000000000021', 'mock_firm_brightline', '10000000-0000-4000-8000-000000000007', '15000000-0000-4000-8000-000000000007', 'ny.it204.return.2025', 'ny_it204', 2025, 'calendar', 'NY', 'filing', 'Form IT-204', 'NY', 'annual', 'med', 'manual', CAST(unixepoch('2025-01-01 00:00:00') * 1000 AS INTEGER), CAST(unixepoch('2025-12-31 00:00:00') * 1000 AS INTEGER), 'calendar', 'client_default', CAST(unixepoch('2026-05-12 00:00:00') * 1000 AS INTEGER), CAST(unixepoch('2026-05-12 00:00:00') * 1000 AS INTEGER), CAST(unixepoch('2026-05-12 00:00:00') * 1000 AS INTEGER), NULL, 'completed', NULL, 'not_considered', NULL, NULL, NULL, NULL, NULL, 'not_started', NULL, NULL, 'prepared', 'approved', NULL, NULL, 'not_applicable', NULL, 'not_applicable', NULL, NULL, NULL, NULL, null, NULL, 'needs_input', '[]', NULL, NULL, CAST(unixepoch('2026-05-20 09:00:00') * 1000 AS INTEGER), CAST(unixepoch('2026-05-20 09:00:00') * 1000 AS INTEGER)),
  ('20000000-0000-4000-8000-000000000022', 'mock_firm_brightline', '10000000-0000-4000-8000-000000000010', '15000000-0000-4000-8000-000000000010', 'ca.100.return.2025', 'ca_100', 2025, 'calendar', 'CA', 'filing', 'Form 100', 'CA', 'annual', 'med', 'manual', CAST(unixepoch('2025-01-01 00:00:00') * 1000 AS INTEGER), CAST(unixepoch('2025-12-31 00:00:00') * 1000 AS INTEGER), 'calendar', 'client_default', CAST(unixepoch('2026-09-15 00:00:00') * 1000 AS INTEGER), CAST(unixepoch('2026-09-15 00:00:00') * 1000 AS INTEGER), CAST(unixepoch('2026-09-15 00:00:00') * 1000 AS INTEGER), NULL, 'not_applicable', NULL, 'not_considered', NULL, NULL, NULL, NULL, NULL, 'not_started', NULL, NULL, 'not_started', 'not_required', NULL, NULL, 'not_applicable', NULL, 'not_applicable', NULL, NULL, NULL, NULL, 13500000, NULL, 'needs_input', '[]', NULL, NULL, CAST(unixepoch('2026-05-20 09:00:00') * 1000 AS INTEGER), CAST(unixepoch('2026-05-20 09:00:00') * 1000 AS INTEGER)),
  ('20000000-0000-4000-8000-000000000023', 'mock_firm_brightline', '10000000-0000-4000-8000-000000000006', '15000000-0000-4000-8000-000000000006', 'ny.it205.return.2025', 'ny_it205', 2025, 'calendar', 'NY', 'filing', 'Form IT-205', 'NY', 'annual', 'med', 'manual', CAST(unixepoch('2025-01-01 00:00:00') * 1000 AS INTEGER), CAST(unixepoch('2025-12-31 00:00:00') * 1000 AS INTEGER), 'calendar', 'client_default', CAST(unixepoch('2026-06-22 00:00:00') * 1000 AS INTEGER), CAST(unixepoch('2026-06-22 00:00:00') * 1000 AS INTEGER), CAST(unixepoch('2026-06-22 00:00:00') * 1000 AS INTEGER), NULL, 'pending', NULL, 'rejected', 'Client opted to file on time; extension declined.', NULL, NULL, CAST(unixepoch('2026-04-20 10:00:00') * 1000 AS INTEGER), 'mock_user_manager_miguel', 'rejected', NULL, NULL, 'not_started', 'not_required', NULL, NULL, 'not_applicable', NULL, 'not_applicable', NULL, NULL, NULL, NULL, 2600000, NULL, 'needs_input', '[]', NULL, NULL, CAST(unixepoch('2026-05-20 09:00:00') * 1000 AS INTEGER), CAST(unixepoch('2026-05-20 09:00:00') * 1000 AS INTEGER)),
  ('20000000-0000-4000-8000-000000000024', 'mock_firm_brightline', '10000000-0000-4000-8000-000000000005', '15000000-0000-4000-8000-000000000005', 'fed.1120.estimated_tax.2026', 'federal_1120_estimated_tax', 2026, 'calendar', 'FED', 'payment', 'Form 1120-W', 'IRS', 'quarterly', 'med', 'manual', CAST(unixepoch('2026-01-01 00:00:00') * 1000 AS INTEGER), CAST(unixepoch('2026-12-31 00:00:00') * 1000 AS INTEGER), 'calendar', 'client_default', CAST(unixepoch('2026-06-05 00:00:00') * 1000 AS INTEGER), CAST(unixepoch('2026-06-05 00:00:00') * 1000 AS INTEGER), CAST(unixepoch('2026-06-05 00:00:00') * 1000 AS INTEGER), CAST(unixepoch('2026-06-05 00:00:00') * 1000 AS INTEGER), 'pending', NULL, 'not_considered', NULL, NULL, NULL, NULL, NULL, 'not_applicable', NULL, NULL, 'not_started', 'not_required', NULL, NULL, 'client_approval_needed', NULL, 'not_applicable', NULL, NULL, NULL, NULL, 16200000, NULL, 'needs_input', '[]', NULL, NULL, CAST(unixepoch('2026-05-20 09:00:00') * 1000 AS INTEGER), CAST(unixepoch('2026-05-20 09:00:00') * 1000 AS INTEGER)),
  ('20000000-0000-4000-8000-000000000025', 'mock_firm_brightline', '10000000-0000-4000-8000-000000000004', '15000000-0000-4000-8000-000000000004', 'ny.ct3s.return.2025', 'ny_ct3s', 2025, 'calendar', 'NY', 'filing', 'Form CT-3-S', 'NY', 'annual', 'med', 'manual', CAST(unixepoch('2025-01-01 00:00:00') * 1000 AS INTEGER), CAST(unixepoch('2025-12-31 00:00:00') * 1000 AS INTEGER), 'calendar', 'client_default', CAST(unixepoch('2026-07-15 00:00:00') * 1000 AS INTEGER), CAST(unixepoch('2026-07-15 00:00:00') * 1000 AS INTEGER), CAST(unixepoch('2026-07-15 00:00:00') * 1000 AS INTEGER), NULL, 'in_progress', NULL, 'not_considered', NULL, NULL, NULL, NULL, NULL, 'not_started', NULL, NULL, 'bookkeeping_cleanup', 'not_required', NULL, NULL, 'not_applicable', NULL, 'not_applicable', NULL, NULL, NULL, NULL, 5500000, NULL, 'needs_input', '[]', NULL, NULL, CAST(unixepoch('2026-05-20 09:00:00') * 1000 AS INTEGER), CAST(unixepoch('2026-05-20 09:00:00') * 1000 AS INTEGER)),
  ('20000000-0000-4000-8000-000000000026', 'mock_firm_brightline', '10000000-0000-4000-8000-000000000008', '15000000-0000-4000-8000-000000000008', 'tx.franchise.pir_oir.2026', 'tx_pir_oir', 2026, 'calendar', 'TX', 'information', 'PIR/OIR', 'TX', 'annual', 'med', 'manual', CAST(unixepoch('2026-01-01 00:00:00') * 1000 AS INTEGER), CAST(unixepoch('2026-12-31 00:00:00') * 1000 AS INTEGER), 'calendar', 'client_default', CAST(unixepoch('2026-06-22 00:00:00') * 1000 AS INTEGER), CAST(unixepoch('2026-06-22 00:00:00') * 1000 AS INTEGER), CAST(unixepoch('2026-06-22 00:00:00') * 1000 AS INTEGER), NULL, 'pending', NULL, 'not_considered', NULL, NULL, NULL, NULL, NULL, 'not_applicable', NULL, NULL, 'not_started', 'not_required', NULL, NULL, 'not_applicable', NULL, 'not_applicable', NULL, NULL, NULL, NULL, 9900000, NULL, 'needs_input', '[]', NULL, NULL, CAST(unixepoch('2026-05-20 09:00:00') * 1000 AS INTEGER), CAST(unixepoch('2026-05-20 09:00:00') * 1000 AS INTEGER)),
  ('20000000-0000-4000-8000-000000000027', 'mock_firm_brightline', '10000000-0000-4000-8000-000000000009', '15000000-0000-4000-8000-000000000009', 'fed.1040.return.2025', 'federal_1040', 2025, 'calendar', 'FED', 'filing', 'Form 1040', 'IRS', 'annual', 'med', 'manual', CAST(unixepoch('2025-01-01 00:00:00') * 1000 AS INTEGER), CAST(unixepoch('2025-12-31 00:00:00') * 1000 AS INTEGER), 'calendar', 'client_default', CAST(unixepoch('2026-05-12 00:00:00') * 1000 AS INTEGER), CAST(unixepoch('2026-05-12 00:00:00') * 1000 AS INTEGER), CAST(unixepoch('2026-05-12 00:00:00') * 1000 AS INTEGER), CAST(unixepoch('2026-05-12 00:00:00') * 1000 AS INTEGER), 'done', NULL, 'not_considered', NULL, NULL, NULL, NULL, NULL, 'not_started', NULL, NULL, 'not_started', 'not_required', NULL, NULL, 'not_applicable', NULL, 'paper_filed', NULL, NULL, NULL, NULL, 4100000, NULL, 'needs_input', '[]', NULL, NULL, CAST(unixepoch('2026-05-20 09:00:00') * 1000 AS INTEGER), CAST(unixepoch('2026-05-20 09:00:00') * 1000 AS INTEGER)),
  ('20000000-0000-4000-8000-000000000028', 'mock_firm_brightline', '10000000-0000-4000-8000-000000000003', '15000000-0000-4000-8000-000000000003', 'fed.1065.return.2025', 'federal_1065', 2025, 'calendar', 'FED', 'filing', 'Form 1065', 'IRS', 'annual', 'med', 'manual', CAST(unixepoch('2025-01-01 00:00:00') * 1000 AS INTEGER), CAST(unixepoch('2025-12-31 00:00:00') * 1000 AS INTEGER), 'calendar', 'client_default', CAST(unixepoch('2026-06-02 00:00:00') * 1000 AS INTEGER), CAST(unixepoch('2026-06-02 00:00:00') * 1000 AS INTEGER), CAST(unixepoch('2026-06-02 00:00:00') * 1000 AS INTEGER), CAST(unixepoch('2026-06-02 00:00:00') * 1000 AS INTEGER), 'pending', NULL, 'not_considered', NULL, NULL, NULL, NULL, NULL, 'not_started', NULL, NULL, 'not_started', 'not_required', NULL, NULL, 'not_applicable', NULL, 'not_applicable', NULL, NULL, NULL, NULL, 7800000, NULL, 'needs_input', '[]', NULL, NULL, CAST(unixepoch('2026-05-20 09:00:00') * 1000 AS INTEGER), CAST(unixepoch('2026-05-20 09:00:00') * 1000 AS INTEGER));

INSERT INTO obligation_instance
  (id, firm_id, client_id, client_filing_profile_id, rule_id, tax_type, tax_year, tax_year_type, jurisdiction, obligation_type, form_name, authority, recurrence, risk_level, generation_source, tax_period_start, tax_period_end, tax_period_kind, tax_period_source, base_due_date, current_due_date, filing_due_date, payment_due_date, status, blocked_by_obligation_instance_id, extension_decision, extension_memo, extension_source, extension_expected_due_date, extension_decided_at, extension_decided_by_user_id, extension_state, extension_form_name, extension_filed_at, prep_stage, review_stage, reviewer_user_id, review_completed_at, payment_state, payment_confirmed_at, efile_state, efile_authorization_form, efile_submitted_at, efile_accepted_at, efile_rejected_at, estimated_tax_due_cents, estimated_exposure_cents, exposure_status, penalty_breakdown_json, penalty_formula_version, exposure_calculated_at, created_at, updated_at)
VALUES
  ('24000000-0000-4000-8000-000000000001', 'mock_firm_solo', '14000000-0000-4000-8000-000000000001', '19000000-0000-4000-8000-000000000001', 'fed.1040.return.2025', 'federal_1040', 2025, 'calendar', 'FED', 'filing', 'Form 1040', 'IRS', 'annual', 'med', 'manual', CAST(unixepoch('2025-01-01 00:00:00') * 1000 AS INTEGER), CAST(unixepoch('2025-12-31 00:00:00') * 1000 AS INTEGER), 'calendar', 'client_default', CAST(unixepoch('2026-06-22 00:00:00') * 1000 AS INTEGER), CAST(unixepoch('2026-06-22 00:00:00') * 1000 AS INTEGER), CAST(unixepoch('2026-06-22 00:00:00') * 1000 AS INTEGER), CAST(unixepoch('2026-06-22 00:00:00') * 1000 AS INTEGER), 'pending', NULL, 'not_considered', NULL, NULL, NULL, NULL, NULL, 'not_started', NULL, NULL, 'not_started', 'not_required', NULL, NULL, 'not_applicable', NULL, 'not_applicable', NULL, NULL, NULL, NULL, 3200000, NULL, 'needs_input', '[]', NULL, NULL, CAST(unixepoch('2026-05-20 09:00:00') * 1000 AS INTEGER), CAST(unixepoch('2026-05-20 09:00:00') * 1000 AS INTEGER)),
  ('24000000-0000-4000-8000-000000000002', 'mock_firm_solo', '14000000-0000-4000-8000-000000000001', '19000000-0000-4000-8000-000000000001', 'fed.1040.estimated_tax.2026', 'federal_1040_estimated_tax', 2026, 'calendar', 'FED', 'payment', 'Form 1040-ES', 'IRS', 'quarterly', 'med', 'manual', CAST(unixepoch('2026-01-01 00:00:00') * 1000 AS INTEGER), CAST(unixepoch('2026-12-31 00:00:00') * 1000 AS INTEGER), 'calendar', 'client_default', CAST(unixepoch('2026-06-05 00:00:00') * 1000 AS INTEGER), CAST(unixepoch('2026-06-05 00:00:00') * 1000 AS INTEGER), CAST(unixepoch('2026-06-05 00:00:00') * 1000 AS INTEGER), CAST(unixepoch('2026-06-05 00:00:00') * 1000 AS INTEGER), 'pending', NULL, 'not_considered', NULL, NULL, NULL, NULL, NULL, 'not_applicable', NULL, NULL, 'not_started', 'not_required', NULL, NULL, 'scheduled', NULL, 'not_applicable', NULL, NULL, NULL, NULL, 3200000, NULL, 'needs_input', '[]', NULL, NULL, CAST(unixepoch('2026-05-20 09:00:00') * 1000 AS INTEGER), CAST(unixepoch('2026-05-20 09:00:00') * 1000 AS INTEGER)),
  ('24000000-0000-4000-8000-000000000003', 'mock_firm_solo', '14000000-0000-4000-8000-000000000002', '19000000-0000-4000-8000-000000000002', 'fed.1040.return.2025', 'federal_1040', 2025, 'calendar', 'FED', 'filing', 'Form 1040', 'IRS', 'annual', 'med', 'manual', CAST(unixepoch('2025-01-01 00:00:00') * 1000 AS INTEGER), CAST(unixepoch('2025-12-31 00:00:00') * 1000 AS INTEGER), 'calendar', 'client_default', CAST(unixepoch('2026-05-12 00:00:00') * 1000 AS INTEGER), CAST(unixepoch('2026-05-12 00:00:00') * 1000 AS INTEGER), CAST(unixepoch('2026-05-12 00:00:00') * 1000 AS INTEGER), CAST(unixepoch('2026-05-12 00:00:00') * 1000 AS INTEGER), 'pending', NULL, 'not_considered', NULL, NULL, NULL, NULL, NULL, 'not_started', NULL, NULL, 'not_started', 'not_required', NULL, NULL, 'not_applicable', NULL, 'not_applicable', NULL, NULL, NULL, NULL, 1800000, 270000, 'ready', '[{"key":"late_filing","label":"Late filing — §6651(a)(1)","amountCents":243000,"formula":"4.5% x $18,000 unpaid x 3 months (net of failure-to-pay offset)"},{"key":"failure_to_pay","label":"Failure to pay — §6651(a)(2)","amountCents":27000,"formula":"0.5% x $18,000 unpaid x 3 months"}]', 'penalty-v1', CAST(unixepoch('2026-05-20 09:00:00') * 1000 AS INTEGER), CAST(unixepoch('2026-05-20 09:00:00') * 1000 AS INTEGER), CAST(unixepoch('2026-05-20 09:00:00') * 1000 AS INTEGER)),
  ('24000000-0000-4000-8000-000000000004', 'mock_firm_solo', '14000000-0000-4000-8000-000000000003', '19000000-0000-4000-8000-000000000003', 'fed.1065.return.2025', 'federal_1065', 2025, 'calendar', 'FED', 'filing', 'Form 1065', 'IRS', 'annual', 'med', 'manual', CAST(unixepoch('2025-01-01 00:00:00') * 1000 AS INTEGER), CAST(unixepoch('2025-12-31 00:00:00') * 1000 AS INTEGER), 'calendar', 'client_default', CAST(unixepoch('2026-06-22 00:00:00') * 1000 AS INTEGER), CAST(unixepoch('2026-06-22 00:00:00') * 1000 AS INTEGER), CAST(unixepoch('2026-06-22 00:00:00') * 1000 AS INTEGER), CAST(unixepoch('2026-06-22 00:00:00') * 1000 AS INTEGER), 'in_progress', NULL, 'not_considered', NULL, NULL, NULL, NULL, NULL, 'not_started', NULL, NULL, 'in_prep', 'not_required', NULL, NULL, 'not_applicable', NULL, 'not_applicable', NULL, NULL, NULL, NULL, 7800000, NULL, 'needs_input', '[]', NULL, NULL, CAST(unixepoch('2026-05-20 09:00:00') * 1000 AS INTEGER), CAST(unixepoch('2026-05-20 09:00:00') * 1000 AS INTEGER)),
  ('24000000-0000-4000-8000-000000000005', 'mock_firm_solo', '14000000-0000-4000-8000-000000000003', '19000000-0000-4000-8000-000000000003', 'ca.llc.568.return.2025', 'ca_llc_568', 2025, 'calendar', 'CA', 'filing', 'Form 568', 'CA', 'annual', 'med', 'manual', CAST(unixepoch('2025-01-01 00:00:00') * 1000 AS INTEGER), CAST(unixepoch('2025-12-31 00:00:00') * 1000 AS INTEGER), 'calendar', 'client_default', CAST(unixepoch('2026-05-12 00:00:00') * 1000 AS INTEGER), CAST(unixepoch('2026-11-12 00:00:00') * 1000 AS INTEGER), CAST(unixepoch('2026-12-12 00:00:00') * 1000 AS INTEGER), CAST(unixepoch('2026-05-12 00:00:00') * 1000 AS INTEGER), 'extended', NULL, 'applied', 'Client materials delayed; extension filed.', 'Partner approval', CAST(unixepoch('2026-11-12 00:00:00') * 1000 AS INTEGER), CAST(unixepoch('2026-04-20 10:00:00') * 1000 AS INTEGER), 'mock_user_owner_sarah', 'filed', 'Form 568', CAST(unixepoch('2026-04-20 10:00:00') * 1000 AS INTEGER), 'not_started', 'not_required', NULL, NULL, 'not_applicable', NULL, 'not_applicable', NULL, NULL, NULL, NULL, 7800000, NULL, 'needs_input', '[]', NULL, NULL, CAST(unixepoch('2026-05-20 09:00:00') * 1000 AS INTEGER), CAST(unixepoch('2026-05-20 09:00:00') * 1000 AS INTEGER)),
  ('24000000-0000-4000-8000-000000000006', 'mock_firm_solo', '14000000-0000-4000-8000-000000000004', '19000000-0000-4000-8000-000000000004', 'fed.1120s.return.2025', 'federal_1120s', 2025, 'calendar', 'FED', 'filing', 'Form 1120-S', 'IRS', 'annual', 'med', 'manual', CAST(unixepoch('2025-01-01 00:00:00') * 1000 AS INTEGER), CAST(unixepoch('2025-12-31 00:00:00') * 1000 AS INTEGER), 'calendar', 'client_default', CAST(unixepoch('2026-05-12 00:00:00') * 1000 AS INTEGER), CAST(unixepoch('2026-05-12 00:00:00') * 1000 AS INTEGER), CAST(unixepoch('2026-05-12 00:00:00') * 1000 AS INTEGER), CAST(unixepoch('2026-05-12 00:00:00') * 1000 AS INTEGER), 'done', NULL, 'not_considered', NULL, NULL, NULL, NULL, NULL, 'not_started', NULL, NULL, 'prepared', 'approved', NULL, NULL, 'not_applicable', NULL, 'authorization_requested', 'Form 8879', NULL, NULL, NULL, 5500000, NULL, 'needs_input', '[]', NULL, NULL, CAST(unixepoch('2026-05-20 09:00:00') * 1000 AS INTEGER), CAST(unixepoch('2026-05-20 09:00:00') * 1000 AS INTEGER)),
  ('24000000-0000-4000-8000-000000000007', 'mock_firm_solo', '14000000-0000-4000-8000-000000000004', '19000000-0000-4000-8000-000000000004', 'ny.ct3s.return.2025', 'ny_ct3s', 2025, 'calendar', 'NY', 'filing', 'Form CT-3-S', 'NY', 'annual', 'med', 'manual', CAST(unixepoch('2025-01-01 00:00:00') * 1000 AS INTEGER), CAST(unixepoch('2025-12-31 00:00:00') * 1000 AS INTEGER), 'calendar', 'client_default', CAST(unixepoch('2026-06-22 00:00:00') * 1000 AS INTEGER), CAST(unixepoch('2026-06-22 00:00:00') * 1000 AS INTEGER), CAST(unixepoch('2026-06-22 00:00:00') * 1000 AS INTEGER), NULL, 'review', NULL, 'not_considered', NULL, NULL, NULL, NULL, NULL, 'not_started', NULL, NULL, 'prepared', 'in_review', 'mock_user_owner_sarah', NULL, 'not_applicable', NULL, 'not_applicable', NULL, NULL, NULL, NULL, 5500000, NULL, 'needs_input', '[]', NULL, NULL, CAST(unixepoch('2026-05-20 09:00:00') * 1000 AS INTEGER), CAST(unixepoch('2026-05-20 09:00:00') * 1000 AS INTEGER)),
  ('24000000-0000-4000-8000-000000000008', 'mock_firm_solo', '14000000-0000-4000-8000-000000000005', '19000000-0000-4000-8000-000000000005', 'fed.1120.return.2025', 'federal_1120', 2025, 'calendar', 'FED', 'filing', 'Form 1120', 'IRS', 'annual', 'med', 'manual', CAST(unixepoch('2025-01-01 00:00:00') * 1000 AS INTEGER), CAST(unixepoch('2025-12-31 00:00:00') * 1000 AS INTEGER), 'calendar', 'client_default', CAST(unixepoch('2026-05-12 00:00:00') * 1000 AS INTEGER), CAST(unixepoch('2026-10-13 00:00:00') * 1000 AS INTEGER), CAST(unixepoch('2026-11-12 00:00:00') * 1000 AS INTEGER), CAST(unixepoch('2026-05-12 00:00:00') * 1000 AS INTEGER), 'extended', NULL, 'applied', 'Client materials delayed; extension filed.', 'Partner approval', CAST(unixepoch('2026-10-13 00:00:00') * 1000 AS INTEGER), CAST(unixepoch('2026-04-20 10:00:00') * 1000 AS INTEGER), 'mock_user_owner_sarah', 'filed', 'Form 7004', CAST(unixepoch('2026-04-20 10:00:00') * 1000 AS INTEGER), 'not_started', 'not_required', NULL, NULL, 'not_applicable', NULL, 'not_applicable', NULL, NULL, NULL, NULL, 16200000, 243000, 'ready', '[{"key":"failure_to_pay","label":"Failure to pay (payment not extended) — §6651(a)(2)","amountCents":243000,"formula":"0.5% x $162,000 balance x 3 months"}]', 'penalty-v1', CAST(unixepoch('2026-05-20 09:00:00') * 1000 AS INTEGER), CAST(unixepoch('2026-05-20 09:00:00') * 1000 AS INTEGER), CAST(unixepoch('2026-05-20 09:00:00') * 1000 AS INTEGER)),
  ('24000000-0000-4000-8000-000000000009', 'mock_firm_solo', '14000000-0000-4000-8000-000000000005', '19000000-0000-4000-8000-000000000005', 'fl.f1120.return.2025', 'fl_f1120', 2025, 'calendar', 'FL', 'filing', 'Form F-1120', 'FL', 'annual', 'med', 'manual', CAST(unixepoch('2025-01-01 00:00:00') * 1000 AS INTEGER), CAST(unixepoch('2025-12-31 00:00:00') * 1000 AS INTEGER), 'calendar', 'client_default', CAST(unixepoch('2026-07-15 00:00:00') * 1000 AS INTEGER), CAST(unixepoch('2026-07-15 00:00:00') * 1000 AS INTEGER), CAST(unixepoch('2026-07-15 00:00:00') * 1000 AS INTEGER), NULL, 'waiting_on_client', NULL, 'not_considered', NULL, NULL, NULL, NULL, NULL, 'not_started', NULL, NULL, 'waiting_on_client', 'not_required', NULL, NULL, 'not_applicable', NULL, 'not_applicable', NULL, NULL, NULL, NULL, 16200000, NULL, 'needs_input', '[]', NULL, NULL, CAST(unixepoch('2026-05-20 09:00:00') * 1000 AS INTEGER), CAST(unixepoch('2026-05-20 09:00:00') * 1000 AS INTEGER)),
  ('24000000-0000-4000-8000-000000000010', 'mock_firm_solo', '14000000-0000-4000-8000-000000000006', '19000000-0000-4000-8000-000000000006', 'fed.1041.return.2025', 'federal_1041', 2025, 'calendar', 'FED', 'filing', 'Form 1041', 'IRS', 'annual', 'med', 'manual', CAST(unixepoch('2025-01-01 00:00:00') * 1000 AS INTEGER), CAST(unixepoch('2025-12-31 00:00:00') * 1000 AS INTEGER), 'calendar', 'client_default', CAST(unixepoch('2026-05-12 00:00:00') * 1000 AS INTEGER), CAST(unixepoch('2026-09-27 00:00:00') * 1000 AS INTEGER), CAST(unixepoch('2026-10-27 00:00:00') * 1000 AS INTEGER), CAST(unixepoch('2026-05-12 00:00:00') * 1000 AS INTEGER), 'extended', NULL, 'applied', 'Client materials delayed; extension filed.', 'Partner approval', CAST(unixepoch('2026-09-27 00:00:00') * 1000 AS INTEGER), CAST(unixepoch('2026-04-20 10:00:00') * 1000 AS INTEGER), 'mock_user_owner_sarah', 'filed', 'Form 7004', CAST(unixepoch('2026-04-20 10:00:00') * 1000 AS INTEGER), 'not_started', 'not_required', NULL, NULL, 'not_applicable', NULL, 'not_applicable', NULL, NULL, NULL, NULL, 2600000, 39000, 'ready', '[{"key":"failure_to_pay","label":"Failure to pay (payment not extended) — §6651(a)(2)","amountCents":39000,"formula":"0.5% x $26,000 balance x 3 months"}]', 'penalty-v1', CAST(unixepoch('2026-05-20 09:00:00') * 1000 AS INTEGER), CAST(unixepoch('2026-05-20 09:00:00') * 1000 AS INTEGER), CAST(unixepoch('2026-05-20 09:00:00') * 1000 AS INTEGER)),
  ('24000000-0000-4000-8000-000000000011', 'mock_firm_solo', '14000000-0000-4000-8000-000000000006', '19000000-0000-4000-8000-000000000006', 'ca.541.return.2025', 'ca_541', 2025, 'calendar', 'CA', 'filing', 'Form 541', 'CA', 'annual', 'med', 'manual', CAST(unixepoch('2025-01-01 00:00:00') * 1000 AS INTEGER), CAST(unixepoch('2025-12-31 00:00:00') * 1000 AS INTEGER), 'calendar', 'client_default', CAST(unixepoch('2026-06-22 00:00:00') * 1000 AS INTEGER), CAST(unixepoch('2026-06-22 00:00:00') * 1000 AS INTEGER), CAST(unixepoch('2026-06-22 00:00:00') * 1000 AS INTEGER), NULL, 'blocked', '24000000-0000-4000-8000-000000000010', 'not_considered', NULL, NULL, NULL, NULL, NULL, 'not_started', NULL, NULL, 'not_started', 'not_required', NULL, NULL, 'not_applicable', NULL, 'not_applicable', NULL, NULL, NULL, NULL, 2600000, NULL, 'needs_input', '[]', NULL, NULL, CAST(unixepoch('2026-05-20 09:00:00') * 1000 AS INTEGER), CAST(unixepoch('2026-05-20 09:00:00') * 1000 AS INTEGER)),
  ('24000000-0000-4000-8000-000000000012', 'mock_firm_solo', '14000000-0000-4000-8000-000000000007', '19000000-0000-4000-8000-000000000007', 'fed.990.return.2025', 'federal_990', 2025, 'calendar', 'FED', 'filing', 'Form 990', 'IRS', 'annual', 'med', 'manual', CAST(unixepoch('2025-01-01 00:00:00') * 1000 AS INTEGER), CAST(unixepoch('2025-12-31 00:00:00') * 1000 AS INTEGER), 'calendar', 'client_default', CAST(unixepoch('2026-05-12 00:00:00') * 1000 AS INTEGER), CAST(unixepoch('2026-05-12 00:00:00') * 1000 AS INTEGER), CAST(unixepoch('2026-05-12 00:00:00') * 1000 AS INTEGER), CAST(unixepoch('2026-05-12 00:00:00') * 1000 AS INTEGER), 'done', NULL, 'not_considered', NULL, NULL, NULL, NULL, NULL, 'not_started', NULL, NULL, 'not_started', 'not_required', NULL, NULL, 'not_applicable', NULL, 'accepted', 'Form 8879', CAST(unixepoch('2026-05-08 14:00:00') * 1000 AS INTEGER), CAST(unixepoch('2026-05-09 09:00:00') * 1000 AS INTEGER), NULL, null, NULL, 'needs_input', '[]', NULL, NULL, CAST(unixepoch('2026-05-20 09:00:00') * 1000 AS INTEGER), CAST(unixepoch('2026-05-20 09:00:00') * 1000 AS INTEGER)),
  ('24000000-0000-4000-8000-000000000013', 'mock_firm_solo', '14000000-0000-4000-8000-000000000008', '19000000-0000-4000-8000-000000000008', 'fed.1065.return.2025', 'federal_1065', 2025, 'calendar', 'FED', 'filing', 'Form 1065', 'IRS', 'annual', 'med', 'manual', CAST(unixepoch('2025-01-01 00:00:00') * 1000 AS INTEGER), CAST(unixepoch('2025-12-31 00:00:00') * 1000 AS INTEGER), 'calendar', 'client_default', CAST(unixepoch('2026-06-05 00:00:00') * 1000 AS INTEGER), CAST(unixepoch('2026-06-05 00:00:00') * 1000 AS INTEGER), CAST(unixepoch('2026-06-05 00:00:00') * 1000 AS INTEGER), CAST(unixepoch('2026-06-05 00:00:00') * 1000 AS INTEGER), 'done', NULL, 'not_considered', NULL, NULL, NULL, NULL, NULL, 'not_started', NULL, NULL, 'not_started', 'not_required', NULL, NULL, 'not_applicable', NULL, 'authorization_signed', 'Form 8879', NULL, NULL, NULL, 9900000, NULL, 'needs_input', '[]', NULL, NULL, CAST(unixepoch('2026-05-20 09:00:00') * 1000 AS INTEGER), CAST(unixepoch('2026-05-20 09:00:00') * 1000 AS INTEGER)),
  ('24000000-0000-4000-8000-000000000014', 'mock_firm_solo', '14000000-0000-4000-8000-000000000008', '19000000-0000-4000-8000-000000000008', 'tx.franchise.annual_report.2026', 'tx_franchise_report', 2026, 'calendar', 'TX', 'filing', 'TX Franchise Report', 'TX', 'annual', 'med', 'manual', CAST(unixepoch('2026-01-01 00:00:00') * 1000 AS INTEGER), CAST(unixepoch('2026-12-31 00:00:00') * 1000 AS INTEGER), 'calendar', 'client_default', CAST(unixepoch('2026-05-12 00:00:00') * 1000 AS INTEGER), CAST(unixepoch('2026-10-13 00:00:00') * 1000 AS INTEGER), CAST(unixepoch('2026-11-12 00:00:00') * 1000 AS INTEGER), CAST(unixepoch('2026-05-12 00:00:00') * 1000 AS INTEGER), 'extended', NULL, 'applied', 'Client materials delayed; extension filed.', 'Partner approval', CAST(unixepoch('2026-10-13 00:00:00') * 1000 AS INTEGER), CAST(unixepoch('2026-04-20 10:00:00') * 1000 AS INTEGER), 'mock_user_owner_sarah', 'filed', 'TX Franchise Report', CAST(unixepoch('2026-04-20 10:00:00') * 1000 AS INTEGER), 'not_started', 'not_required', NULL, NULL, 'not_applicable', NULL, 'not_applicable', NULL, NULL, NULL, NULL, 9900000, NULL, 'needs_input', '[]', NULL, NULL, CAST(unixepoch('2026-05-20 09:00:00') * 1000 AS INTEGER), CAST(unixepoch('2026-05-20 09:00:00') * 1000 AS INTEGER)),
  ('24000000-0000-4000-8000-000000000015', 'mock_firm_solo', '14000000-0000-4000-8000-000000000009', '19000000-0000-4000-8000-000000000009', 'fed.941.return.2026', 'federal_941', 2026, 'calendar', 'FED', 'filing', 'Form 941', 'IRS', 'quarterly', 'med', 'manual', CAST(unixepoch('2026-01-01 00:00:00') * 1000 AS INTEGER), CAST(unixepoch('2026-12-31 00:00:00') * 1000 AS INTEGER), 'calendar', 'client_default', CAST(unixepoch('2026-05-12 00:00:00') * 1000 AS INTEGER), CAST(unixepoch('2026-05-12 00:00:00') * 1000 AS INTEGER), CAST(unixepoch('2026-05-12 00:00:00') * 1000 AS INTEGER), CAST(unixepoch('2026-05-12 00:00:00') * 1000 AS INTEGER), 'paid', NULL, 'not_considered', NULL, NULL, NULL, NULL, NULL, 'not_applicable', NULL, NULL, 'not_started', 'not_required', NULL, NULL, 'confirmed', CAST(unixepoch('2026-05-15 09:00:00') * 1000 AS INTEGER), 'not_applicable', NULL, NULL, NULL, NULL, 4100000, NULL, 'needs_input', '[]', NULL, NULL, CAST(unixepoch('2026-05-20 09:00:00') * 1000 AS INTEGER), CAST(unixepoch('2026-05-20 09:00:00') * 1000 AS INTEGER)),
  ('24000000-0000-4000-8000-000000000016', 'mock_firm_solo', '14000000-0000-4000-8000-000000000009', '19000000-0000-4000-8000-000000000009', 'fed.1120s.return.2025', 'federal_1120s', 2025, 'calendar', 'FED', 'filing', 'Form 1120-S', 'IRS', 'annual', 'med', 'manual', CAST(unixepoch('2025-01-01 00:00:00') * 1000 AS INTEGER), CAST(unixepoch('2025-12-31 00:00:00') * 1000 AS INTEGER), 'calendar', 'client_default', CAST(unixepoch('2026-06-02 00:00:00') * 1000 AS INTEGER), CAST(unixepoch('2026-06-02 00:00:00') * 1000 AS INTEGER), CAST(unixepoch('2026-06-02 00:00:00') * 1000 AS INTEGER), CAST(unixepoch('2026-06-02 00:00:00') * 1000 AS INTEGER), 'done', NULL, 'not_considered', NULL, NULL, NULL, NULL, NULL, 'not_started', NULL, NULL, 'not_started', 'not_required', NULL, NULL, 'not_applicable', NULL, 'submitted', 'Form 8879', CAST(unixepoch('2026-06-01 14:00:00') * 1000 AS INTEGER), NULL, NULL, 4100000, NULL, 'needs_input', '[]', NULL, NULL, CAST(unixepoch('2026-05-20 09:00:00') * 1000 AS INTEGER), CAST(unixepoch('2026-05-20 09:00:00') * 1000 AS INTEGER)),
  ('24000000-0000-4000-8000-000000000017', 'mock_firm_solo', '14000000-0000-4000-8000-000000000010', '19000000-0000-4000-8000-000000000010', 'fed.1120.return.2025', 'federal_1120', 2025, 'calendar', 'FED', 'filing', 'Form 1120', 'IRS', 'annual', 'med', 'manual', CAST(unixepoch('2025-01-01 00:00:00') * 1000 AS INTEGER), CAST(unixepoch('2025-12-31 00:00:00') * 1000 AS INTEGER), 'calendar', 'client_default', CAST(unixepoch('2026-05-12 00:00:00') * 1000 AS INTEGER), CAST(unixepoch('2026-05-12 00:00:00') * 1000 AS INTEGER), CAST(unixepoch('2026-05-12 00:00:00') * 1000 AS INTEGER), CAST(unixepoch('2026-05-12 00:00:00') * 1000 AS INTEGER), 'review', NULL, 'not_considered', NULL, NULL, NULL, NULL, NULL, 'not_started', NULL, NULL, 'not_started', 'notes_open', NULL, NULL, 'not_applicable', NULL, 'rejected', 'Form 8879', CAST(unixepoch('2026-05-08 14:00:00') * 1000 AS INTEGER), NULL, CAST(unixepoch('2026-05-10 09:00:00') * 1000 AS INTEGER), 13500000, NULL, 'needs_input', '[]', NULL, NULL, CAST(unixepoch('2026-05-20 09:00:00') * 1000 AS INTEGER), CAST(unixepoch('2026-05-20 09:00:00') * 1000 AS INTEGER)),
  ('24000000-0000-4000-8000-000000000018', 'mock_firm_solo', '14000000-0000-4000-8000-000000000010', '19000000-0000-4000-8000-000000000010', 'ny.ct3.return.2025', 'ny_ct3', 2025, 'calendar', 'NY', 'filing', 'Form CT-3', 'NY', 'annual', 'med', 'manual', CAST(unixepoch('2025-01-01 00:00:00') * 1000 AS INTEGER), CAST(unixepoch('2025-12-31 00:00:00') * 1000 AS INTEGER), 'calendar', 'client_default', CAST(unixepoch('2026-06-22 00:00:00') * 1000 AS INTEGER), CAST(unixepoch('2026-06-22 00:00:00') * 1000 AS INTEGER), CAST(unixepoch('2026-06-22 00:00:00') * 1000 AS INTEGER), NULL, 'review', NULL, 'not_considered', NULL, NULL, NULL, NULL, NULL, 'not_started', NULL, NULL, 'prepared', 'notes_open', 'mock_user_owner_sarah', NULL, 'not_applicable', NULL, 'not_applicable', NULL, NULL, NULL, NULL, 13500000, NULL, 'needs_input', '[]', NULL, NULL, CAST(unixepoch('2026-05-20 09:00:00') * 1000 AS INTEGER), CAST(unixepoch('2026-05-20 09:00:00') * 1000 AS INTEGER)),
  ('24000000-0000-4000-8000-000000000019', 'mock_firm_solo', '14000000-0000-4000-8000-000000000010', '19000000-0000-4000-8000-000000000010', 'fed.1099_nec.2025', 'federal_1099_nec', 2025, 'calendar', 'FED', 'information', 'Form 1099-NEC', 'IRS', 'annual', 'med', 'manual', CAST(unixepoch('2025-01-01 00:00:00') * 1000 AS INTEGER), CAST(unixepoch('2025-12-31 00:00:00') * 1000 AS INTEGER), 'calendar', 'client_default', CAST(unixepoch('2026-09-15 00:00:00') * 1000 AS INTEGER), CAST(unixepoch('2026-09-15 00:00:00') * 1000 AS INTEGER), CAST(unixepoch('2026-09-15 00:00:00') * 1000 AS INTEGER), NULL, 'pending', NULL, 'not_considered', NULL, NULL, NULL, NULL, NULL, 'not_applicable', NULL, NULL, 'not_started', 'not_required', NULL, NULL, 'not_applicable', NULL, 'not_applicable', NULL, NULL, NULL, NULL, 13500000, NULL, 'needs_input', '[]', NULL, NULL, CAST(unixepoch('2026-05-20 09:00:00') * 1000 AS INTEGER), CAST(unixepoch('2026-05-20 09:00:00') * 1000 AS INTEGER)),
  ('24000000-0000-4000-8000-000000000020', 'mock_firm_solo', '14000000-0000-4000-8000-000000000002', '19000000-0000-4000-8000-000000000002', 'fed.fbar.automatic_extension.2025', 'federal_fbar', 2025, 'calendar', 'FED', 'information', 'FinCEN Form 114', 'IRS', 'annual', 'med', 'manual', CAST(unixepoch('2025-01-01 00:00:00') * 1000 AS INTEGER), CAST(unixepoch('2025-12-31 00:00:00') * 1000 AS INTEGER), 'calendar', 'client_default', CAST(unixepoch('2026-05-12 00:00:00') * 1000 AS INTEGER), CAST(unixepoch('2026-10-13 00:00:00') * 1000 AS INTEGER), CAST(unixepoch('2026-11-12 00:00:00') * 1000 AS INTEGER), CAST(unixepoch('2026-05-12 00:00:00') * 1000 AS INTEGER), 'extended', NULL, 'applied', 'Client materials delayed; extension filed.', 'Partner approval', CAST(unixepoch('2026-10-13 00:00:00') * 1000 AS INTEGER), CAST(unixepoch('2026-04-20 10:00:00') * 1000 AS INTEGER), 'mock_user_owner_sarah', 'filed', 'FinCEN Form 114', CAST(unixepoch('2026-04-20 10:00:00') * 1000 AS INTEGER), 'not_started', 'not_required', NULL, NULL, 'not_applicable', NULL, 'not_applicable', NULL, NULL, NULL, NULL, 1800000, NULL, 'needs_input', '[]', NULL, NULL, CAST(unixepoch('2026-05-20 09:00:00') * 1000 AS INTEGER), CAST(unixepoch('2026-05-20 09:00:00') * 1000 AS INTEGER)),
  ('24000000-0000-4000-8000-000000000021', 'mock_firm_solo', '14000000-0000-4000-8000-000000000007', '19000000-0000-4000-8000-000000000007', 'ny.it204.return.2025', 'ny_it204', 2025, 'calendar', 'NY', 'filing', 'Form IT-204', 'NY', 'annual', 'med', 'manual', CAST(unixepoch('2025-01-01 00:00:00') * 1000 AS INTEGER), CAST(unixepoch('2025-12-31 00:00:00') * 1000 AS INTEGER), 'calendar', 'client_default', CAST(unixepoch('2026-05-12 00:00:00') * 1000 AS INTEGER), CAST(unixepoch('2026-05-12 00:00:00') * 1000 AS INTEGER), CAST(unixepoch('2026-05-12 00:00:00') * 1000 AS INTEGER), NULL, 'completed', NULL, 'not_considered', NULL, NULL, NULL, NULL, NULL, 'not_started', NULL, NULL, 'prepared', 'approved', NULL, NULL, 'not_applicable', NULL, 'not_applicable', NULL, NULL, NULL, NULL, null, NULL, 'needs_input', '[]', NULL, NULL, CAST(unixepoch('2026-05-20 09:00:00') * 1000 AS INTEGER), CAST(unixepoch('2026-05-20 09:00:00') * 1000 AS INTEGER)),
  ('24000000-0000-4000-8000-000000000022', 'mock_firm_solo', '14000000-0000-4000-8000-000000000010', '19000000-0000-4000-8000-000000000010', 'ca.100.return.2025', 'ca_100', 2025, 'calendar', 'CA', 'filing', 'Form 100', 'CA', 'annual', 'med', 'manual', CAST(unixepoch('2025-01-01 00:00:00') * 1000 AS INTEGER), CAST(unixepoch('2025-12-31 00:00:00') * 1000 AS INTEGER), 'calendar', 'client_default', CAST(unixepoch('2026-09-15 00:00:00') * 1000 AS INTEGER), CAST(unixepoch('2026-09-15 00:00:00') * 1000 AS INTEGER), CAST(unixepoch('2026-09-15 00:00:00') * 1000 AS INTEGER), NULL, 'not_applicable', NULL, 'not_considered', NULL, NULL, NULL, NULL, NULL, 'not_started', NULL, NULL, 'not_started', 'not_required', NULL, NULL, 'not_applicable', NULL, 'not_applicable', NULL, NULL, NULL, NULL, 13500000, NULL, 'needs_input', '[]', NULL, NULL, CAST(unixepoch('2026-05-20 09:00:00') * 1000 AS INTEGER), CAST(unixepoch('2026-05-20 09:00:00') * 1000 AS INTEGER)),
  ('24000000-0000-4000-8000-000000000023', 'mock_firm_solo', '14000000-0000-4000-8000-000000000006', '19000000-0000-4000-8000-000000000006', 'ny.it205.return.2025', 'ny_it205', 2025, 'calendar', 'NY', 'filing', 'Form IT-205', 'NY', 'annual', 'med', 'manual', CAST(unixepoch('2025-01-01 00:00:00') * 1000 AS INTEGER), CAST(unixepoch('2025-12-31 00:00:00') * 1000 AS INTEGER), 'calendar', 'client_default', CAST(unixepoch('2026-06-22 00:00:00') * 1000 AS INTEGER), CAST(unixepoch('2026-06-22 00:00:00') * 1000 AS INTEGER), CAST(unixepoch('2026-06-22 00:00:00') * 1000 AS INTEGER), NULL, 'pending', NULL, 'rejected', 'Client opted to file on time; extension declined.', NULL, NULL, CAST(unixepoch('2026-04-20 10:00:00') * 1000 AS INTEGER), 'mock_user_owner_sarah', 'rejected', NULL, NULL, 'not_started', 'not_required', NULL, NULL, 'not_applicable', NULL, 'not_applicable', NULL, NULL, NULL, NULL, 2600000, NULL, 'needs_input', '[]', NULL, NULL, CAST(unixepoch('2026-05-20 09:00:00') * 1000 AS INTEGER), CAST(unixepoch('2026-05-20 09:00:00') * 1000 AS INTEGER)),
  ('24000000-0000-4000-8000-000000000024', 'mock_firm_solo', '14000000-0000-4000-8000-000000000005', '19000000-0000-4000-8000-000000000005', 'fed.1120.estimated_tax.2026', 'federal_1120_estimated_tax', 2026, 'calendar', 'FED', 'payment', 'Form 1120-W', 'IRS', 'quarterly', 'med', 'manual', CAST(unixepoch('2026-01-01 00:00:00') * 1000 AS INTEGER), CAST(unixepoch('2026-12-31 00:00:00') * 1000 AS INTEGER), 'calendar', 'client_default', CAST(unixepoch('2026-06-05 00:00:00') * 1000 AS INTEGER), CAST(unixepoch('2026-06-05 00:00:00') * 1000 AS INTEGER), CAST(unixepoch('2026-06-05 00:00:00') * 1000 AS INTEGER), CAST(unixepoch('2026-06-05 00:00:00') * 1000 AS INTEGER), 'pending', NULL, 'not_considered', NULL, NULL, NULL, NULL, NULL, 'not_applicable', NULL, NULL, 'not_started', 'not_required', NULL, NULL, 'client_approval_needed', NULL, 'not_applicable', NULL, NULL, NULL, NULL, 16200000, NULL, 'needs_input', '[]', NULL, NULL, CAST(unixepoch('2026-05-20 09:00:00') * 1000 AS INTEGER), CAST(unixepoch('2026-05-20 09:00:00') * 1000 AS INTEGER)),
  ('24000000-0000-4000-8000-000000000025', 'mock_firm_solo', '14000000-0000-4000-8000-000000000004', '19000000-0000-4000-8000-000000000004', 'ny.ct3s.return.2025', 'ny_ct3s', 2025, 'calendar', 'NY', 'filing', 'Form CT-3-S', 'NY', 'annual', 'med', 'manual', CAST(unixepoch('2025-01-01 00:00:00') * 1000 AS INTEGER), CAST(unixepoch('2025-12-31 00:00:00') * 1000 AS INTEGER), 'calendar', 'client_default', CAST(unixepoch('2026-07-15 00:00:00') * 1000 AS INTEGER), CAST(unixepoch('2026-07-15 00:00:00') * 1000 AS INTEGER), CAST(unixepoch('2026-07-15 00:00:00') * 1000 AS INTEGER), NULL, 'in_progress', NULL, 'not_considered', NULL, NULL, NULL, NULL, NULL, 'not_started', NULL, NULL, 'bookkeeping_cleanup', 'not_required', NULL, NULL, 'not_applicable', NULL, 'not_applicable', NULL, NULL, NULL, NULL, 5500000, NULL, 'needs_input', '[]', NULL, NULL, CAST(unixepoch('2026-05-20 09:00:00') * 1000 AS INTEGER), CAST(unixepoch('2026-05-20 09:00:00') * 1000 AS INTEGER)),
  ('24000000-0000-4000-8000-000000000026', 'mock_firm_solo', '14000000-0000-4000-8000-000000000008', '19000000-0000-4000-8000-000000000008', 'tx.franchise.pir_oir.2026', 'tx_pir_oir', 2026, 'calendar', 'TX', 'information', 'PIR/OIR', 'TX', 'annual', 'med', 'manual', CAST(unixepoch('2026-01-01 00:00:00') * 1000 AS INTEGER), CAST(unixepoch('2026-12-31 00:00:00') * 1000 AS INTEGER), 'calendar', 'client_default', CAST(unixepoch('2026-06-22 00:00:00') * 1000 AS INTEGER), CAST(unixepoch('2026-06-22 00:00:00') * 1000 AS INTEGER), CAST(unixepoch('2026-06-22 00:00:00') * 1000 AS INTEGER), NULL, 'pending', NULL, 'not_considered', NULL, NULL, NULL, NULL, NULL, 'not_applicable', NULL, NULL, 'not_started', 'not_required', NULL, NULL, 'not_applicable', NULL, 'not_applicable', NULL, NULL, NULL, NULL, 9900000, NULL, 'needs_input', '[]', NULL, NULL, CAST(unixepoch('2026-05-20 09:00:00') * 1000 AS INTEGER), CAST(unixepoch('2026-05-20 09:00:00') * 1000 AS INTEGER)),
  ('24000000-0000-4000-8000-000000000027', 'mock_firm_solo', '14000000-0000-4000-8000-000000000009', '19000000-0000-4000-8000-000000000009', 'fed.1040.return.2025', 'federal_1040', 2025, 'calendar', 'FED', 'filing', 'Form 1040', 'IRS', 'annual', 'med', 'manual', CAST(unixepoch('2025-01-01 00:00:00') * 1000 AS INTEGER), CAST(unixepoch('2025-12-31 00:00:00') * 1000 AS INTEGER), 'calendar', 'client_default', CAST(unixepoch('2026-05-12 00:00:00') * 1000 AS INTEGER), CAST(unixepoch('2026-05-12 00:00:00') * 1000 AS INTEGER), CAST(unixepoch('2026-05-12 00:00:00') * 1000 AS INTEGER), CAST(unixepoch('2026-05-12 00:00:00') * 1000 AS INTEGER), 'done', NULL, 'not_considered', NULL, NULL, NULL, NULL, NULL, 'not_started', NULL, NULL, 'not_started', 'not_required', NULL, NULL, 'not_applicable', NULL, 'paper_filed', NULL, NULL, NULL, NULL, 4100000, NULL, 'needs_input', '[]', NULL, NULL, CAST(unixepoch('2026-05-20 09:00:00') * 1000 AS INTEGER), CAST(unixepoch('2026-05-20 09:00:00') * 1000 AS INTEGER)),
  ('24000000-0000-4000-8000-000000000028', 'mock_firm_solo', '14000000-0000-4000-8000-000000000003', '19000000-0000-4000-8000-000000000003', 'fed.1065.return.2025', 'federal_1065', 2025, 'calendar', 'FED', 'filing', 'Form 1065', 'IRS', 'annual', 'med', 'manual', CAST(unixepoch('2025-01-01 00:00:00') * 1000 AS INTEGER), CAST(unixepoch('2025-12-31 00:00:00') * 1000 AS INTEGER), 'calendar', 'client_default', CAST(unixepoch('2026-06-02 00:00:00') * 1000 AS INTEGER), CAST(unixepoch('2026-06-02 00:00:00') * 1000 AS INTEGER), CAST(unixepoch('2026-06-02 00:00:00') * 1000 AS INTEGER), CAST(unixepoch('2026-06-02 00:00:00') * 1000 AS INTEGER), 'pending', NULL, 'not_considered', NULL, NULL, NULL, NULL, NULL, 'not_started', NULL, NULL, 'not_started', 'not_required', NULL, NULL, 'not_applicable', NULL, 'not_applicable', NULL, NULL, NULL, NULL, 7800000, NULL, 'needs_input', '[]', NULL, NULL, CAST(unixepoch('2026-05-20 09:00:00') * 1000 AS INTEGER), CAST(unixepoch('2026-05-20 09:00:00') * 1000 AS INTEGER));

INSERT INTO obligation_instance
  (id, firm_id, client_id, client_filing_profile_id, rule_id, tax_type, tax_year, tax_year_type, jurisdiction, obligation_type, form_name, authority, recurrence, risk_level, generation_source, tax_period_start, tax_period_end, tax_period_kind, tax_period_source, base_due_date, current_due_date, filing_due_date, payment_due_date, status, blocked_by_obligation_instance_id, extension_decision, extension_memo, extension_source, extension_expected_due_date, extension_decided_at, extension_decided_by_user_id, extension_state, extension_form_name, extension_filed_at, prep_stage, review_stage, reviewer_user_id, review_completed_at, payment_state, payment_confirmed_at, efile_state, efile_authorization_form, efile_submitted_at, efile_accepted_at, efile_rejected_at, estimated_tax_due_cents, estimated_exposure_cents, exposure_status, penalty_breakdown_json, penalty_formula_version, exposure_calculated_at, created_at, updated_at)
VALUES
  ('21000000-0000-4000-8000-000000000001', 'mock_firm_plan_solo', '11000000-0000-4000-8000-000000000001', '16000000-0000-4000-8000-000000000001', 'fed.1040.return.2025', 'federal_1040', 2025, 'calendar', 'FED', 'filing', 'Form 1040', 'IRS', 'annual', 'med', 'manual', CAST(unixepoch('2025-01-01 00:00:00') * 1000 AS INTEGER), CAST(unixepoch('2025-12-31 00:00:00') * 1000 AS INTEGER), 'calendar', 'client_default', CAST(unixepoch('2026-06-22 00:00:00') * 1000 AS INTEGER), CAST(unixepoch('2026-06-22 00:00:00') * 1000 AS INTEGER), CAST(unixepoch('2026-06-22 00:00:00') * 1000 AS INTEGER), CAST(unixepoch('2026-06-22 00:00:00') * 1000 AS INTEGER), 'pending', NULL, 'not_considered', NULL, NULL, NULL, NULL, NULL, 'not_started', NULL, NULL, 'not_started', 'not_required', NULL, NULL, 'not_applicable', NULL, 'not_applicable', NULL, NULL, NULL, NULL, 3200000, NULL, 'needs_input', '[]', NULL, NULL, CAST(unixepoch('2026-05-20 09:00:00') * 1000 AS INTEGER), CAST(unixepoch('2026-05-20 09:00:00') * 1000 AS INTEGER)),
  ('21000000-0000-4000-8000-000000000002', 'mock_firm_plan_solo', '11000000-0000-4000-8000-000000000001', '16000000-0000-4000-8000-000000000001', 'fed.1040.estimated_tax.2026', 'federal_1040_estimated_tax', 2026, 'calendar', 'FED', 'payment', 'Form 1040-ES', 'IRS', 'quarterly', 'med', 'manual', CAST(unixepoch('2026-01-01 00:00:00') * 1000 AS INTEGER), CAST(unixepoch('2026-12-31 00:00:00') * 1000 AS INTEGER), 'calendar', 'client_default', CAST(unixepoch('2026-06-05 00:00:00') * 1000 AS INTEGER), CAST(unixepoch('2026-06-05 00:00:00') * 1000 AS INTEGER), CAST(unixepoch('2026-06-05 00:00:00') * 1000 AS INTEGER), CAST(unixepoch('2026-06-05 00:00:00') * 1000 AS INTEGER), 'pending', NULL, 'not_considered', NULL, NULL, NULL, NULL, NULL, 'not_applicable', NULL, NULL, 'not_started', 'not_required', NULL, NULL, 'scheduled', NULL, 'not_applicable', NULL, NULL, NULL, NULL, 3200000, NULL, 'needs_input', '[]', NULL, NULL, CAST(unixepoch('2026-05-20 09:00:00') * 1000 AS INTEGER), CAST(unixepoch('2026-05-20 09:00:00') * 1000 AS INTEGER)),
  ('21000000-0000-4000-8000-000000000003', 'mock_firm_plan_solo', '11000000-0000-4000-8000-000000000002', '16000000-0000-4000-8000-000000000002', 'fed.1040.return.2025', 'federal_1040', 2025, 'calendar', 'FED', 'filing', 'Form 1040', 'IRS', 'annual', 'med', 'manual', CAST(unixepoch('2025-01-01 00:00:00') * 1000 AS INTEGER), CAST(unixepoch('2025-12-31 00:00:00') * 1000 AS INTEGER), 'calendar', 'client_default', CAST(unixepoch('2026-05-12 00:00:00') * 1000 AS INTEGER), CAST(unixepoch('2026-05-12 00:00:00') * 1000 AS INTEGER), CAST(unixepoch('2026-05-12 00:00:00') * 1000 AS INTEGER), CAST(unixepoch('2026-05-12 00:00:00') * 1000 AS INTEGER), 'pending', NULL, 'not_considered', NULL, NULL, NULL, NULL, NULL, 'not_started', NULL, NULL, 'not_started', 'not_required', NULL, NULL, 'not_applicable', NULL, 'not_applicable', NULL, NULL, NULL, NULL, 1800000, 270000, 'ready', '[{"key":"late_filing","label":"Late filing — §6651(a)(1)","amountCents":243000,"formula":"4.5% x $18,000 unpaid x 3 months (net of failure-to-pay offset)"},{"key":"failure_to_pay","label":"Failure to pay — §6651(a)(2)","amountCents":27000,"formula":"0.5% x $18,000 unpaid x 3 months"}]', 'penalty-v1', CAST(unixepoch('2026-05-20 09:00:00') * 1000 AS INTEGER), CAST(unixepoch('2026-05-20 09:00:00') * 1000 AS INTEGER), CAST(unixepoch('2026-05-20 09:00:00') * 1000 AS INTEGER)),
  ('21000000-0000-4000-8000-000000000004', 'mock_firm_plan_solo', '11000000-0000-4000-8000-000000000003', '16000000-0000-4000-8000-000000000003', 'fed.1065.return.2025', 'federal_1065', 2025, 'calendar', 'FED', 'filing', 'Form 1065', 'IRS', 'annual', 'med', 'manual', CAST(unixepoch('2025-01-01 00:00:00') * 1000 AS INTEGER), CAST(unixepoch('2025-12-31 00:00:00') * 1000 AS INTEGER), 'calendar', 'client_default', CAST(unixepoch('2026-06-22 00:00:00') * 1000 AS INTEGER), CAST(unixepoch('2026-06-22 00:00:00') * 1000 AS INTEGER), CAST(unixepoch('2026-06-22 00:00:00') * 1000 AS INTEGER), CAST(unixepoch('2026-06-22 00:00:00') * 1000 AS INTEGER), 'in_progress', NULL, 'not_considered', NULL, NULL, NULL, NULL, NULL, 'not_started', NULL, NULL, 'in_prep', 'not_required', NULL, NULL, 'not_applicable', NULL, 'not_applicable', NULL, NULL, NULL, NULL, 7800000, NULL, 'needs_input', '[]', NULL, NULL, CAST(unixepoch('2026-05-20 09:00:00') * 1000 AS INTEGER), CAST(unixepoch('2026-05-20 09:00:00') * 1000 AS INTEGER)),
  ('21000000-0000-4000-8000-000000000005', 'mock_firm_plan_solo', '11000000-0000-4000-8000-000000000003', '16000000-0000-4000-8000-000000000003', 'ca.llc.568.return.2025', 'ca_llc_568', 2025, 'calendar', 'CA', 'filing', 'Form 568', 'CA', 'annual', 'med', 'manual', CAST(unixepoch('2025-01-01 00:00:00') * 1000 AS INTEGER), CAST(unixepoch('2025-12-31 00:00:00') * 1000 AS INTEGER), 'calendar', 'client_default', CAST(unixepoch('2026-05-12 00:00:00') * 1000 AS INTEGER), CAST(unixepoch('2026-11-12 00:00:00') * 1000 AS INTEGER), CAST(unixepoch('2026-12-12 00:00:00') * 1000 AS INTEGER), CAST(unixepoch('2026-05-12 00:00:00') * 1000 AS INTEGER), 'extended', NULL, 'applied', 'Client materials delayed; extension filed.', 'Partner approval', CAST(unixepoch('2026-11-12 00:00:00') * 1000 AS INTEGER), CAST(unixepoch('2026-04-20 10:00:00') * 1000 AS INTEGER), 'mock_user_plan_solo', 'filed', 'Form 568', CAST(unixepoch('2026-04-20 10:00:00') * 1000 AS INTEGER), 'not_started', 'not_required', NULL, NULL, 'not_applicable', NULL, 'not_applicable', NULL, NULL, NULL, NULL, 7800000, NULL, 'needs_input', '[]', NULL, NULL, CAST(unixepoch('2026-05-20 09:00:00') * 1000 AS INTEGER), CAST(unixepoch('2026-05-20 09:00:00') * 1000 AS INTEGER)),
  ('21000000-0000-4000-8000-000000000006', 'mock_firm_plan_solo', '11000000-0000-4000-8000-000000000004', '16000000-0000-4000-8000-000000000004', 'fed.1120s.return.2025', 'federal_1120s', 2025, 'calendar', 'FED', 'filing', 'Form 1120-S', 'IRS', 'annual', 'med', 'manual', CAST(unixepoch('2025-01-01 00:00:00') * 1000 AS INTEGER), CAST(unixepoch('2025-12-31 00:00:00') * 1000 AS INTEGER), 'calendar', 'client_default', CAST(unixepoch('2026-05-12 00:00:00') * 1000 AS INTEGER), CAST(unixepoch('2026-05-12 00:00:00') * 1000 AS INTEGER), CAST(unixepoch('2026-05-12 00:00:00') * 1000 AS INTEGER), CAST(unixepoch('2026-05-12 00:00:00') * 1000 AS INTEGER), 'done', NULL, 'not_considered', NULL, NULL, NULL, NULL, NULL, 'not_started', NULL, NULL, 'prepared', 'approved', NULL, NULL, 'not_applicable', NULL, 'authorization_requested', 'Form 8879', NULL, NULL, NULL, 5500000, NULL, 'needs_input', '[]', NULL, NULL, CAST(unixepoch('2026-05-20 09:00:00') * 1000 AS INTEGER), CAST(unixepoch('2026-05-20 09:00:00') * 1000 AS INTEGER)),
  ('21000000-0000-4000-8000-000000000007', 'mock_firm_plan_solo', '11000000-0000-4000-8000-000000000004', '16000000-0000-4000-8000-000000000004', 'ny.ct3s.return.2025', 'ny_ct3s', 2025, 'calendar', 'NY', 'filing', 'Form CT-3-S', 'NY', 'annual', 'med', 'manual', CAST(unixepoch('2025-01-01 00:00:00') * 1000 AS INTEGER), CAST(unixepoch('2025-12-31 00:00:00') * 1000 AS INTEGER), 'calendar', 'client_default', CAST(unixepoch('2026-06-22 00:00:00') * 1000 AS INTEGER), CAST(unixepoch('2026-06-22 00:00:00') * 1000 AS INTEGER), CAST(unixepoch('2026-06-22 00:00:00') * 1000 AS INTEGER), NULL, 'review', NULL, 'not_considered', NULL, NULL, NULL, NULL, NULL, 'not_started', NULL, NULL, 'prepared', 'in_review', 'mock_user_plan_solo', NULL, 'not_applicable', NULL, 'not_applicable', NULL, NULL, NULL, NULL, 5500000, NULL, 'needs_input', '[]', NULL, NULL, CAST(unixepoch('2026-05-20 09:00:00') * 1000 AS INTEGER), CAST(unixepoch('2026-05-20 09:00:00') * 1000 AS INTEGER)),
  ('21000000-0000-4000-8000-000000000008', 'mock_firm_plan_solo', '11000000-0000-4000-8000-000000000005', '16000000-0000-4000-8000-000000000005', 'fed.1120.return.2025', 'federal_1120', 2025, 'calendar', 'FED', 'filing', 'Form 1120', 'IRS', 'annual', 'med', 'manual', CAST(unixepoch('2025-01-01 00:00:00') * 1000 AS INTEGER), CAST(unixepoch('2025-12-31 00:00:00') * 1000 AS INTEGER), 'calendar', 'client_default', CAST(unixepoch('2026-05-12 00:00:00') * 1000 AS INTEGER), CAST(unixepoch('2026-10-13 00:00:00') * 1000 AS INTEGER), CAST(unixepoch('2026-11-12 00:00:00') * 1000 AS INTEGER), CAST(unixepoch('2026-05-12 00:00:00') * 1000 AS INTEGER), 'extended', NULL, 'applied', 'Client materials delayed; extension filed.', 'Partner approval', CAST(unixepoch('2026-10-13 00:00:00') * 1000 AS INTEGER), CAST(unixepoch('2026-04-20 10:00:00') * 1000 AS INTEGER), 'mock_user_plan_solo', 'filed', 'Form 7004', CAST(unixepoch('2026-04-20 10:00:00') * 1000 AS INTEGER), 'not_started', 'not_required', NULL, NULL, 'not_applicable', NULL, 'not_applicable', NULL, NULL, NULL, NULL, 16200000, 243000, 'ready', '[{"key":"failure_to_pay","label":"Failure to pay (payment not extended) — §6651(a)(2)","amountCents":243000,"formula":"0.5% x $162,000 balance x 3 months"}]', 'penalty-v1', CAST(unixepoch('2026-05-20 09:00:00') * 1000 AS INTEGER), CAST(unixepoch('2026-05-20 09:00:00') * 1000 AS INTEGER), CAST(unixepoch('2026-05-20 09:00:00') * 1000 AS INTEGER)),
  ('21000000-0000-4000-8000-000000000009', 'mock_firm_plan_solo', '11000000-0000-4000-8000-000000000005', '16000000-0000-4000-8000-000000000005', 'fl.f1120.return.2025', 'fl_f1120', 2025, 'calendar', 'FL', 'filing', 'Form F-1120', 'FL', 'annual', 'med', 'manual', CAST(unixepoch('2025-01-01 00:00:00') * 1000 AS INTEGER), CAST(unixepoch('2025-12-31 00:00:00') * 1000 AS INTEGER), 'calendar', 'client_default', CAST(unixepoch('2026-07-15 00:00:00') * 1000 AS INTEGER), CAST(unixepoch('2026-07-15 00:00:00') * 1000 AS INTEGER), CAST(unixepoch('2026-07-15 00:00:00') * 1000 AS INTEGER), NULL, 'waiting_on_client', NULL, 'not_considered', NULL, NULL, NULL, NULL, NULL, 'not_started', NULL, NULL, 'waiting_on_client', 'not_required', NULL, NULL, 'not_applicable', NULL, 'not_applicable', NULL, NULL, NULL, NULL, 16200000, NULL, 'needs_input', '[]', NULL, NULL, CAST(unixepoch('2026-05-20 09:00:00') * 1000 AS INTEGER), CAST(unixepoch('2026-05-20 09:00:00') * 1000 AS INTEGER)),
  ('21000000-0000-4000-8000-000000000010', 'mock_firm_plan_solo', '11000000-0000-4000-8000-000000000006', '16000000-0000-4000-8000-000000000006', 'fed.1041.return.2025', 'federal_1041', 2025, 'calendar', 'FED', 'filing', 'Form 1041', 'IRS', 'annual', 'med', 'manual', CAST(unixepoch('2025-01-01 00:00:00') * 1000 AS INTEGER), CAST(unixepoch('2025-12-31 00:00:00') * 1000 AS INTEGER), 'calendar', 'client_default', CAST(unixepoch('2026-05-12 00:00:00') * 1000 AS INTEGER), CAST(unixepoch('2026-09-27 00:00:00') * 1000 AS INTEGER), CAST(unixepoch('2026-10-27 00:00:00') * 1000 AS INTEGER), CAST(unixepoch('2026-05-12 00:00:00') * 1000 AS INTEGER), 'extended', NULL, 'applied', 'Client materials delayed; extension filed.', 'Partner approval', CAST(unixepoch('2026-09-27 00:00:00') * 1000 AS INTEGER), CAST(unixepoch('2026-04-20 10:00:00') * 1000 AS INTEGER), 'mock_user_plan_solo', 'filed', 'Form 7004', CAST(unixepoch('2026-04-20 10:00:00') * 1000 AS INTEGER), 'not_started', 'not_required', NULL, NULL, 'not_applicable', NULL, 'not_applicable', NULL, NULL, NULL, NULL, 2600000, 39000, 'ready', '[{"key":"failure_to_pay","label":"Failure to pay (payment not extended) — §6651(a)(2)","amountCents":39000,"formula":"0.5% x $26,000 balance x 3 months"}]', 'penalty-v1', CAST(unixepoch('2026-05-20 09:00:00') * 1000 AS INTEGER), CAST(unixepoch('2026-05-20 09:00:00') * 1000 AS INTEGER), CAST(unixepoch('2026-05-20 09:00:00') * 1000 AS INTEGER)),
  ('21000000-0000-4000-8000-000000000011', 'mock_firm_plan_solo', '11000000-0000-4000-8000-000000000006', '16000000-0000-4000-8000-000000000006', 'ca.541.return.2025', 'ca_541', 2025, 'calendar', 'CA', 'filing', 'Form 541', 'CA', 'annual', 'med', 'manual', CAST(unixepoch('2025-01-01 00:00:00') * 1000 AS INTEGER), CAST(unixepoch('2025-12-31 00:00:00') * 1000 AS INTEGER), 'calendar', 'client_default', CAST(unixepoch('2026-06-22 00:00:00') * 1000 AS INTEGER), CAST(unixepoch('2026-06-22 00:00:00') * 1000 AS INTEGER), CAST(unixepoch('2026-06-22 00:00:00') * 1000 AS INTEGER), NULL, 'blocked', '21000000-0000-4000-8000-000000000010', 'not_considered', NULL, NULL, NULL, NULL, NULL, 'not_started', NULL, NULL, 'not_started', 'not_required', NULL, NULL, 'not_applicable', NULL, 'not_applicable', NULL, NULL, NULL, NULL, 2600000, NULL, 'needs_input', '[]', NULL, NULL, CAST(unixepoch('2026-05-20 09:00:00') * 1000 AS INTEGER), CAST(unixepoch('2026-05-20 09:00:00') * 1000 AS INTEGER)),
  ('21000000-0000-4000-8000-000000000012', 'mock_firm_plan_solo', '11000000-0000-4000-8000-000000000007', '16000000-0000-4000-8000-000000000007', 'fed.990.return.2025', 'federal_990', 2025, 'calendar', 'FED', 'filing', 'Form 990', 'IRS', 'annual', 'med', 'manual', CAST(unixepoch('2025-01-01 00:00:00') * 1000 AS INTEGER), CAST(unixepoch('2025-12-31 00:00:00') * 1000 AS INTEGER), 'calendar', 'client_default', CAST(unixepoch('2026-05-12 00:00:00') * 1000 AS INTEGER), CAST(unixepoch('2026-05-12 00:00:00') * 1000 AS INTEGER), CAST(unixepoch('2026-05-12 00:00:00') * 1000 AS INTEGER), CAST(unixepoch('2026-05-12 00:00:00') * 1000 AS INTEGER), 'done', NULL, 'not_considered', NULL, NULL, NULL, NULL, NULL, 'not_started', NULL, NULL, 'not_started', 'not_required', NULL, NULL, 'not_applicable', NULL, 'accepted', 'Form 8879', CAST(unixepoch('2026-05-08 14:00:00') * 1000 AS INTEGER), CAST(unixepoch('2026-05-09 09:00:00') * 1000 AS INTEGER), NULL, null, NULL, 'needs_input', '[]', NULL, NULL, CAST(unixepoch('2026-05-20 09:00:00') * 1000 AS INTEGER), CAST(unixepoch('2026-05-20 09:00:00') * 1000 AS INTEGER)),
  ('21000000-0000-4000-8000-000000000013', 'mock_firm_plan_solo', '11000000-0000-4000-8000-000000000008', '16000000-0000-4000-8000-000000000008', 'fed.1065.return.2025', 'federal_1065', 2025, 'calendar', 'FED', 'filing', 'Form 1065', 'IRS', 'annual', 'med', 'manual', CAST(unixepoch('2025-01-01 00:00:00') * 1000 AS INTEGER), CAST(unixepoch('2025-12-31 00:00:00') * 1000 AS INTEGER), 'calendar', 'client_default', CAST(unixepoch('2026-06-05 00:00:00') * 1000 AS INTEGER), CAST(unixepoch('2026-06-05 00:00:00') * 1000 AS INTEGER), CAST(unixepoch('2026-06-05 00:00:00') * 1000 AS INTEGER), CAST(unixepoch('2026-06-05 00:00:00') * 1000 AS INTEGER), 'done', NULL, 'not_considered', NULL, NULL, NULL, NULL, NULL, 'not_started', NULL, NULL, 'not_started', 'not_required', NULL, NULL, 'not_applicable', NULL, 'authorization_signed', 'Form 8879', NULL, NULL, NULL, 9900000, NULL, 'needs_input', '[]', NULL, NULL, CAST(unixepoch('2026-05-20 09:00:00') * 1000 AS INTEGER), CAST(unixepoch('2026-05-20 09:00:00') * 1000 AS INTEGER)),
  ('21000000-0000-4000-8000-000000000014', 'mock_firm_plan_solo', '11000000-0000-4000-8000-000000000008', '16000000-0000-4000-8000-000000000008', 'tx.franchise.annual_report.2026', 'tx_franchise_report', 2026, 'calendar', 'TX', 'filing', 'TX Franchise Report', 'TX', 'annual', 'med', 'manual', CAST(unixepoch('2026-01-01 00:00:00') * 1000 AS INTEGER), CAST(unixepoch('2026-12-31 00:00:00') * 1000 AS INTEGER), 'calendar', 'client_default', CAST(unixepoch('2026-05-12 00:00:00') * 1000 AS INTEGER), CAST(unixepoch('2026-10-13 00:00:00') * 1000 AS INTEGER), CAST(unixepoch('2026-11-12 00:00:00') * 1000 AS INTEGER), CAST(unixepoch('2026-05-12 00:00:00') * 1000 AS INTEGER), 'extended', NULL, 'applied', 'Client materials delayed; extension filed.', 'Partner approval', CAST(unixepoch('2026-10-13 00:00:00') * 1000 AS INTEGER), CAST(unixepoch('2026-04-20 10:00:00') * 1000 AS INTEGER), 'mock_user_plan_solo', 'filed', 'TX Franchise Report', CAST(unixepoch('2026-04-20 10:00:00') * 1000 AS INTEGER), 'not_started', 'not_required', NULL, NULL, 'not_applicable', NULL, 'not_applicable', NULL, NULL, NULL, NULL, 9900000, NULL, 'needs_input', '[]', NULL, NULL, CAST(unixepoch('2026-05-20 09:00:00') * 1000 AS INTEGER), CAST(unixepoch('2026-05-20 09:00:00') * 1000 AS INTEGER)),
  ('21000000-0000-4000-8000-000000000015', 'mock_firm_plan_solo', '11000000-0000-4000-8000-000000000009', '16000000-0000-4000-8000-000000000009', 'fed.941.return.2026', 'federal_941', 2026, 'calendar', 'FED', 'filing', 'Form 941', 'IRS', 'quarterly', 'med', 'manual', CAST(unixepoch('2026-01-01 00:00:00') * 1000 AS INTEGER), CAST(unixepoch('2026-12-31 00:00:00') * 1000 AS INTEGER), 'calendar', 'client_default', CAST(unixepoch('2026-05-12 00:00:00') * 1000 AS INTEGER), CAST(unixepoch('2026-05-12 00:00:00') * 1000 AS INTEGER), CAST(unixepoch('2026-05-12 00:00:00') * 1000 AS INTEGER), CAST(unixepoch('2026-05-12 00:00:00') * 1000 AS INTEGER), 'paid', NULL, 'not_considered', NULL, NULL, NULL, NULL, NULL, 'not_applicable', NULL, NULL, 'not_started', 'not_required', NULL, NULL, 'confirmed', CAST(unixepoch('2026-05-15 09:00:00') * 1000 AS INTEGER), 'not_applicable', NULL, NULL, NULL, NULL, 4100000, NULL, 'needs_input', '[]', NULL, NULL, CAST(unixepoch('2026-05-20 09:00:00') * 1000 AS INTEGER), CAST(unixepoch('2026-05-20 09:00:00') * 1000 AS INTEGER)),
  ('21000000-0000-4000-8000-000000000016', 'mock_firm_plan_solo', '11000000-0000-4000-8000-000000000009', '16000000-0000-4000-8000-000000000009', 'fed.1120s.return.2025', 'federal_1120s', 2025, 'calendar', 'FED', 'filing', 'Form 1120-S', 'IRS', 'annual', 'med', 'manual', CAST(unixepoch('2025-01-01 00:00:00') * 1000 AS INTEGER), CAST(unixepoch('2025-12-31 00:00:00') * 1000 AS INTEGER), 'calendar', 'client_default', CAST(unixepoch('2026-06-02 00:00:00') * 1000 AS INTEGER), CAST(unixepoch('2026-06-02 00:00:00') * 1000 AS INTEGER), CAST(unixepoch('2026-06-02 00:00:00') * 1000 AS INTEGER), CAST(unixepoch('2026-06-02 00:00:00') * 1000 AS INTEGER), 'done', NULL, 'not_considered', NULL, NULL, NULL, NULL, NULL, 'not_started', NULL, NULL, 'not_started', 'not_required', NULL, NULL, 'not_applicable', NULL, 'submitted', 'Form 8879', CAST(unixepoch('2026-06-01 14:00:00') * 1000 AS INTEGER), NULL, NULL, 4100000, NULL, 'needs_input', '[]', NULL, NULL, CAST(unixepoch('2026-05-20 09:00:00') * 1000 AS INTEGER), CAST(unixepoch('2026-05-20 09:00:00') * 1000 AS INTEGER)),
  ('21000000-0000-4000-8000-000000000017', 'mock_firm_plan_solo', '11000000-0000-4000-8000-000000000010', '16000000-0000-4000-8000-000000000010', 'fed.1120.return.2025', 'federal_1120', 2025, 'calendar', 'FED', 'filing', 'Form 1120', 'IRS', 'annual', 'med', 'manual', CAST(unixepoch('2025-01-01 00:00:00') * 1000 AS INTEGER), CAST(unixepoch('2025-12-31 00:00:00') * 1000 AS INTEGER), 'calendar', 'client_default', CAST(unixepoch('2026-05-12 00:00:00') * 1000 AS INTEGER), CAST(unixepoch('2026-05-12 00:00:00') * 1000 AS INTEGER), CAST(unixepoch('2026-05-12 00:00:00') * 1000 AS INTEGER), CAST(unixepoch('2026-05-12 00:00:00') * 1000 AS INTEGER), 'review', NULL, 'not_considered', NULL, NULL, NULL, NULL, NULL, 'not_started', NULL, NULL, 'not_started', 'notes_open', NULL, NULL, 'not_applicable', NULL, 'rejected', 'Form 8879', CAST(unixepoch('2026-05-08 14:00:00') * 1000 AS INTEGER), NULL, CAST(unixepoch('2026-05-10 09:00:00') * 1000 AS INTEGER), 13500000, NULL, 'needs_input', '[]', NULL, NULL, CAST(unixepoch('2026-05-20 09:00:00') * 1000 AS INTEGER), CAST(unixepoch('2026-05-20 09:00:00') * 1000 AS INTEGER)),
  ('21000000-0000-4000-8000-000000000018', 'mock_firm_plan_solo', '11000000-0000-4000-8000-000000000010', '16000000-0000-4000-8000-000000000010', 'ny.ct3.return.2025', 'ny_ct3', 2025, 'calendar', 'NY', 'filing', 'Form CT-3', 'NY', 'annual', 'med', 'manual', CAST(unixepoch('2025-01-01 00:00:00') * 1000 AS INTEGER), CAST(unixepoch('2025-12-31 00:00:00') * 1000 AS INTEGER), 'calendar', 'client_default', CAST(unixepoch('2026-06-22 00:00:00') * 1000 AS INTEGER), CAST(unixepoch('2026-06-22 00:00:00') * 1000 AS INTEGER), CAST(unixepoch('2026-06-22 00:00:00') * 1000 AS INTEGER), NULL, 'review', NULL, 'not_considered', NULL, NULL, NULL, NULL, NULL, 'not_started', NULL, NULL, 'prepared', 'notes_open', 'mock_user_plan_solo', NULL, 'not_applicable', NULL, 'not_applicable', NULL, NULL, NULL, NULL, 13500000, NULL, 'needs_input', '[]', NULL, NULL, CAST(unixepoch('2026-05-20 09:00:00') * 1000 AS INTEGER), CAST(unixepoch('2026-05-20 09:00:00') * 1000 AS INTEGER)),
  ('21000000-0000-4000-8000-000000000019', 'mock_firm_plan_solo', '11000000-0000-4000-8000-000000000010', '16000000-0000-4000-8000-000000000010', 'fed.1099_nec.2025', 'federal_1099_nec', 2025, 'calendar', 'FED', 'information', 'Form 1099-NEC', 'IRS', 'annual', 'med', 'manual', CAST(unixepoch('2025-01-01 00:00:00') * 1000 AS INTEGER), CAST(unixepoch('2025-12-31 00:00:00') * 1000 AS INTEGER), 'calendar', 'client_default', CAST(unixepoch('2026-09-15 00:00:00') * 1000 AS INTEGER), CAST(unixepoch('2026-09-15 00:00:00') * 1000 AS INTEGER), CAST(unixepoch('2026-09-15 00:00:00') * 1000 AS INTEGER), NULL, 'pending', NULL, 'not_considered', NULL, NULL, NULL, NULL, NULL, 'not_applicable', NULL, NULL, 'not_started', 'not_required', NULL, NULL, 'not_applicable', NULL, 'not_applicable', NULL, NULL, NULL, NULL, 13500000, NULL, 'needs_input', '[]', NULL, NULL, CAST(unixepoch('2026-05-20 09:00:00') * 1000 AS INTEGER), CAST(unixepoch('2026-05-20 09:00:00') * 1000 AS INTEGER)),
  ('21000000-0000-4000-8000-000000000020', 'mock_firm_plan_solo', '11000000-0000-4000-8000-000000000002', '16000000-0000-4000-8000-000000000002', 'fed.fbar.automatic_extension.2025', 'federal_fbar', 2025, 'calendar', 'FED', 'information', 'FinCEN Form 114', 'IRS', 'annual', 'med', 'manual', CAST(unixepoch('2025-01-01 00:00:00') * 1000 AS INTEGER), CAST(unixepoch('2025-12-31 00:00:00') * 1000 AS INTEGER), 'calendar', 'client_default', CAST(unixepoch('2026-05-12 00:00:00') * 1000 AS INTEGER), CAST(unixepoch('2026-10-13 00:00:00') * 1000 AS INTEGER), CAST(unixepoch('2026-11-12 00:00:00') * 1000 AS INTEGER), CAST(unixepoch('2026-05-12 00:00:00') * 1000 AS INTEGER), 'extended', NULL, 'applied', 'Client materials delayed; extension filed.', 'Partner approval', CAST(unixepoch('2026-10-13 00:00:00') * 1000 AS INTEGER), CAST(unixepoch('2026-04-20 10:00:00') * 1000 AS INTEGER), 'mock_user_plan_solo', 'filed', 'FinCEN Form 114', CAST(unixepoch('2026-04-20 10:00:00') * 1000 AS INTEGER), 'not_started', 'not_required', NULL, NULL, 'not_applicable', NULL, 'not_applicable', NULL, NULL, NULL, NULL, 1800000, NULL, 'needs_input', '[]', NULL, NULL, CAST(unixepoch('2026-05-20 09:00:00') * 1000 AS INTEGER), CAST(unixepoch('2026-05-20 09:00:00') * 1000 AS INTEGER)),
  ('21000000-0000-4000-8000-000000000021', 'mock_firm_plan_solo', '11000000-0000-4000-8000-000000000007', '16000000-0000-4000-8000-000000000007', 'ny.it204.return.2025', 'ny_it204', 2025, 'calendar', 'NY', 'filing', 'Form IT-204', 'NY', 'annual', 'med', 'manual', CAST(unixepoch('2025-01-01 00:00:00') * 1000 AS INTEGER), CAST(unixepoch('2025-12-31 00:00:00') * 1000 AS INTEGER), 'calendar', 'client_default', CAST(unixepoch('2026-05-12 00:00:00') * 1000 AS INTEGER), CAST(unixepoch('2026-05-12 00:00:00') * 1000 AS INTEGER), CAST(unixepoch('2026-05-12 00:00:00') * 1000 AS INTEGER), NULL, 'completed', NULL, 'not_considered', NULL, NULL, NULL, NULL, NULL, 'not_started', NULL, NULL, 'prepared', 'approved', NULL, NULL, 'not_applicable', NULL, 'not_applicable', NULL, NULL, NULL, NULL, null, NULL, 'needs_input', '[]', NULL, NULL, CAST(unixepoch('2026-05-20 09:00:00') * 1000 AS INTEGER), CAST(unixepoch('2026-05-20 09:00:00') * 1000 AS INTEGER)),
  ('21000000-0000-4000-8000-000000000022', 'mock_firm_plan_solo', '11000000-0000-4000-8000-000000000010', '16000000-0000-4000-8000-000000000010', 'ca.100.return.2025', 'ca_100', 2025, 'calendar', 'CA', 'filing', 'Form 100', 'CA', 'annual', 'med', 'manual', CAST(unixepoch('2025-01-01 00:00:00') * 1000 AS INTEGER), CAST(unixepoch('2025-12-31 00:00:00') * 1000 AS INTEGER), 'calendar', 'client_default', CAST(unixepoch('2026-09-15 00:00:00') * 1000 AS INTEGER), CAST(unixepoch('2026-09-15 00:00:00') * 1000 AS INTEGER), CAST(unixepoch('2026-09-15 00:00:00') * 1000 AS INTEGER), NULL, 'not_applicable', NULL, 'not_considered', NULL, NULL, NULL, NULL, NULL, 'not_started', NULL, NULL, 'not_started', 'not_required', NULL, NULL, 'not_applicable', NULL, 'not_applicable', NULL, NULL, NULL, NULL, 13500000, NULL, 'needs_input', '[]', NULL, NULL, CAST(unixepoch('2026-05-20 09:00:00') * 1000 AS INTEGER), CAST(unixepoch('2026-05-20 09:00:00') * 1000 AS INTEGER)),
  ('21000000-0000-4000-8000-000000000023', 'mock_firm_plan_solo', '11000000-0000-4000-8000-000000000006', '16000000-0000-4000-8000-000000000006', 'ny.it205.return.2025', 'ny_it205', 2025, 'calendar', 'NY', 'filing', 'Form IT-205', 'NY', 'annual', 'med', 'manual', CAST(unixepoch('2025-01-01 00:00:00') * 1000 AS INTEGER), CAST(unixepoch('2025-12-31 00:00:00') * 1000 AS INTEGER), 'calendar', 'client_default', CAST(unixepoch('2026-06-22 00:00:00') * 1000 AS INTEGER), CAST(unixepoch('2026-06-22 00:00:00') * 1000 AS INTEGER), CAST(unixepoch('2026-06-22 00:00:00') * 1000 AS INTEGER), NULL, 'pending', NULL, 'rejected', 'Client opted to file on time; extension declined.', NULL, NULL, CAST(unixepoch('2026-04-20 10:00:00') * 1000 AS INTEGER), 'mock_user_plan_solo', 'rejected', NULL, NULL, 'not_started', 'not_required', NULL, NULL, 'not_applicable', NULL, 'not_applicable', NULL, NULL, NULL, NULL, 2600000, NULL, 'needs_input', '[]', NULL, NULL, CAST(unixepoch('2026-05-20 09:00:00') * 1000 AS INTEGER), CAST(unixepoch('2026-05-20 09:00:00') * 1000 AS INTEGER)),
  ('21000000-0000-4000-8000-000000000024', 'mock_firm_plan_solo', '11000000-0000-4000-8000-000000000005', '16000000-0000-4000-8000-000000000005', 'fed.1120.estimated_tax.2026', 'federal_1120_estimated_tax', 2026, 'calendar', 'FED', 'payment', 'Form 1120-W', 'IRS', 'quarterly', 'med', 'manual', CAST(unixepoch('2026-01-01 00:00:00') * 1000 AS INTEGER), CAST(unixepoch('2026-12-31 00:00:00') * 1000 AS INTEGER), 'calendar', 'client_default', CAST(unixepoch('2026-06-05 00:00:00') * 1000 AS INTEGER), CAST(unixepoch('2026-06-05 00:00:00') * 1000 AS INTEGER), CAST(unixepoch('2026-06-05 00:00:00') * 1000 AS INTEGER), CAST(unixepoch('2026-06-05 00:00:00') * 1000 AS INTEGER), 'pending', NULL, 'not_considered', NULL, NULL, NULL, NULL, NULL, 'not_applicable', NULL, NULL, 'not_started', 'not_required', NULL, NULL, 'client_approval_needed', NULL, 'not_applicable', NULL, NULL, NULL, NULL, 16200000, NULL, 'needs_input', '[]', NULL, NULL, CAST(unixepoch('2026-05-20 09:00:00') * 1000 AS INTEGER), CAST(unixepoch('2026-05-20 09:00:00') * 1000 AS INTEGER)),
  ('21000000-0000-4000-8000-000000000025', 'mock_firm_plan_solo', '11000000-0000-4000-8000-000000000004', '16000000-0000-4000-8000-000000000004', 'ny.ct3s.return.2025', 'ny_ct3s', 2025, 'calendar', 'NY', 'filing', 'Form CT-3-S', 'NY', 'annual', 'med', 'manual', CAST(unixepoch('2025-01-01 00:00:00') * 1000 AS INTEGER), CAST(unixepoch('2025-12-31 00:00:00') * 1000 AS INTEGER), 'calendar', 'client_default', CAST(unixepoch('2026-07-15 00:00:00') * 1000 AS INTEGER), CAST(unixepoch('2026-07-15 00:00:00') * 1000 AS INTEGER), CAST(unixepoch('2026-07-15 00:00:00') * 1000 AS INTEGER), NULL, 'in_progress', NULL, 'not_considered', NULL, NULL, NULL, NULL, NULL, 'not_started', NULL, NULL, 'bookkeeping_cleanup', 'not_required', NULL, NULL, 'not_applicable', NULL, 'not_applicable', NULL, NULL, NULL, NULL, 5500000, NULL, 'needs_input', '[]', NULL, NULL, CAST(unixepoch('2026-05-20 09:00:00') * 1000 AS INTEGER), CAST(unixepoch('2026-05-20 09:00:00') * 1000 AS INTEGER)),
  ('21000000-0000-4000-8000-000000000026', 'mock_firm_plan_solo', '11000000-0000-4000-8000-000000000008', '16000000-0000-4000-8000-000000000008', 'tx.franchise.pir_oir.2026', 'tx_pir_oir', 2026, 'calendar', 'TX', 'information', 'PIR/OIR', 'TX', 'annual', 'med', 'manual', CAST(unixepoch('2026-01-01 00:00:00') * 1000 AS INTEGER), CAST(unixepoch('2026-12-31 00:00:00') * 1000 AS INTEGER), 'calendar', 'client_default', CAST(unixepoch('2026-06-22 00:00:00') * 1000 AS INTEGER), CAST(unixepoch('2026-06-22 00:00:00') * 1000 AS INTEGER), CAST(unixepoch('2026-06-22 00:00:00') * 1000 AS INTEGER), NULL, 'pending', NULL, 'not_considered', NULL, NULL, NULL, NULL, NULL, 'not_applicable', NULL, NULL, 'not_started', 'not_required', NULL, NULL, 'not_applicable', NULL, 'not_applicable', NULL, NULL, NULL, NULL, 9900000, NULL, 'needs_input', '[]', NULL, NULL, CAST(unixepoch('2026-05-20 09:00:00') * 1000 AS INTEGER), CAST(unixepoch('2026-05-20 09:00:00') * 1000 AS INTEGER)),
  ('21000000-0000-4000-8000-000000000027', 'mock_firm_plan_solo', '11000000-0000-4000-8000-000000000009', '16000000-0000-4000-8000-000000000009', 'fed.1040.return.2025', 'federal_1040', 2025, 'calendar', 'FED', 'filing', 'Form 1040', 'IRS', 'annual', 'med', 'manual', CAST(unixepoch('2025-01-01 00:00:00') * 1000 AS INTEGER), CAST(unixepoch('2025-12-31 00:00:00') * 1000 AS INTEGER), 'calendar', 'client_default', CAST(unixepoch('2026-05-12 00:00:00') * 1000 AS INTEGER), CAST(unixepoch('2026-05-12 00:00:00') * 1000 AS INTEGER), CAST(unixepoch('2026-05-12 00:00:00') * 1000 AS INTEGER), CAST(unixepoch('2026-05-12 00:00:00') * 1000 AS INTEGER), 'done', NULL, 'not_considered', NULL, NULL, NULL, NULL, NULL, 'not_started', NULL, NULL, 'not_started', 'not_required', NULL, NULL, 'not_applicable', NULL, 'paper_filed', NULL, NULL, NULL, NULL, 4100000, NULL, 'needs_input', '[]', NULL, NULL, CAST(unixepoch('2026-05-20 09:00:00') * 1000 AS INTEGER), CAST(unixepoch('2026-05-20 09:00:00') * 1000 AS INTEGER)),
  ('21000000-0000-4000-8000-000000000028', 'mock_firm_plan_solo', '11000000-0000-4000-8000-000000000003', '16000000-0000-4000-8000-000000000003', 'fed.1065.return.2025', 'federal_1065', 2025, 'calendar', 'FED', 'filing', 'Form 1065', 'IRS', 'annual', 'med', 'manual', CAST(unixepoch('2025-01-01 00:00:00') * 1000 AS INTEGER), CAST(unixepoch('2025-12-31 00:00:00') * 1000 AS INTEGER), 'calendar', 'client_default', CAST(unixepoch('2026-06-02 00:00:00') * 1000 AS INTEGER), CAST(unixepoch('2026-06-02 00:00:00') * 1000 AS INTEGER), CAST(unixepoch('2026-06-02 00:00:00') * 1000 AS INTEGER), CAST(unixepoch('2026-06-02 00:00:00') * 1000 AS INTEGER), 'pending', NULL, 'not_considered', NULL, NULL, NULL, NULL, NULL, 'not_started', NULL, NULL, 'not_started', 'not_required', NULL, NULL, 'not_applicable', NULL, 'not_applicable', NULL, NULL, NULL, NULL, 7800000, NULL, 'needs_input', '[]', NULL, NULL, CAST(unixepoch('2026-05-20 09:00:00') * 1000 AS INTEGER), CAST(unixepoch('2026-05-20 09:00:00') * 1000 AS INTEGER));

INSERT INTO obligation_instance
  (id, firm_id, client_id, client_filing_profile_id, rule_id, tax_type, tax_year, tax_year_type, jurisdiction, obligation_type, form_name, authority, recurrence, risk_level, generation_source, tax_period_start, tax_period_end, tax_period_kind, tax_period_source, base_due_date, current_due_date, filing_due_date, payment_due_date, status, blocked_by_obligation_instance_id, extension_decision, extension_memo, extension_source, extension_expected_due_date, extension_decided_at, extension_decided_by_user_id, extension_state, extension_form_name, extension_filed_at, prep_stage, review_stage, reviewer_user_id, review_completed_at, payment_state, payment_confirmed_at, efile_state, efile_authorization_form, efile_submitted_at, efile_accepted_at, efile_rejected_at, estimated_tax_due_cents, estimated_exposure_cents, exposure_status, penalty_breakdown_json, penalty_formula_version, exposure_calculated_at, created_at, updated_at)
VALUES
  ('22000000-0000-4000-8000-000000000001', 'mock_firm_plan_pro', '12000000-0000-4000-8000-000000000001', '17000000-0000-4000-8000-000000000001', 'fed.1040.return.2025', 'federal_1040', 2025, 'calendar', 'FED', 'filing', 'Form 1040', 'IRS', 'annual', 'med', 'manual', CAST(unixepoch('2025-01-01 00:00:00') * 1000 AS INTEGER), CAST(unixepoch('2025-12-31 00:00:00') * 1000 AS INTEGER), 'calendar', 'client_default', CAST(unixepoch('2026-06-22 00:00:00') * 1000 AS INTEGER), CAST(unixepoch('2026-06-22 00:00:00') * 1000 AS INTEGER), CAST(unixepoch('2026-06-22 00:00:00') * 1000 AS INTEGER), CAST(unixepoch('2026-06-22 00:00:00') * 1000 AS INTEGER), 'pending', NULL, 'not_considered', NULL, NULL, NULL, NULL, NULL, 'not_started', NULL, NULL, 'not_started', 'not_required', NULL, NULL, 'not_applicable', NULL, 'not_applicable', NULL, NULL, NULL, NULL, 3200000, NULL, 'needs_input', '[]', NULL, NULL, CAST(unixepoch('2026-05-20 09:00:00') * 1000 AS INTEGER), CAST(unixepoch('2026-05-20 09:00:00') * 1000 AS INTEGER)),
  ('22000000-0000-4000-8000-000000000002', 'mock_firm_plan_pro', '12000000-0000-4000-8000-000000000001', '17000000-0000-4000-8000-000000000001', 'fed.1040.estimated_tax.2026', 'federal_1040_estimated_tax', 2026, 'calendar', 'FED', 'payment', 'Form 1040-ES', 'IRS', 'quarterly', 'med', 'manual', CAST(unixepoch('2026-01-01 00:00:00') * 1000 AS INTEGER), CAST(unixepoch('2026-12-31 00:00:00') * 1000 AS INTEGER), 'calendar', 'client_default', CAST(unixepoch('2026-06-05 00:00:00') * 1000 AS INTEGER), CAST(unixepoch('2026-06-05 00:00:00') * 1000 AS INTEGER), CAST(unixepoch('2026-06-05 00:00:00') * 1000 AS INTEGER), CAST(unixepoch('2026-06-05 00:00:00') * 1000 AS INTEGER), 'pending', NULL, 'not_considered', NULL, NULL, NULL, NULL, NULL, 'not_applicable', NULL, NULL, 'not_started', 'not_required', NULL, NULL, 'scheduled', NULL, 'not_applicable', NULL, NULL, NULL, NULL, 3200000, NULL, 'needs_input', '[]', NULL, NULL, CAST(unixepoch('2026-05-20 09:00:00') * 1000 AS INTEGER), CAST(unixepoch('2026-05-20 09:00:00') * 1000 AS INTEGER)),
  ('22000000-0000-4000-8000-000000000003', 'mock_firm_plan_pro', '12000000-0000-4000-8000-000000000002', '17000000-0000-4000-8000-000000000002', 'fed.1040.return.2025', 'federal_1040', 2025, 'calendar', 'FED', 'filing', 'Form 1040', 'IRS', 'annual', 'med', 'manual', CAST(unixepoch('2025-01-01 00:00:00') * 1000 AS INTEGER), CAST(unixepoch('2025-12-31 00:00:00') * 1000 AS INTEGER), 'calendar', 'client_default', CAST(unixepoch('2026-05-12 00:00:00') * 1000 AS INTEGER), CAST(unixepoch('2026-05-12 00:00:00') * 1000 AS INTEGER), CAST(unixepoch('2026-05-12 00:00:00') * 1000 AS INTEGER), CAST(unixepoch('2026-05-12 00:00:00') * 1000 AS INTEGER), 'pending', NULL, 'not_considered', NULL, NULL, NULL, NULL, NULL, 'not_started', NULL, NULL, 'not_started', 'not_required', NULL, NULL, 'not_applicable', NULL, 'not_applicable', NULL, NULL, NULL, NULL, 1800000, 270000, 'ready', '[{"key":"late_filing","label":"Late filing — §6651(a)(1)","amountCents":243000,"formula":"4.5% x $18,000 unpaid x 3 months (net of failure-to-pay offset)"},{"key":"failure_to_pay","label":"Failure to pay — §6651(a)(2)","amountCents":27000,"formula":"0.5% x $18,000 unpaid x 3 months"}]', 'penalty-v1', CAST(unixepoch('2026-05-20 09:00:00') * 1000 AS INTEGER), CAST(unixepoch('2026-05-20 09:00:00') * 1000 AS INTEGER), CAST(unixepoch('2026-05-20 09:00:00') * 1000 AS INTEGER)),
  ('22000000-0000-4000-8000-000000000004', 'mock_firm_plan_pro', '12000000-0000-4000-8000-000000000003', '17000000-0000-4000-8000-000000000003', 'fed.1065.return.2025', 'federal_1065', 2025, 'calendar', 'FED', 'filing', 'Form 1065', 'IRS', 'annual', 'med', 'manual', CAST(unixepoch('2025-01-01 00:00:00') * 1000 AS INTEGER), CAST(unixepoch('2025-12-31 00:00:00') * 1000 AS INTEGER), 'calendar', 'client_default', CAST(unixepoch('2026-06-22 00:00:00') * 1000 AS INTEGER), CAST(unixepoch('2026-06-22 00:00:00') * 1000 AS INTEGER), CAST(unixepoch('2026-06-22 00:00:00') * 1000 AS INTEGER), CAST(unixepoch('2026-06-22 00:00:00') * 1000 AS INTEGER), 'in_progress', NULL, 'not_considered', NULL, NULL, NULL, NULL, NULL, 'not_started', NULL, NULL, 'in_prep', 'not_required', NULL, NULL, 'not_applicable', NULL, 'not_applicable', NULL, NULL, NULL, NULL, 7800000, NULL, 'needs_input', '[]', NULL, NULL, CAST(unixepoch('2026-05-20 09:00:00') * 1000 AS INTEGER), CAST(unixepoch('2026-05-20 09:00:00') * 1000 AS INTEGER)),
  ('22000000-0000-4000-8000-000000000005', 'mock_firm_plan_pro', '12000000-0000-4000-8000-000000000003', '17000000-0000-4000-8000-000000000003', 'ca.llc.568.return.2025', 'ca_llc_568', 2025, 'calendar', 'CA', 'filing', 'Form 568', 'CA', 'annual', 'med', 'manual', CAST(unixepoch('2025-01-01 00:00:00') * 1000 AS INTEGER), CAST(unixepoch('2025-12-31 00:00:00') * 1000 AS INTEGER), 'calendar', 'client_default', CAST(unixepoch('2026-05-12 00:00:00') * 1000 AS INTEGER), CAST(unixepoch('2026-11-12 00:00:00') * 1000 AS INTEGER), CAST(unixepoch('2026-12-12 00:00:00') * 1000 AS INTEGER), CAST(unixepoch('2026-05-12 00:00:00') * 1000 AS INTEGER), 'extended', NULL, 'applied', 'Client materials delayed; extension filed.', 'Partner approval', CAST(unixepoch('2026-11-12 00:00:00') * 1000 AS INTEGER), CAST(unixepoch('2026-04-20 10:00:00') * 1000 AS INTEGER), 'mock_user_plan_pro_preparer', 'filed', 'Form 568', CAST(unixepoch('2026-04-20 10:00:00') * 1000 AS INTEGER), 'not_started', 'not_required', NULL, NULL, 'not_applicable', NULL, 'not_applicable', NULL, NULL, NULL, NULL, 7800000, NULL, 'needs_input', '[]', NULL, NULL, CAST(unixepoch('2026-05-20 09:00:00') * 1000 AS INTEGER), CAST(unixepoch('2026-05-20 09:00:00') * 1000 AS INTEGER)),
  ('22000000-0000-4000-8000-000000000006', 'mock_firm_plan_pro', '12000000-0000-4000-8000-000000000004', '17000000-0000-4000-8000-000000000004', 'fed.1120s.return.2025', 'federal_1120s', 2025, 'calendar', 'FED', 'filing', 'Form 1120-S', 'IRS', 'annual', 'med', 'manual', CAST(unixepoch('2025-01-01 00:00:00') * 1000 AS INTEGER), CAST(unixepoch('2025-12-31 00:00:00') * 1000 AS INTEGER), 'calendar', 'client_default', CAST(unixepoch('2026-05-12 00:00:00') * 1000 AS INTEGER), CAST(unixepoch('2026-05-12 00:00:00') * 1000 AS INTEGER), CAST(unixepoch('2026-05-12 00:00:00') * 1000 AS INTEGER), CAST(unixepoch('2026-05-12 00:00:00') * 1000 AS INTEGER), 'done', NULL, 'not_considered', NULL, NULL, NULL, NULL, NULL, 'not_started', NULL, NULL, 'prepared', 'approved', NULL, NULL, 'not_applicable', NULL, 'authorization_requested', 'Form 8879', NULL, NULL, NULL, 5500000, NULL, 'needs_input', '[]', NULL, NULL, CAST(unixepoch('2026-05-20 09:00:00') * 1000 AS INTEGER), CAST(unixepoch('2026-05-20 09:00:00') * 1000 AS INTEGER)),
  ('22000000-0000-4000-8000-000000000007', 'mock_firm_plan_pro', '12000000-0000-4000-8000-000000000004', '17000000-0000-4000-8000-000000000004', 'ny.ct3s.return.2025', 'ny_ct3s', 2025, 'calendar', 'NY', 'filing', 'Form CT-3-S', 'NY', 'annual', 'med', 'manual', CAST(unixepoch('2025-01-01 00:00:00') * 1000 AS INTEGER), CAST(unixepoch('2025-12-31 00:00:00') * 1000 AS INTEGER), 'calendar', 'client_default', CAST(unixepoch('2026-06-22 00:00:00') * 1000 AS INTEGER), CAST(unixepoch('2026-06-22 00:00:00') * 1000 AS INTEGER), CAST(unixepoch('2026-06-22 00:00:00') * 1000 AS INTEGER), NULL, 'review', NULL, 'not_considered', NULL, NULL, NULL, NULL, NULL, 'not_started', NULL, NULL, 'prepared', 'in_review', 'mock_user_plan_pro_preparer', NULL, 'not_applicable', NULL, 'not_applicable', NULL, NULL, NULL, NULL, 5500000, NULL, 'needs_input', '[]', NULL, NULL, CAST(unixepoch('2026-05-20 09:00:00') * 1000 AS INTEGER), CAST(unixepoch('2026-05-20 09:00:00') * 1000 AS INTEGER)),
  ('22000000-0000-4000-8000-000000000008', 'mock_firm_plan_pro', '12000000-0000-4000-8000-000000000005', '17000000-0000-4000-8000-000000000005', 'fed.1120.return.2025', 'federal_1120', 2025, 'calendar', 'FED', 'filing', 'Form 1120', 'IRS', 'annual', 'med', 'manual', CAST(unixepoch('2025-01-01 00:00:00') * 1000 AS INTEGER), CAST(unixepoch('2025-12-31 00:00:00') * 1000 AS INTEGER), 'calendar', 'client_default', CAST(unixepoch('2026-05-12 00:00:00') * 1000 AS INTEGER), CAST(unixepoch('2026-10-13 00:00:00') * 1000 AS INTEGER), CAST(unixepoch('2026-11-12 00:00:00') * 1000 AS INTEGER), CAST(unixepoch('2026-05-12 00:00:00') * 1000 AS INTEGER), 'extended', NULL, 'applied', 'Client materials delayed; extension filed.', 'Partner approval', CAST(unixepoch('2026-10-13 00:00:00') * 1000 AS INTEGER), CAST(unixepoch('2026-04-20 10:00:00') * 1000 AS INTEGER), 'mock_user_plan_pro_preparer', 'filed', 'Form 7004', CAST(unixepoch('2026-04-20 10:00:00') * 1000 AS INTEGER), 'not_started', 'not_required', NULL, NULL, 'not_applicable', NULL, 'not_applicable', NULL, NULL, NULL, NULL, 16200000, 243000, 'ready', '[{"key":"failure_to_pay","label":"Failure to pay (payment not extended) — §6651(a)(2)","amountCents":243000,"formula":"0.5% x $162,000 balance x 3 months"}]', 'penalty-v1', CAST(unixepoch('2026-05-20 09:00:00') * 1000 AS INTEGER), CAST(unixepoch('2026-05-20 09:00:00') * 1000 AS INTEGER), CAST(unixepoch('2026-05-20 09:00:00') * 1000 AS INTEGER)),
  ('22000000-0000-4000-8000-000000000009', 'mock_firm_plan_pro', '12000000-0000-4000-8000-000000000005', '17000000-0000-4000-8000-000000000005', 'fl.f1120.return.2025', 'fl_f1120', 2025, 'calendar', 'FL', 'filing', 'Form F-1120', 'FL', 'annual', 'med', 'manual', CAST(unixepoch('2025-01-01 00:00:00') * 1000 AS INTEGER), CAST(unixepoch('2025-12-31 00:00:00') * 1000 AS INTEGER), 'calendar', 'client_default', CAST(unixepoch('2026-07-15 00:00:00') * 1000 AS INTEGER), CAST(unixepoch('2026-07-15 00:00:00') * 1000 AS INTEGER), CAST(unixepoch('2026-07-15 00:00:00') * 1000 AS INTEGER), NULL, 'waiting_on_client', NULL, 'not_considered', NULL, NULL, NULL, NULL, NULL, 'not_started', NULL, NULL, 'waiting_on_client', 'not_required', NULL, NULL, 'not_applicable', NULL, 'not_applicable', NULL, NULL, NULL, NULL, 16200000, NULL, 'needs_input', '[]', NULL, NULL, CAST(unixepoch('2026-05-20 09:00:00') * 1000 AS INTEGER), CAST(unixepoch('2026-05-20 09:00:00') * 1000 AS INTEGER)),
  ('22000000-0000-4000-8000-000000000010', 'mock_firm_plan_pro', '12000000-0000-4000-8000-000000000006', '17000000-0000-4000-8000-000000000006', 'fed.1041.return.2025', 'federal_1041', 2025, 'calendar', 'FED', 'filing', 'Form 1041', 'IRS', 'annual', 'med', 'manual', CAST(unixepoch('2025-01-01 00:00:00') * 1000 AS INTEGER), CAST(unixepoch('2025-12-31 00:00:00') * 1000 AS INTEGER), 'calendar', 'client_default', CAST(unixepoch('2026-05-12 00:00:00') * 1000 AS INTEGER), CAST(unixepoch('2026-09-27 00:00:00') * 1000 AS INTEGER), CAST(unixepoch('2026-10-27 00:00:00') * 1000 AS INTEGER), CAST(unixepoch('2026-05-12 00:00:00') * 1000 AS INTEGER), 'extended', NULL, 'applied', 'Client materials delayed; extension filed.', 'Partner approval', CAST(unixepoch('2026-09-27 00:00:00') * 1000 AS INTEGER), CAST(unixepoch('2026-04-20 10:00:00') * 1000 AS INTEGER), 'mock_user_plan_pro_preparer', 'filed', 'Form 7004', CAST(unixepoch('2026-04-20 10:00:00') * 1000 AS INTEGER), 'not_started', 'not_required', NULL, NULL, 'not_applicable', NULL, 'not_applicable', NULL, NULL, NULL, NULL, 2600000, 39000, 'ready', '[{"key":"failure_to_pay","label":"Failure to pay (payment not extended) — §6651(a)(2)","amountCents":39000,"formula":"0.5% x $26,000 balance x 3 months"}]', 'penalty-v1', CAST(unixepoch('2026-05-20 09:00:00') * 1000 AS INTEGER), CAST(unixepoch('2026-05-20 09:00:00') * 1000 AS INTEGER), CAST(unixepoch('2026-05-20 09:00:00') * 1000 AS INTEGER)),
  ('22000000-0000-4000-8000-000000000011', 'mock_firm_plan_pro', '12000000-0000-4000-8000-000000000006', '17000000-0000-4000-8000-000000000006', 'ca.541.return.2025', 'ca_541', 2025, 'calendar', 'CA', 'filing', 'Form 541', 'CA', 'annual', 'med', 'manual', CAST(unixepoch('2025-01-01 00:00:00') * 1000 AS INTEGER), CAST(unixepoch('2025-12-31 00:00:00') * 1000 AS INTEGER), 'calendar', 'client_default', CAST(unixepoch('2026-06-22 00:00:00') * 1000 AS INTEGER), CAST(unixepoch('2026-06-22 00:00:00') * 1000 AS INTEGER), CAST(unixepoch('2026-06-22 00:00:00') * 1000 AS INTEGER), NULL, 'blocked', '22000000-0000-4000-8000-000000000010', 'not_considered', NULL, NULL, NULL, NULL, NULL, 'not_started', NULL, NULL, 'not_started', 'not_required', NULL, NULL, 'not_applicable', NULL, 'not_applicable', NULL, NULL, NULL, NULL, 2600000, NULL, 'needs_input', '[]', NULL, NULL, CAST(unixepoch('2026-05-20 09:00:00') * 1000 AS INTEGER), CAST(unixepoch('2026-05-20 09:00:00') * 1000 AS INTEGER)),
  ('22000000-0000-4000-8000-000000000012', 'mock_firm_plan_pro', '12000000-0000-4000-8000-000000000007', '17000000-0000-4000-8000-000000000007', 'fed.990.return.2025', 'federal_990', 2025, 'calendar', 'FED', 'filing', 'Form 990', 'IRS', 'annual', 'med', 'manual', CAST(unixepoch('2025-01-01 00:00:00') * 1000 AS INTEGER), CAST(unixepoch('2025-12-31 00:00:00') * 1000 AS INTEGER), 'calendar', 'client_default', CAST(unixepoch('2026-05-12 00:00:00') * 1000 AS INTEGER), CAST(unixepoch('2026-05-12 00:00:00') * 1000 AS INTEGER), CAST(unixepoch('2026-05-12 00:00:00') * 1000 AS INTEGER), CAST(unixepoch('2026-05-12 00:00:00') * 1000 AS INTEGER), 'done', NULL, 'not_considered', NULL, NULL, NULL, NULL, NULL, 'not_started', NULL, NULL, 'not_started', 'not_required', NULL, NULL, 'not_applicable', NULL, 'accepted', 'Form 8879', CAST(unixepoch('2026-05-08 14:00:00') * 1000 AS INTEGER), CAST(unixepoch('2026-05-09 09:00:00') * 1000 AS INTEGER), NULL, null, NULL, 'needs_input', '[]', NULL, NULL, CAST(unixepoch('2026-05-20 09:00:00') * 1000 AS INTEGER), CAST(unixepoch('2026-05-20 09:00:00') * 1000 AS INTEGER)),
  ('22000000-0000-4000-8000-000000000013', 'mock_firm_plan_pro', '12000000-0000-4000-8000-000000000008', '17000000-0000-4000-8000-000000000008', 'fed.1065.return.2025', 'federal_1065', 2025, 'calendar', 'FED', 'filing', 'Form 1065', 'IRS', 'annual', 'med', 'manual', CAST(unixepoch('2025-01-01 00:00:00') * 1000 AS INTEGER), CAST(unixepoch('2025-12-31 00:00:00') * 1000 AS INTEGER), 'calendar', 'client_default', CAST(unixepoch('2026-06-05 00:00:00') * 1000 AS INTEGER), CAST(unixepoch('2026-06-05 00:00:00') * 1000 AS INTEGER), CAST(unixepoch('2026-06-05 00:00:00') * 1000 AS INTEGER), CAST(unixepoch('2026-06-05 00:00:00') * 1000 AS INTEGER), 'done', NULL, 'not_considered', NULL, NULL, NULL, NULL, NULL, 'not_started', NULL, NULL, 'not_started', 'not_required', NULL, NULL, 'not_applicable', NULL, 'authorization_signed', 'Form 8879', NULL, NULL, NULL, 9900000, NULL, 'needs_input', '[]', NULL, NULL, CAST(unixepoch('2026-05-20 09:00:00') * 1000 AS INTEGER), CAST(unixepoch('2026-05-20 09:00:00') * 1000 AS INTEGER)),
  ('22000000-0000-4000-8000-000000000014', 'mock_firm_plan_pro', '12000000-0000-4000-8000-000000000008', '17000000-0000-4000-8000-000000000008', 'tx.franchise.annual_report.2026', 'tx_franchise_report', 2026, 'calendar', 'TX', 'filing', 'TX Franchise Report', 'TX', 'annual', 'med', 'manual', CAST(unixepoch('2026-01-01 00:00:00') * 1000 AS INTEGER), CAST(unixepoch('2026-12-31 00:00:00') * 1000 AS INTEGER), 'calendar', 'client_default', CAST(unixepoch('2026-05-12 00:00:00') * 1000 AS INTEGER), CAST(unixepoch('2026-10-13 00:00:00') * 1000 AS INTEGER), CAST(unixepoch('2026-11-12 00:00:00') * 1000 AS INTEGER), CAST(unixepoch('2026-05-12 00:00:00') * 1000 AS INTEGER), 'extended', NULL, 'applied', 'Client materials delayed; extension filed.', 'Partner approval', CAST(unixepoch('2026-10-13 00:00:00') * 1000 AS INTEGER), CAST(unixepoch('2026-04-20 10:00:00') * 1000 AS INTEGER), 'mock_user_plan_pro_preparer', 'filed', 'TX Franchise Report', CAST(unixepoch('2026-04-20 10:00:00') * 1000 AS INTEGER), 'not_started', 'not_required', NULL, NULL, 'not_applicable', NULL, 'not_applicable', NULL, NULL, NULL, NULL, 9900000, NULL, 'needs_input', '[]', NULL, NULL, CAST(unixepoch('2026-05-20 09:00:00') * 1000 AS INTEGER), CAST(unixepoch('2026-05-20 09:00:00') * 1000 AS INTEGER)),
  ('22000000-0000-4000-8000-000000000015', 'mock_firm_plan_pro', '12000000-0000-4000-8000-000000000009', '17000000-0000-4000-8000-000000000009', 'fed.941.return.2026', 'federal_941', 2026, 'calendar', 'FED', 'filing', 'Form 941', 'IRS', 'quarterly', 'med', 'manual', CAST(unixepoch('2026-01-01 00:00:00') * 1000 AS INTEGER), CAST(unixepoch('2026-12-31 00:00:00') * 1000 AS INTEGER), 'calendar', 'client_default', CAST(unixepoch('2026-05-12 00:00:00') * 1000 AS INTEGER), CAST(unixepoch('2026-05-12 00:00:00') * 1000 AS INTEGER), CAST(unixepoch('2026-05-12 00:00:00') * 1000 AS INTEGER), CAST(unixepoch('2026-05-12 00:00:00') * 1000 AS INTEGER), 'paid', NULL, 'not_considered', NULL, NULL, NULL, NULL, NULL, 'not_applicable', NULL, NULL, 'not_started', 'not_required', NULL, NULL, 'confirmed', CAST(unixepoch('2026-05-15 09:00:00') * 1000 AS INTEGER), 'not_applicable', NULL, NULL, NULL, NULL, 4100000, NULL, 'needs_input', '[]', NULL, NULL, CAST(unixepoch('2026-05-20 09:00:00') * 1000 AS INTEGER), CAST(unixepoch('2026-05-20 09:00:00') * 1000 AS INTEGER)),
  ('22000000-0000-4000-8000-000000000016', 'mock_firm_plan_pro', '12000000-0000-4000-8000-000000000009', '17000000-0000-4000-8000-000000000009', 'fed.1120s.return.2025', 'federal_1120s', 2025, 'calendar', 'FED', 'filing', 'Form 1120-S', 'IRS', 'annual', 'med', 'manual', CAST(unixepoch('2025-01-01 00:00:00') * 1000 AS INTEGER), CAST(unixepoch('2025-12-31 00:00:00') * 1000 AS INTEGER), 'calendar', 'client_default', CAST(unixepoch('2026-06-02 00:00:00') * 1000 AS INTEGER), CAST(unixepoch('2026-06-02 00:00:00') * 1000 AS INTEGER), CAST(unixepoch('2026-06-02 00:00:00') * 1000 AS INTEGER), CAST(unixepoch('2026-06-02 00:00:00') * 1000 AS INTEGER), 'done', NULL, 'not_considered', NULL, NULL, NULL, NULL, NULL, 'not_started', NULL, NULL, 'not_started', 'not_required', NULL, NULL, 'not_applicable', NULL, 'submitted', 'Form 8879', CAST(unixepoch('2026-06-01 14:00:00') * 1000 AS INTEGER), NULL, NULL, 4100000, NULL, 'needs_input', '[]', NULL, NULL, CAST(unixepoch('2026-05-20 09:00:00') * 1000 AS INTEGER), CAST(unixepoch('2026-05-20 09:00:00') * 1000 AS INTEGER)),
  ('22000000-0000-4000-8000-000000000017', 'mock_firm_plan_pro', '12000000-0000-4000-8000-000000000010', '17000000-0000-4000-8000-000000000010', 'fed.1120.return.2025', 'federal_1120', 2025, 'calendar', 'FED', 'filing', 'Form 1120', 'IRS', 'annual', 'med', 'manual', CAST(unixepoch('2025-01-01 00:00:00') * 1000 AS INTEGER), CAST(unixepoch('2025-12-31 00:00:00') * 1000 AS INTEGER), 'calendar', 'client_default', CAST(unixepoch('2026-05-12 00:00:00') * 1000 AS INTEGER), CAST(unixepoch('2026-05-12 00:00:00') * 1000 AS INTEGER), CAST(unixepoch('2026-05-12 00:00:00') * 1000 AS INTEGER), CAST(unixepoch('2026-05-12 00:00:00') * 1000 AS INTEGER), 'review', NULL, 'not_considered', NULL, NULL, NULL, NULL, NULL, 'not_started', NULL, NULL, 'not_started', 'notes_open', NULL, NULL, 'not_applicable', NULL, 'rejected', 'Form 8879', CAST(unixepoch('2026-05-08 14:00:00') * 1000 AS INTEGER), NULL, CAST(unixepoch('2026-05-10 09:00:00') * 1000 AS INTEGER), 13500000, NULL, 'needs_input', '[]', NULL, NULL, CAST(unixepoch('2026-05-20 09:00:00') * 1000 AS INTEGER), CAST(unixepoch('2026-05-20 09:00:00') * 1000 AS INTEGER)),
  ('22000000-0000-4000-8000-000000000018', 'mock_firm_plan_pro', '12000000-0000-4000-8000-000000000010', '17000000-0000-4000-8000-000000000010', 'ny.ct3.return.2025', 'ny_ct3', 2025, 'calendar', 'NY', 'filing', 'Form CT-3', 'NY', 'annual', 'med', 'manual', CAST(unixepoch('2025-01-01 00:00:00') * 1000 AS INTEGER), CAST(unixepoch('2025-12-31 00:00:00') * 1000 AS INTEGER), 'calendar', 'client_default', CAST(unixepoch('2026-06-22 00:00:00') * 1000 AS INTEGER), CAST(unixepoch('2026-06-22 00:00:00') * 1000 AS INTEGER), CAST(unixepoch('2026-06-22 00:00:00') * 1000 AS INTEGER), NULL, 'review', NULL, 'not_considered', NULL, NULL, NULL, NULL, NULL, 'not_started', NULL, NULL, 'prepared', 'notes_open', 'mock_user_plan_pro_preparer', NULL, 'not_applicable', NULL, 'not_applicable', NULL, NULL, NULL, NULL, 13500000, NULL, 'needs_input', '[]', NULL, NULL, CAST(unixepoch('2026-05-20 09:00:00') * 1000 AS INTEGER), CAST(unixepoch('2026-05-20 09:00:00') * 1000 AS INTEGER)),
  ('22000000-0000-4000-8000-000000000019', 'mock_firm_plan_pro', '12000000-0000-4000-8000-000000000010', '17000000-0000-4000-8000-000000000010', 'fed.1099_nec.2025', 'federal_1099_nec', 2025, 'calendar', 'FED', 'information', 'Form 1099-NEC', 'IRS', 'annual', 'med', 'manual', CAST(unixepoch('2025-01-01 00:00:00') * 1000 AS INTEGER), CAST(unixepoch('2025-12-31 00:00:00') * 1000 AS INTEGER), 'calendar', 'client_default', CAST(unixepoch('2026-09-15 00:00:00') * 1000 AS INTEGER), CAST(unixepoch('2026-09-15 00:00:00') * 1000 AS INTEGER), CAST(unixepoch('2026-09-15 00:00:00') * 1000 AS INTEGER), NULL, 'pending', NULL, 'not_considered', NULL, NULL, NULL, NULL, NULL, 'not_applicable', NULL, NULL, 'not_started', 'not_required', NULL, NULL, 'not_applicable', NULL, 'not_applicable', NULL, NULL, NULL, NULL, 13500000, NULL, 'needs_input', '[]', NULL, NULL, CAST(unixepoch('2026-05-20 09:00:00') * 1000 AS INTEGER), CAST(unixepoch('2026-05-20 09:00:00') * 1000 AS INTEGER)),
  ('22000000-0000-4000-8000-000000000020', 'mock_firm_plan_pro', '12000000-0000-4000-8000-000000000002', '17000000-0000-4000-8000-000000000002', 'fed.fbar.automatic_extension.2025', 'federal_fbar', 2025, 'calendar', 'FED', 'information', 'FinCEN Form 114', 'IRS', 'annual', 'med', 'manual', CAST(unixepoch('2025-01-01 00:00:00') * 1000 AS INTEGER), CAST(unixepoch('2025-12-31 00:00:00') * 1000 AS INTEGER), 'calendar', 'client_default', CAST(unixepoch('2026-05-12 00:00:00') * 1000 AS INTEGER), CAST(unixepoch('2026-10-13 00:00:00') * 1000 AS INTEGER), CAST(unixepoch('2026-11-12 00:00:00') * 1000 AS INTEGER), CAST(unixepoch('2026-05-12 00:00:00') * 1000 AS INTEGER), 'extended', NULL, 'applied', 'Client materials delayed; extension filed.', 'Partner approval', CAST(unixepoch('2026-10-13 00:00:00') * 1000 AS INTEGER), CAST(unixepoch('2026-04-20 10:00:00') * 1000 AS INTEGER), 'mock_user_plan_pro_preparer', 'filed', 'FinCEN Form 114', CAST(unixepoch('2026-04-20 10:00:00') * 1000 AS INTEGER), 'not_started', 'not_required', NULL, NULL, 'not_applicable', NULL, 'not_applicable', NULL, NULL, NULL, NULL, 1800000, NULL, 'needs_input', '[]', NULL, NULL, CAST(unixepoch('2026-05-20 09:00:00') * 1000 AS INTEGER), CAST(unixepoch('2026-05-20 09:00:00') * 1000 AS INTEGER)),
  ('22000000-0000-4000-8000-000000000021', 'mock_firm_plan_pro', '12000000-0000-4000-8000-000000000007', '17000000-0000-4000-8000-000000000007', 'ny.it204.return.2025', 'ny_it204', 2025, 'calendar', 'NY', 'filing', 'Form IT-204', 'NY', 'annual', 'med', 'manual', CAST(unixepoch('2025-01-01 00:00:00') * 1000 AS INTEGER), CAST(unixepoch('2025-12-31 00:00:00') * 1000 AS INTEGER), 'calendar', 'client_default', CAST(unixepoch('2026-05-12 00:00:00') * 1000 AS INTEGER), CAST(unixepoch('2026-05-12 00:00:00') * 1000 AS INTEGER), CAST(unixepoch('2026-05-12 00:00:00') * 1000 AS INTEGER), NULL, 'completed', NULL, 'not_considered', NULL, NULL, NULL, NULL, NULL, 'not_started', NULL, NULL, 'prepared', 'approved', NULL, NULL, 'not_applicable', NULL, 'not_applicable', NULL, NULL, NULL, NULL, null, NULL, 'needs_input', '[]', NULL, NULL, CAST(unixepoch('2026-05-20 09:00:00') * 1000 AS INTEGER), CAST(unixepoch('2026-05-20 09:00:00') * 1000 AS INTEGER)),
  ('22000000-0000-4000-8000-000000000022', 'mock_firm_plan_pro', '12000000-0000-4000-8000-000000000010', '17000000-0000-4000-8000-000000000010', 'ca.100.return.2025', 'ca_100', 2025, 'calendar', 'CA', 'filing', 'Form 100', 'CA', 'annual', 'med', 'manual', CAST(unixepoch('2025-01-01 00:00:00') * 1000 AS INTEGER), CAST(unixepoch('2025-12-31 00:00:00') * 1000 AS INTEGER), 'calendar', 'client_default', CAST(unixepoch('2026-09-15 00:00:00') * 1000 AS INTEGER), CAST(unixepoch('2026-09-15 00:00:00') * 1000 AS INTEGER), CAST(unixepoch('2026-09-15 00:00:00') * 1000 AS INTEGER), NULL, 'not_applicable', NULL, 'not_considered', NULL, NULL, NULL, NULL, NULL, 'not_started', NULL, NULL, 'not_started', 'not_required', NULL, NULL, 'not_applicable', NULL, 'not_applicable', NULL, NULL, NULL, NULL, 13500000, NULL, 'needs_input', '[]', NULL, NULL, CAST(unixepoch('2026-05-20 09:00:00') * 1000 AS INTEGER), CAST(unixepoch('2026-05-20 09:00:00') * 1000 AS INTEGER)),
  ('22000000-0000-4000-8000-000000000023', 'mock_firm_plan_pro', '12000000-0000-4000-8000-000000000006', '17000000-0000-4000-8000-000000000006', 'ny.it205.return.2025', 'ny_it205', 2025, 'calendar', 'NY', 'filing', 'Form IT-205', 'NY', 'annual', 'med', 'manual', CAST(unixepoch('2025-01-01 00:00:00') * 1000 AS INTEGER), CAST(unixepoch('2025-12-31 00:00:00') * 1000 AS INTEGER), 'calendar', 'client_default', CAST(unixepoch('2026-06-22 00:00:00') * 1000 AS INTEGER), CAST(unixepoch('2026-06-22 00:00:00') * 1000 AS INTEGER), CAST(unixepoch('2026-06-22 00:00:00') * 1000 AS INTEGER), NULL, 'pending', NULL, 'rejected', 'Client opted to file on time; extension declined.', NULL, NULL, CAST(unixepoch('2026-04-20 10:00:00') * 1000 AS INTEGER), 'mock_user_plan_pro_preparer', 'rejected', NULL, NULL, 'not_started', 'not_required', NULL, NULL, 'not_applicable', NULL, 'not_applicable', NULL, NULL, NULL, NULL, 2600000, NULL, 'needs_input', '[]', NULL, NULL, CAST(unixepoch('2026-05-20 09:00:00') * 1000 AS INTEGER), CAST(unixepoch('2026-05-20 09:00:00') * 1000 AS INTEGER)),
  ('22000000-0000-4000-8000-000000000024', 'mock_firm_plan_pro', '12000000-0000-4000-8000-000000000005', '17000000-0000-4000-8000-000000000005', 'fed.1120.estimated_tax.2026', 'federal_1120_estimated_tax', 2026, 'calendar', 'FED', 'payment', 'Form 1120-W', 'IRS', 'quarterly', 'med', 'manual', CAST(unixepoch('2026-01-01 00:00:00') * 1000 AS INTEGER), CAST(unixepoch('2026-12-31 00:00:00') * 1000 AS INTEGER), 'calendar', 'client_default', CAST(unixepoch('2026-06-05 00:00:00') * 1000 AS INTEGER), CAST(unixepoch('2026-06-05 00:00:00') * 1000 AS INTEGER), CAST(unixepoch('2026-06-05 00:00:00') * 1000 AS INTEGER), CAST(unixepoch('2026-06-05 00:00:00') * 1000 AS INTEGER), 'pending', NULL, 'not_considered', NULL, NULL, NULL, NULL, NULL, 'not_applicable', NULL, NULL, 'not_started', 'not_required', NULL, NULL, 'client_approval_needed', NULL, 'not_applicable', NULL, NULL, NULL, NULL, 16200000, NULL, 'needs_input', '[]', NULL, NULL, CAST(unixepoch('2026-05-20 09:00:00') * 1000 AS INTEGER), CAST(unixepoch('2026-05-20 09:00:00') * 1000 AS INTEGER)),
  ('22000000-0000-4000-8000-000000000025', 'mock_firm_plan_pro', '12000000-0000-4000-8000-000000000004', '17000000-0000-4000-8000-000000000004', 'ny.ct3s.return.2025', 'ny_ct3s', 2025, 'calendar', 'NY', 'filing', 'Form CT-3-S', 'NY', 'annual', 'med', 'manual', CAST(unixepoch('2025-01-01 00:00:00') * 1000 AS INTEGER), CAST(unixepoch('2025-12-31 00:00:00') * 1000 AS INTEGER), 'calendar', 'client_default', CAST(unixepoch('2026-07-15 00:00:00') * 1000 AS INTEGER), CAST(unixepoch('2026-07-15 00:00:00') * 1000 AS INTEGER), CAST(unixepoch('2026-07-15 00:00:00') * 1000 AS INTEGER), NULL, 'in_progress', NULL, 'not_considered', NULL, NULL, NULL, NULL, NULL, 'not_started', NULL, NULL, 'bookkeeping_cleanup', 'not_required', NULL, NULL, 'not_applicable', NULL, 'not_applicable', NULL, NULL, NULL, NULL, 5500000, NULL, 'needs_input', '[]', NULL, NULL, CAST(unixepoch('2026-05-20 09:00:00') * 1000 AS INTEGER), CAST(unixepoch('2026-05-20 09:00:00') * 1000 AS INTEGER)),
  ('22000000-0000-4000-8000-000000000026', 'mock_firm_plan_pro', '12000000-0000-4000-8000-000000000008', '17000000-0000-4000-8000-000000000008', 'tx.franchise.pir_oir.2026', 'tx_pir_oir', 2026, 'calendar', 'TX', 'information', 'PIR/OIR', 'TX', 'annual', 'med', 'manual', CAST(unixepoch('2026-01-01 00:00:00') * 1000 AS INTEGER), CAST(unixepoch('2026-12-31 00:00:00') * 1000 AS INTEGER), 'calendar', 'client_default', CAST(unixepoch('2026-06-22 00:00:00') * 1000 AS INTEGER), CAST(unixepoch('2026-06-22 00:00:00') * 1000 AS INTEGER), CAST(unixepoch('2026-06-22 00:00:00') * 1000 AS INTEGER), NULL, 'pending', NULL, 'not_considered', NULL, NULL, NULL, NULL, NULL, 'not_applicable', NULL, NULL, 'not_started', 'not_required', NULL, NULL, 'not_applicable', NULL, 'not_applicable', NULL, NULL, NULL, NULL, 9900000, NULL, 'needs_input', '[]', NULL, NULL, CAST(unixepoch('2026-05-20 09:00:00') * 1000 AS INTEGER), CAST(unixepoch('2026-05-20 09:00:00') * 1000 AS INTEGER)),
  ('22000000-0000-4000-8000-000000000027', 'mock_firm_plan_pro', '12000000-0000-4000-8000-000000000009', '17000000-0000-4000-8000-000000000009', 'fed.1040.return.2025', 'federal_1040', 2025, 'calendar', 'FED', 'filing', 'Form 1040', 'IRS', 'annual', 'med', 'manual', CAST(unixepoch('2025-01-01 00:00:00') * 1000 AS INTEGER), CAST(unixepoch('2025-12-31 00:00:00') * 1000 AS INTEGER), 'calendar', 'client_default', CAST(unixepoch('2026-05-12 00:00:00') * 1000 AS INTEGER), CAST(unixepoch('2026-05-12 00:00:00') * 1000 AS INTEGER), CAST(unixepoch('2026-05-12 00:00:00') * 1000 AS INTEGER), CAST(unixepoch('2026-05-12 00:00:00') * 1000 AS INTEGER), 'done', NULL, 'not_considered', NULL, NULL, NULL, NULL, NULL, 'not_started', NULL, NULL, 'not_started', 'not_required', NULL, NULL, 'not_applicable', NULL, 'paper_filed', NULL, NULL, NULL, NULL, 4100000, NULL, 'needs_input', '[]', NULL, NULL, CAST(unixepoch('2026-05-20 09:00:00') * 1000 AS INTEGER), CAST(unixepoch('2026-05-20 09:00:00') * 1000 AS INTEGER)),
  ('22000000-0000-4000-8000-000000000028', 'mock_firm_plan_pro', '12000000-0000-4000-8000-000000000003', '17000000-0000-4000-8000-000000000003', 'fed.1065.return.2025', 'federal_1065', 2025, 'calendar', 'FED', 'filing', 'Form 1065', 'IRS', 'annual', 'med', 'manual', CAST(unixepoch('2025-01-01 00:00:00') * 1000 AS INTEGER), CAST(unixepoch('2025-12-31 00:00:00') * 1000 AS INTEGER), 'calendar', 'client_default', CAST(unixepoch('2026-06-02 00:00:00') * 1000 AS INTEGER), CAST(unixepoch('2026-06-02 00:00:00') * 1000 AS INTEGER), CAST(unixepoch('2026-06-02 00:00:00') * 1000 AS INTEGER), CAST(unixepoch('2026-06-02 00:00:00') * 1000 AS INTEGER), 'pending', NULL, 'not_considered', NULL, NULL, NULL, NULL, NULL, 'not_started', NULL, NULL, 'not_started', 'not_required', NULL, NULL, 'not_applicable', NULL, 'not_applicable', NULL, NULL, NULL, NULL, 7800000, NULL, 'needs_input', '[]', NULL, NULL, CAST(unixepoch('2026-05-20 09:00:00') * 1000 AS INTEGER), CAST(unixepoch('2026-05-20 09:00:00') * 1000 AS INTEGER));

INSERT INTO obligation_instance
  (id, firm_id, client_id, client_filing_profile_id, rule_id, tax_type, tax_year, tax_year_type, jurisdiction, obligation_type, form_name, authority, recurrence, risk_level, generation_source, tax_period_start, tax_period_end, tax_period_kind, tax_period_source, base_due_date, current_due_date, filing_due_date, payment_due_date, status, blocked_by_obligation_instance_id, extension_decision, extension_memo, extension_source, extension_expected_due_date, extension_decided_at, extension_decided_by_user_id, extension_state, extension_form_name, extension_filed_at, prep_stage, review_stage, reviewer_user_id, review_completed_at, payment_state, payment_confirmed_at, efile_state, efile_authorization_form, efile_submitted_at, efile_accepted_at, efile_rejected_at, estimated_tax_due_cents, estimated_exposure_cents, exposure_status, penalty_breakdown_json, penalty_formula_version, exposure_calculated_at, created_at, updated_at)
VALUES
  ('23000000-0000-4000-8000-000000000001', 'mock_firm_plan_team', '13000000-0000-4000-8000-000000000001', '18000000-0000-4000-8000-000000000001', 'fed.1040.return.2025', 'federal_1040', 2025, 'calendar', 'FED', 'filing', 'Form 1040', 'IRS', 'annual', 'med', 'manual', CAST(unixepoch('2025-01-01 00:00:00') * 1000 AS INTEGER), CAST(unixepoch('2025-12-31 00:00:00') * 1000 AS INTEGER), 'calendar', 'client_default', CAST(unixepoch('2026-06-22 00:00:00') * 1000 AS INTEGER), CAST(unixepoch('2026-06-22 00:00:00') * 1000 AS INTEGER), CAST(unixepoch('2026-06-22 00:00:00') * 1000 AS INTEGER), CAST(unixepoch('2026-06-22 00:00:00') * 1000 AS INTEGER), 'pending', NULL, 'not_considered', NULL, NULL, NULL, NULL, NULL, 'not_started', NULL, NULL, 'not_started', 'not_required', NULL, NULL, 'not_applicable', NULL, 'not_applicable', NULL, NULL, NULL, NULL, 3200000, NULL, 'needs_input', '[]', NULL, NULL, CAST(unixepoch('2026-05-20 09:00:00') * 1000 AS INTEGER), CAST(unixepoch('2026-05-20 09:00:00') * 1000 AS INTEGER)),
  ('23000000-0000-4000-8000-000000000002', 'mock_firm_plan_team', '13000000-0000-4000-8000-000000000001', '18000000-0000-4000-8000-000000000001', 'fed.1040.estimated_tax.2026', 'federal_1040_estimated_tax', 2026, 'calendar', 'FED', 'payment', 'Form 1040-ES', 'IRS', 'quarterly', 'med', 'manual', CAST(unixepoch('2026-01-01 00:00:00') * 1000 AS INTEGER), CAST(unixepoch('2026-12-31 00:00:00') * 1000 AS INTEGER), 'calendar', 'client_default', CAST(unixepoch('2026-06-05 00:00:00') * 1000 AS INTEGER), CAST(unixepoch('2026-06-05 00:00:00') * 1000 AS INTEGER), CAST(unixepoch('2026-06-05 00:00:00') * 1000 AS INTEGER), CAST(unixepoch('2026-06-05 00:00:00') * 1000 AS INTEGER), 'pending', NULL, 'not_considered', NULL, NULL, NULL, NULL, NULL, 'not_applicable', NULL, NULL, 'not_started', 'not_required', NULL, NULL, 'scheduled', NULL, 'not_applicable', NULL, NULL, NULL, NULL, 3200000, NULL, 'needs_input', '[]', NULL, NULL, CAST(unixepoch('2026-05-20 09:00:00') * 1000 AS INTEGER), CAST(unixepoch('2026-05-20 09:00:00') * 1000 AS INTEGER)),
  ('23000000-0000-4000-8000-000000000003', 'mock_firm_plan_team', '13000000-0000-4000-8000-000000000002', '18000000-0000-4000-8000-000000000002', 'fed.1040.return.2025', 'federal_1040', 2025, 'calendar', 'FED', 'filing', 'Form 1040', 'IRS', 'annual', 'med', 'manual', CAST(unixepoch('2025-01-01 00:00:00') * 1000 AS INTEGER), CAST(unixepoch('2025-12-31 00:00:00') * 1000 AS INTEGER), 'calendar', 'client_default', CAST(unixepoch('2026-05-12 00:00:00') * 1000 AS INTEGER), CAST(unixepoch('2026-05-12 00:00:00') * 1000 AS INTEGER), CAST(unixepoch('2026-05-12 00:00:00') * 1000 AS INTEGER), CAST(unixepoch('2026-05-12 00:00:00') * 1000 AS INTEGER), 'pending', NULL, 'not_considered', NULL, NULL, NULL, NULL, NULL, 'not_started', NULL, NULL, 'not_started', 'not_required', NULL, NULL, 'not_applicable', NULL, 'not_applicable', NULL, NULL, NULL, NULL, 1800000, 270000, 'ready', '[{"key":"late_filing","label":"Late filing — §6651(a)(1)","amountCents":243000,"formula":"4.5% x $18,000 unpaid x 3 months (net of failure-to-pay offset)"},{"key":"failure_to_pay","label":"Failure to pay — §6651(a)(2)","amountCents":27000,"formula":"0.5% x $18,000 unpaid x 3 months"}]', 'penalty-v1', CAST(unixepoch('2026-05-20 09:00:00') * 1000 AS INTEGER), CAST(unixepoch('2026-05-20 09:00:00') * 1000 AS INTEGER), CAST(unixepoch('2026-05-20 09:00:00') * 1000 AS INTEGER)),
  ('23000000-0000-4000-8000-000000000004', 'mock_firm_plan_team', '13000000-0000-4000-8000-000000000003', '18000000-0000-4000-8000-000000000003', 'fed.1065.return.2025', 'federal_1065', 2025, 'calendar', 'FED', 'filing', 'Form 1065', 'IRS', 'annual', 'med', 'manual', CAST(unixepoch('2025-01-01 00:00:00') * 1000 AS INTEGER), CAST(unixepoch('2025-12-31 00:00:00') * 1000 AS INTEGER), 'calendar', 'client_default', CAST(unixepoch('2026-06-22 00:00:00') * 1000 AS INTEGER), CAST(unixepoch('2026-06-22 00:00:00') * 1000 AS INTEGER), CAST(unixepoch('2026-06-22 00:00:00') * 1000 AS INTEGER), CAST(unixepoch('2026-06-22 00:00:00') * 1000 AS INTEGER), 'in_progress', NULL, 'not_considered', NULL, NULL, NULL, NULL, NULL, 'not_started', NULL, NULL, 'in_prep', 'not_required', NULL, NULL, 'not_applicable', NULL, 'not_applicable', NULL, NULL, NULL, NULL, 7800000, NULL, 'needs_input', '[]', NULL, NULL, CAST(unixepoch('2026-05-20 09:00:00') * 1000 AS INTEGER), CAST(unixepoch('2026-05-20 09:00:00') * 1000 AS INTEGER)),
  ('23000000-0000-4000-8000-000000000005', 'mock_firm_plan_team', '13000000-0000-4000-8000-000000000003', '18000000-0000-4000-8000-000000000003', 'ca.llc.568.return.2025', 'ca_llc_568', 2025, 'calendar', 'CA', 'filing', 'Form 568', 'CA', 'annual', 'med', 'manual', CAST(unixepoch('2025-01-01 00:00:00') * 1000 AS INTEGER), CAST(unixepoch('2025-12-31 00:00:00') * 1000 AS INTEGER), 'calendar', 'client_default', CAST(unixepoch('2026-05-12 00:00:00') * 1000 AS INTEGER), CAST(unixepoch('2026-11-12 00:00:00') * 1000 AS INTEGER), CAST(unixepoch('2026-12-12 00:00:00') * 1000 AS INTEGER), CAST(unixepoch('2026-05-12 00:00:00') * 1000 AS INTEGER), 'extended', NULL, 'applied', 'Client materials delayed; extension filed.', 'Partner approval', CAST(unixepoch('2026-11-12 00:00:00') * 1000 AS INTEGER), CAST(unixepoch('2026-04-20 10:00:00') * 1000 AS INTEGER), 'mock_user_plan_team_manager', 'filed', 'Form 568', CAST(unixepoch('2026-04-20 10:00:00') * 1000 AS INTEGER), 'not_started', 'not_required', NULL, NULL, 'not_applicable', NULL, 'not_applicable', NULL, NULL, NULL, NULL, 7800000, NULL, 'needs_input', '[]', NULL, NULL, CAST(unixepoch('2026-05-20 09:00:00') * 1000 AS INTEGER), CAST(unixepoch('2026-05-20 09:00:00') * 1000 AS INTEGER)),
  ('23000000-0000-4000-8000-000000000006', 'mock_firm_plan_team', '13000000-0000-4000-8000-000000000004', '18000000-0000-4000-8000-000000000004', 'fed.1120s.return.2025', 'federal_1120s', 2025, 'calendar', 'FED', 'filing', 'Form 1120-S', 'IRS', 'annual', 'med', 'manual', CAST(unixepoch('2025-01-01 00:00:00') * 1000 AS INTEGER), CAST(unixepoch('2025-12-31 00:00:00') * 1000 AS INTEGER), 'calendar', 'client_default', CAST(unixepoch('2026-05-12 00:00:00') * 1000 AS INTEGER), CAST(unixepoch('2026-05-12 00:00:00') * 1000 AS INTEGER), CAST(unixepoch('2026-05-12 00:00:00') * 1000 AS INTEGER), CAST(unixepoch('2026-05-12 00:00:00') * 1000 AS INTEGER), 'done', NULL, 'not_considered', NULL, NULL, NULL, NULL, NULL, 'not_started', NULL, NULL, 'prepared', 'approved', NULL, NULL, 'not_applicable', NULL, 'authorization_requested', 'Form 8879', NULL, NULL, NULL, 5500000, NULL, 'needs_input', '[]', NULL, NULL, CAST(unixepoch('2026-05-20 09:00:00') * 1000 AS INTEGER), CAST(unixepoch('2026-05-20 09:00:00') * 1000 AS INTEGER)),
  ('23000000-0000-4000-8000-000000000007', 'mock_firm_plan_team', '13000000-0000-4000-8000-000000000004', '18000000-0000-4000-8000-000000000004', 'ny.ct3s.return.2025', 'ny_ct3s', 2025, 'calendar', 'NY', 'filing', 'Form CT-3-S', 'NY', 'annual', 'med', 'manual', CAST(unixepoch('2025-01-01 00:00:00') * 1000 AS INTEGER), CAST(unixepoch('2025-12-31 00:00:00') * 1000 AS INTEGER), 'calendar', 'client_default', CAST(unixepoch('2026-06-22 00:00:00') * 1000 AS INTEGER), CAST(unixepoch('2026-06-22 00:00:00') * 1000 AS INTEGER), CAST(unixepoch('2026-06-22 00:00:00') * 1000 AS INTEGER), NULL, 'review', NULL, 'not_considered', NULL, NULL, NULL, NULL, NULL, 'not_started', NULL, NULL, 'prepared', 'in_review', 'mock_user_plan_team_manager', NULL, 'not_applicable', NULL, 'not_applicable', NULL, NULL, NULL, NULL, 5500000, NULL, 'needs_input', '[]', NULL, NULL, CAST(unixepoch('2026-05-20 09:00:00') * 1000 AS INTEGER), CAST(unixepoch('2026-05-20 09:00:00') * 1000 AS INTEGER)),
  ('23000000-0000-4000-8000-000000000008', 'mock_firm_plan_team', '13000000-0000-4000-8000-000000000005', '18000000-0000-4000-8000-000000000005', 'fed.1120.return.2025', 'federal_1120', 2025, 'calendar', 'FED', 'filing', 'Form 1120', 'IRS', 'annual', 'med', 'manual', CAST(unixepoch('2025-01-01 00:00:00') * 1000 AS INTEGER), CAST(unixepoch('2025-12-31 00:00:00') * 1000 AS INTEGER), 'calendar', 'client_default', CAST(unixepoch('2026-05-12 00:00:00') * 1000 AS INTEGER), CAST(unixepoch('2026-10-13 00:00:00') * 1000 AS INTEGER), CAST(unixepoch('2026-11-12 00:00:00') * 1000 AS INTEGER), CAST(unixepoch('2026-05-12 00:00:00') * 1000 AS INTEGER), 'extended', NULL, 'applied', 'Client materials delayed; extension filed.', 'Partner approval', CAST(unixepoch('2026-10-13 00:00:00') * 1000 AS INTEGER), CAST(unixepoch('2026-04-20 10:00:00') * 1000 AS INTEGER), 'mock_user_plan_team_manager', 'filed', 'Form 7004', CAST(unixepoch('2026-04-20 10:00:00') * 1000 AS INTEGER), 'not_started', 'not_required', NULL, NULL, 'not_applicable', NULL, 'not_applicable', NULL, NULL, NULL, NULL, 16200000, 243000, 'ready', '[{"key":"failure_to_pay","label":"Failure to pay (payment not extended) — §6651(a)(2)","amountCents":243000,"formula":"0.5% x $162,000 balance x 3 months"}]', 'penalty-v1', CAST(unixepoch('2026-05-20 09:00:00') * 1000 AS INTEGER), CAST(unixepoch('2026-05-20 09:00:00') * 1000 AS INTEGER), CAST(unixepoch('2026-05-20 09:00:00') * 1000 AS INTEGER)),
  ('23000000-0000-4000-8000-000000000009', 'mock_firm_plan_team', '13000000-0000-4000-8000-000000000005', '18000000-0000-4000-8000-000000000005', 'fl.f1120.return.2025', 'fl_f1120', 2025, 'calendar', 'FL', 'filing', 'Form F-1120', 'FL', 'annual', 'med', 'manual', CAST(unixepoch('2025-01-01 00:00:00') * 1000 AS INTEGER), CAST(unixepoch('2025-12-31 00:00:00') * 1000 AS INTEGER), 'calendar', 'client_default', CAST(unixepoch('2026-07-15 00:00:00') * 1000 AS INTEGER), CAST(unixepoch('2026-07-15 00:00:00') * 1000 AS INTEGER), CAST(unixepoch('2026-07-15 00:00:00') * 1000 AS INTEGER), NULL, 'waiting_on_client', NULL, 'not_considered', NULL, NULL, NULL, NULL, NULL, 'not_started', NULL, NULL, 'waiting_on_client', 'not_required', NULL, NULL, 'not_applicable', NULL, 'not_applicable', NULL, NULL, NULL, NULL, 16200000, NULL, 'needs_input', '[]', NULL, NULL, CAST(unixepoch('2026-05-20 09:00:00') * 1000 AS INTEGER), CAST(unixepoch('2026-05-20 09:00:00') * 1000 AS INTEGER)),
  ('23000000-0000-4000-8000-000000000010', 'mock_firm_plan_team', '13000000-0000-4000-8000-000000000006', '18000000-0000-4000-8000-000000000006', 'fed.1041.return.2025', 'federal_1041', 2025, 'calendar', 'FED', 'filing', 'Form 1041', 'IRS', 'annual', 'med', 'manual', CAST(unixepoch('2025-01-01 00:00:00') * 1000 AS INTEGER), CAST(unixepoch('2025-12-31 00:00:00') * 1000 AS INTEGER), 'calendar', 'client_default', CAST(unixepoch('2026-05-12 00:00:00') * 1000 AS INTEGER), CAST(unixepoch('2026-09-27 00:00:00') * 1000 AS INTEGER), CAST(unixepoch('2026-10-27 00:00:00') * 1000 AS INTEGER), CAST(unixepoch('2026-05-12 00:00:00') * 1000 AS INTEGER), 'extended', NULL, 'applied', 'Client materials delayed; extension filed.', 'Partner approval', CAST(unixepoch('2026-09-27 00:00:00') * 1000 AS INTEGER), CAST(unixepoch('2026-04-20 10:00:00') * 1000 AS INTEGER), 'mock_user_plan_team_manager', 'filed', 'Form 7004', CAST(unixepoch('2026-04-20 10:00:00') * 1000 AS INTEGER), 'not_started', 'not_required', NULL, NULL, 'not_applicable', NULL, 'not_applicable', NULL, NULL, NULL, NULL, 2600000, 39000, 'ready', '[{"key":"failure_to_pay","label":"Failure to pay (payment not extended) — §6651(a)(2)","amountCents":39000,"formula":"0.5% x $26,000 balance x 3 months"}]', 'penalty-v1', CAST(unixepoch('2026-05-20 09:00:00') * 1000 AS INTEGER), CAST(unixepoch('2026-05-20 09:00:00') * 1000 AS INTEGER), CAST(unixepoch('2026-05-20 09:00:00') * 1000 AS INTEGER)),
  ('23000000-0000-4000-8000-000000000011', 'mock_firm_plan_team', '13000000-0000-4000-8000-000000000006', '18000000-0000-4000-8000-000000000006', 'ca.541.return.2025', 'ca_541', 2025, 'calendar', 'CA', 'filing', 'Form 541', 'CA', 'annual', 'med', 'manual', CAST(unixepoch('2025-01-01 00:00:00') * 1000 AS INTEGER), CAST(unixepoch('2025-12-31 00:00:00') * 1000 AS INTEGER), 'calendar', 'client_default', CAST(unixepoch('2026-06-22 00:00:00') * 1000 AS INTEGER), CAST(unixepoch('2026-06-22 00:00:00') * 1000 AS INTEGER), CAST(unixepoch('2026-06-22 00:00:00') * 1000 AS INTEGER), NULL, 'blocked', '23000000-0000-4000-8000-000000000010', 'not_considered', NULL, NULL, NULL, NULL, NULL, 'not_started', NULL, NULL, 'not_started', 'not_required', NULL, NULL, 'not_applicable', NULL, 'not_applicable', NULL, NULL, NULL, NULL, 2600000, NULL, 'needs_input', '[]', NULL, NULL, CAST(unixepoch('2026-05-20 09:00:00') * 1000 AS INTEGER), CAST(unixepoch('2026-05-20 09:00:00') * 1000 AS INTEGER)),
  ('23000000-0000-4000-8000-000000000012', 'mock_firm_plan_team', '13000000-0000-4000-8000-000000000007', '18000000-0000-4000-8000-000000000007', 'fed.990.return.2025', 'federal_990', 2025, 'calendar', 'FED', 'filing', 'Form 990', 'IRS', 'annual', 'med', 'manual', CAST(unixepoch('2025-01-01 00:00:00') * 1000 AS INTEGER), CAST(unixepoch('2025-12-31 00:00:00') * 1000 AS INTEGER), 'calendar', 'client_default', CAST(unixepoch('2026-05-12 00:00:00') * 1000 AS INTEGER), CAST(unixepoch('2026-05-12 00:00:00') * 1000 AS INTEGER), CAST(unixepoch('2026-05-12 00:00:00') * 1000 AS INTEGER), CAST(unixepoch('2026-05-12 00:00:00') * 1000 AS INTEGER), 'done', NULL, 'not_considered', NULL, NULL, NULL, NULL, NULL, 'not_started', NULL, NULL, 'not_started', 'not_required', NULL, NULL, 'not_applicable', NULL, 'accepted', 'Form 8879', CAST(unixepoch('2026-05-08 14:00:00') * 1000 AS INTEGER), CAST(unixepoch('2026-05-09 09:00:00') * 1000 AS INTEGER), NULL, null, NULL, 'needs_input', '[]', NULL, NULL, CAST(unixepoch('2026-05-20 09:00:00') * 1000 AS INTEGER), CAST(unixepoch('2026-05-20 09:00:00') * 1000 AS INTEGER)),
  ('23000000-0000-4000-8000-000000000013', 'mock_firm_plan_team', '13000000-0000-4000-8000-000000000008', '18000000-0000-4000-8000-000000000008', 'fed.1065.return.2025', 'federal_1065', 2025, 'calendar', 'FED', 'filing', 'Form 1065', 'IRS', 'annual', 'med', 'manual', CAST(unixepoch('2025-01-01 00:00:00') * 1000 AS INTEGER), CAST(unixepoch('2025-12-31 00:00:00') * 1000 AS INTEGER), 'calendar', 'client_default', CAST(unixepoch('2026-06-05 00:00:00') * 1000 AS INTEGER), CAST(unixepoch('2026-06-05 00:00:00') * 1000 AS INTEGER), CAST(unixepoch('2026-06-05 00:00:00') * 1000 AS INTEGER), CAST(unixepoch('2026-06-05 00:00:00') * 1000 AS INTEGER), 'done', NULL, 'not_considered', NULL, NULL, NULL, NULL, NULL, 'not_started', NULL, NULL, 'not_started', 'not_required', NULL, NULL, 'not_applicable', NULL, 'authorization_signed', 'Form 8879', NULL, NULL, NULL, 9900000, NULL, 'needs_input', '[]', NULL, NULL, CAST(unixepoch('2026-05-20 09:00:00') * 1000 AS INTEGER), CAST(unixepoch('2026-05-20 09:00:00') * 1000 AS INTEGER)),
  ('23000000-0000-4000-8000-000000000014', 'mock_firm_plan_team', '13000000-0000-4000-8000-000000000008', '18000000-0000-4000-8000-000000000008', 'tx.franchise.annual_report.2026', 'tx_franchise_report', 2026, 'calendar', 'TX', 'filing', 'TX Franchise Report', 'TX', 'annual', 'med', 'manual', CAST(unixepoch('2026-01-01 00:00:00') * 1000 AS INTEGER), CAST(unixepoch('2026-12-31 00:00:00') * 1000 AS INTEGER), 'calendar', 'client_default', CAST(unixepoch('2026-05-12 00:00:00') * 1000 AS INTEGER), CAST(unixepoch('2026-10-13 00:00:00') * 1000 AS INTEGER), CAST(unixepoch('2026-11-12 00:00:00') * 1000 AS INTEGER), CAST(unixepoch('2026-05-12 00:00:00') * 1000 AS INTEGER), 'extended', NULL, 'applied', 'Client materials delayed; extension filed.', 'Partner approval', CAST(unixepoch('2026-10-13 00:00:00') * 1000 AS INTEGER), CAST(unixepoch('2026-04-20 10:00:00') * 1000 AS INTEGER), 'mock_user_plan_team_manager', 'filed', 'TX Franchise Report', CAST(unixepoch('2026-04-20 10:00:00') * 1000 AS INTEGER), 'not_started', 'not_required', NULL, NULL, 'not_applicable', NULL, 'not_applicable', NULL, NULL, NULL, NULL, 9900000, NULL, 'needs_input', '[]', NULL, NULL, CAST(unixepoch('2026-05-20 09:00:00') * 1000 AS INTEGER), CAST(unixepoch('2026-05-20 09:00:00') * 1000 AS INTEGER)),
  ('23000000-0000-4000-8000-000000000015', 'mock_firm_plan_team', '13000000-0000-4000-8000-000000000009', '18000000-0000-4000-8000-000000000009', 'fed.941.return.2026', 'federal_941', 2026, 'calendar', 'FED', 'filing', 'Form 941', 'IRS', 'quarterly', 'med', 'manual', CAST(unixepoch('2026-01-01 00:00:00') * 1000 AS INTEGER), CAST(unixepoch('2026-12-31 00:00:00') * 1000 AS INTEGER), 'calendar', 'client_default', CAST(unixepoch('2026-05-12 00:00:00') * 1000 AS INTEGER), CAST(unixepoch('2026-05-12 00:00:00') * 1000 AS INTEGER), CAST(unixepoch('2026-05-12 00:00:00') * 1000 AS INTEGER), CAST(unixepoch('2026-05-12 00:00:00') * 1000 AS INTEGER), 'paid', NULL, 'not_considered', NULL, NULL, NULL, NULL, NULL, 'not_applicable', NULL, NULL, 'not_started', 'not_required', NULL, NULL, 'confirmed', CAST(unixepoch('2026-05-15 09:00:00') * 1000 AS INTEGER), 'not_applicable', NULL, NULL, NULL, NULL, 4100000, NULL, 'needs_input', '[]', NULL, NULL, CAST(unixepoch('2026-05-20 09:00:00') * 1000 AS INTEGER), CAST(unixepoch('2026-05-20 09:00:00') * 1000 AS INTEGER)),
  ('23000000-0000-4000-8000-000000000016', 'mock_firm_plan_team', '13000000-0000-4000-8000-000000000009', '18000000-0000-4000-8000-000000000009', 'fed.1120s.return.2025', 'federal_1120s', 2025, 'calendar', 'FED', 'filing', 'Form 1120-S', 'IRS', 'annual', 'med', 'manual', CAST(unixepoch('2025-01-01 00:00:00') * 1000 AS INTEGER), CAST(unixepoch('2025-12-31 00:00:00') * 1000 AS INTEGER), 'calendar', 'client_default', CAST(unixepoch('2026-06-02 00:00:00') * 1000 AS INTEGER), CAST(unixepoch('2026-06-02 00:00:00') * 1000 AS INTEGER), CAST(unixepoch('2026-06-02 00:00:00') * 1000 AS INTEGER), CAST(unixepoch('2026-06-02 00:00:00') * 1000 AS INTEGER), 'done', NULL, 'not_considered', NULL, NULL, NULL, NULL, NULL, 'not_started', NULL, NULL, 'not_started', 'not_required', NULL, NULL, 'not_applicable', NULL, 'submitted', 'Form 8879', CAST(unixepoch('2026-06-01 14:00:00') * 1000 AS INTEGER), NULL, NULL, 4100000, NULL, 'needs_input', '[]', NULL, NULL, CAST(unixepoch('2026-05-20 09:00:00') * 1000 AS INTEGER), CAST(unixepoch('2026-05-20 09:00:00') * 1000 AS INTEGER)),
  ('23000000-0000-4000-8000-000000000017', 'mock_firm_plan_team', '13000000-0000-4000-8000-000000000010', '18000000-0000-4000-8000-000000000010', 'fed.1120.return.2025', 'federal_1120', 2025, 'calendar', 'FED', 'filing', 'Form 1120', 'IRS', 'annual', 'med', 'manual', CAST(unixepoch('2025-01-01 00:00:00') * 1000 AS INTEGER), CAST(unixepoch('2025-12-31 00:00:00') * 1000 AS INTEGER), 'calendar', 'client_default', CAST(unixepoch('2026-05-12 00:00:00') * 1000 AS INTEGER), CAST(unixepoch('2026-05-12 00:00:00') * 1000 AS INTEGER), CAST(unixepoch('2026-05-12 00:00:00') * 1000 AS INTEGER), CAST(unixepoch('2026-05-12 00:00:00') * 1000 AS INTEGER), 'review', NULL, 'not_considered', NULL, NULL, NULL, NULL, NULL, 'not_started', NULL, NULL, 'not_started', 'notes_open', NULL, NULL, 'not_applicable', NULL, 'rejected', 'Form 8879', CAST(unixepoch('2026-05-08 14:00:00') * 1000 AS INTEGER), NULL, CAST(unixepoch('2026-05-10 09:00:00') * 1000 AS INTEGER), 13500000, NULL, 'needs_input', '[]', NULL, NULL, CAST(unixepoch('2026-05-20 09:00:00') * 1000 AS INTEGER), CAST(unixepoch('2026-05-20 09:00:00') * 1000 AS INTEGER)),
  ('23000000-0000-4000-8000-000000000018', 'mock_firm_plan_team', '13000000-0000-4000-8000-000000000010', '18000000-0000-4000-8000-000000000010', 'ny.ct3.return.2025', 'ny_ct3', 2025, 'calendar', 'NY', 'filing', 'Form CT-3', 'NY', 'annual', 'med', 'manual', CAST(unixepoch('2025-01-01 00:00:00') * 1000 AS INTEGER), CAST(unixepoch('2025-12-31 00:00:00') * 1000 AS INTEGER), 'calendar', 'client_default', CAST(unixepoch('2026-06-22 00:00:00') * 1000 AS INTEGER), CAST(unixepoch('2026-06-22 00:00:00') * 1000 AS INTEGER), CAST(unixepoch('2026-06-22 00:00:00') * 1000 AS INTEGER), NULL, 'review', NULL, 'not_considered', NULL, NULL, NULL, NULL, NULL, 'not_started', NULL, NULL, 'prepared', 'notes_open', 'mock_user_plan_team_manager', NULL, 'not_applicable', NULL, 'not_applicable', NULL, NULL, NULL, NULL, 13500000, NULL, 'needs_input', '[]', NULL, NULL, CAST(unixepoch('2026-05-20 09:00:00') * 1000 AS INTEGER), CAST(unixepoch('2026-05-20 09:00:00') * 1000 AS INTEGER)),
  ('23000000-0000-4000-8000-000000000019', 'mock_firm_plan_team', '13000000-0000-4000-8000-000000000010', '18000000-0000-4000-8000-000000000010', 'fed.1099_nec.2025', 'federal_1099_nec', 2025, 'calendar', 'FED', 'information', 'Form 1099-NEC', 'IRS', 'annual', 'med', 'manual', CAST(unixepoch('2025-01-01 00:00:00') * 1000 AS INTEGER), CAST(unixepoch('2025-12-31 00:00:00') * 1000 AS INTEGER), 'calendar', 'client_default', CAST(unixepoch('2026-09-15 00:00:00') * 1000 AS INTEGER), CAST(unixepoch('2026-09-15 00:00:00') * 1000 AS INTEGER), CAST(unixepoch('2026-09-15 00:00:00') * 1000 AS INTEGER), NULL, 'pending', NULL, 'not_considered', NULL, NULL, NULL, NULL, NULL, 'not_applicable', NULL, NULL, 'not_started', 'not_required', NULL, NULL, 'not_applicable', NULL, 'not_applicable', NULL, NULL, NULL, NULL, 13500000, NULL, 'needs_input', '[]', NULL, NULL, CAST(unixepoch('2026-05-20 09:00:00') * 1000 AS INTEGER), CAST(unixepoch('2026-05-20 09:00:00') * 1000 AS INTEGER)),
  ('23000000-0000-4000-8000-000000000020', 'mock_firm_plan_team', '13000000-0000-4000-8000-000000000002', '18000000-0000-4000-8000-000000000002', 'fed.fbar.automatic_extension.2025', 'federal_fbar', 2025, 'calendar', 'FED', 'information', 'FinCEN Form 114', 'IRS', 'annual', 'med', 'manual', CAST(unixepoch('2025-01-01 00:00:00') * 1000 AS INTEGER), CAST(unixepoch('2025-12-31 00:00:00') * 1000 AS INTEGER), 'calendar', 'client_default', CAST(unixepoch('2026-05-12 00:00:00') * 1000 AS INTEGER), CAST(unixepoch('2026-10-13 00:00:00') * 1000 AS INTEGER), CAST(unixepoch('2026-11-12 00:00:00') * 1000 AS INTEGER), CAST(unixepoch('2026-05-12 00:00:00') * 1000 AS INTEGER), 'extended', NULL, 'applied', 'Client materials delayed; extension filed.', 'Partner approval', CAST(unixepoch('2026-10-13 00:00:00') * 1000 AS INTEGER), CAST(unixepoch('2026-04-20 10:00:00') * 1000 AS INTEGER), 'mock_user_plan_team_manager', 'filed', 'FinCEN Form 114', CAST(unixepoch('2026-04-20 10:00:00') * 1000 AS INTEGER), 'not_started', 'not_required', NULL, NULL, 'not_applicable', NULL, 'not_applicable', NULL, NULL, NULL, NULL, 1800000, NULL, 'needs_input', '[]', NULL, NULL, CAST(unixepoch('2026-05-20 09:00:00') * 1000 AS INTEGER), CAST(unixepoch('2026-05-20 09:00:00') * 1000 AS INTEGER)),
  ('23000000-0000-4000-8000-000000000021', 'mock_firm_plan_team', '13000000-0000-4000-8000-000000000007', '18000000-0000-4000-8000-000000000007', 'ny.it204.return.2025', 'ny_it204', 2025, 'calendar', 'NY', 'filing', 'Form IT-204', 'NY', 'annual', 'med', 'manual', CAST(unixepoch('2025-01-01 00:00:00') * 1000 AS INTEGER), CAST(unixepoch('2025-12-31 00:00:00') * 1000 AS INTEGER), 'calendar', 'client_default', CAST(unixepoch('2026-05-12 00:00:00') * 1000 AS INTEGER), CAST(unixepoch('2026-05-12 00:00:00') * 1000 AS INTEGER), CAST(unixepoch('2026-05-12 00:00:00') * 1000 AS INTEGER), NULL, 'completed', NULL, 'not_considered', NULL, NULL, NULL, NULL, NULL, 'not_started', NULL, NULL, 'prepared', 'approved', NULL, NULL, 'not_applicable', NULL, 'not_applicable', NULL, NULL, NULL, NULL, null, NULL, 'needs_input', '[]', NULL, NULL, CAST(unixepoch('2026-05-20 09:00:00') * 1000 AS INTEGER), CAST(unixepoch('2026-05-20 09:00:00') * 1000 AS INTEGER)),
  ('23000000-0000-4000-8000-000000000022', 'mock_firm_plan_team', '13000000-0000-4000-8000-000000000010', '18000000-0000-4000-8000-000000000010', 'ca.100.return.2025', 'ca_100', 2025, 'calendar', 'CA', 'filing', 'Form 100', 'CA', 'annual', 'med', 'manual', CAST(unixepoch('2025-01-01 00:00:00') * 1000 AS INTEGER), CAST(unixepoch('2025-12-31 00:00:00') * 1000 AS INTEGER), 'calendar', 'client_default', CAST(unixepoch('2026-09-15 00:00:00') * 1000 AS INTEGER), CAST(unixepoch('2026-09-15 00:00:00') * 1000 AS INTEGER), CAST(unixepoch('2026-09-15 00:00:00') * 1000 AS INTEGER), NULL, 'not_applicable', NULL, 'not_considered', NULL, NULL, NULL, NULL, NULL, 'not_started', NULL, NULL, 'not_started', 'not_required', NULL, NULL, 'not_applicable', NULL, 'not_applicable', NULL, NULL, NULL, NULL, 13500000, NULL, 'needs_input', '[]', NULL, NULL, CAST(unixepoch('2026-05-20 09:00:00') * 1000 AS INTEGER), CAST(unixepoch('2026-05-20 09:00:00') * 1000 AS INTEGER)),
  ('23000000-0000-4000-8000-000000000023', 'mock_firm_plan_team', '13000000-0000-4000-8000-000000000006', '18000000-0000-4000-8000-000000000006', 'ny.it205.return.2025', 'ny_it205', 2025, 'calendar', 'NY', 'filing', 'Form IT-205', 'NY', 'annual', 'med', 'manual', CAST(unixepoch('2025-01-01 00:00:00') * 1000 AS INTEGER), CAST(unixepoch('2025-12-31 00:00:00') * 1000 AS INTEGER), 'calendar', 'client_default', CAST(unixepoch('2026-06-22 00:00:00') * 1000 AS INTEGER), CAST(unixepoch('2026-06-22 00:00:00') * 1000 AS INTEGER), CAST(unixepoch('2026-06-22 00:00:00') * 1000 AS INTEGER), NULL, 'pending', NULL, 'rejected', 'Client opted to file on time; extension declined.', NULL, NULL, CAST(unixepoch('2026-04-20 10:00:00') * 1000 AS INTEGER), 'mock_user_plan_team_manager', 'rejected', NULL, NULL, 'not_started', 'not_required', NULL, NULL, 'not_applicable', NULL, 'not_applicable', NULL, NULL, NULL, NULL, 2600000, NULL, 'needs_input', '[]', NULL, NULL, CAST(unixepoch('2026-05-20 09:00:00') * 1000 AS INTEGER), CAST(unixepoch('2026-05-20 09:00:00') * 1000 AS INTEGER)),
  ('23000000-0000-4000-8000-000000000024', 'mock_firm_plan_team', '13000000-0000-4000-8000-000000000005', '18000000-0000-4000-8000-000000000005', 'fed.1120.estimated_tax.2026', 'federal_1120_estimated_tax', 2026, 'calendar', 'FED', 'payment', 'Form 1120-W', 'IRS', 'quarterly', 'med', 'manual', CAST(unixepoch('2026-01-01 00:00:00') * 1000 AS INTEGER), CAST(unixepoch('2026-12-31 00:00:00') * 1000 AS INTEGER), 'calendar', 'client_default', CAST(unixepoch('2026-06-05 00:00:00') * 1000 AS INTEGER), CAST(unixepoch('2026-06-05 00:00:00') * 1000 AS INTEGER), CAST(unixepoch('2026-06-05 00:00:00') * 1000 AS INTEGER), CAST(unixepoch('2026-06-05 00:00:00') * 1000 AS INTEGER), 'pending', NULL, 'not_considered', NULL, NULL, NULL, NULL, NULL, 'not_applicable', NULL, NULL, 'not_started', 'not_required', NULL, NULL, 'client_approval_needed', NULL, 'not_applicable', NULL, NULL, NULL, NULL, 16200000, NULL, 'needs_input', '[]', NULL, NULL, CAST(unixepoch('2026-05-20 09:00:00') * 1000 AS INTEGER), CAST(unixepoch('2026-05-20 09:00:00') * 1000 AS INTEGER)),
  ('23000000-0000-4000-8000-000000000025', 'mock_firm_plan_team', '13000000-0000-4000-8000-000000000004', '18000000-0000-4000-8000-000000000004', 'ny.ct3s.return.2025', 'ny_ct3s', 2025, 'calendar', 'NY', 'filing', 'Form CT-3-S', 'NY', 'annual', 'med', 'manual', CAST(unixepoch('2025-01-01 00:00:00') * 1000 AS INTEGER), CAST(unixepoch('2025-12-31 00:00:00') * 1000 AS INTEGER), 'calendar', 'client_default', CAST(unixepoch('2026-07-15 00:00:00') * 1000 AS INTEGER), CAST(unixepoch('2026-07-15 00:00:00') * 1000 AS INTEGER), CAST(unixepoch('2026-07-15 00:00:00') * 1000 AS INTEGER), NULL, 'in_progress', NULL, 'not_considered', NULL, NULL, NULL, NULL, NULL, 'not_started', NULL, NULL, 'bookkeeping_cleanup', 'not_required', NULL, NULL, 'not_applicable', NULL, 'not_applicable', NULL, NULL, NULL, NULL, 5500000, NULL, 'needs_input', '[]', NULL, NULL, CAST(unixepoch('2026-05-20 09:00:00') * 1000 AS INTEGER), CAST(unixepoch('2026-05-20 09:00:00') * 1000 AS INTEGER)),
  ('23000000-0000-4000-8000-000000000026', 'mock_firm_plan_team', '13000000-0000-4000-8000-000000000008', '18000000-0000-4000-8000-000000000008', 'tx.franchise.pir_oir.2026', 'tx_pir_oir', 2026, 'calendar', 'TX', 'information', 'PIR/OIR', 'TX', 'annual', 'med', 'manual', CAST(unixepoch('2026-01-01 00:00:00') * 1000 AS INTEGER), CAST(unixepoch('2026-12-31 00:00:00') * 1000 AS INTEGER), 'calendar', 'client_default', CAST(unixepoch('2026-06-22 00:00:00') * 1000 AS INTEGER), CAST(unixepoch('2026-06-22 00:00:00') * 1000 AS INTEGER), CAST(unixepoch('2026-06-22 00:00:00') * 1000 AS INTEGER), NULL, 'pending', NULL, 'not_considered', NULL, NULL, NULL, NULL, NULL, 'not_applicable', NULL, NULL, 'not_started', 'not_required', NULL, NULL, 'not_applicable', NULL, 'not_applicable', NULL, NULL, NULL, NULL, 9900000, NULL, 'needs_input', '[]', NULL, NULL, CAST(unixepoch('2026-05-20 09:00:00') * 1000 AS INTEGER), CAST(unixepoch('2026-05-20 09:00:00') * 1000 AS INTEGER)),
  ('23000000-0000-4000-8000-000000000027', 'mock_firm_plan_team', '13000000-0000-4000-8000-000000000009', '18000000-0000-4000-8000-000000000009', 'fed.1040.return.2025', 'federal_1040', 2025, 'calendar', 'FED', 'filing', 'Form 1040', 'IRS', 'annual', 'med', 'manual', CAST(unixepoch('2025-01-01 00:00:00') * 1000 AS INTEGER), CAST(unixepoch('2025-12-31 00:00:00') * 1000 AS INTEGER), 'calendar', 'client_default', CAST(unixepoch('2026-05-12 00:00:00') * 1000 AS INTEGER), CAST(unixepoch('2026-05-12 00:00:00') * 1000 AS INTEGER), CAST(unixepoch('2026-05-12 00:00:00') * 1000 AS INTEGER), CAST(unixepoch('2026-05-12 00:00:00') * 1000 AS INTEGER), 'done', NULL, 'not_considered', NULL, NULL, NULL, NULL, NULL, 'not_started', NULL, NULL, 'not_started', 'not_required', NULL, NULL, 'not_applicable', NULL, 'paper_filed', NULL, NULL, NULL, NULL, 4100000, NULL, 'needs_input', '[]', NULL, NULL, CAST(unixepoch('2026-05-20 09:00:00') * 1000 AS INTEGER), CAST(unixepoch('2026-05-20 09:00:00') * 1000 AS INTEGER)),
  ('23000000-0000-4000-8000-000000000028', 'mock_firm_plan_team', '13000000-0000-4000-8000-000000000003', '18000000-0000-4000-8000-000000000003', 'fed.1065.return.2025', 'federal_1065', 2025, 'calendar', 'FED', 'filing', 'Form 1065', 'IRS', 'annual', 'med', 'manual', CAST(unixepoch('2025-01-01 00:00:00') * 1000 AS INTEGER), CAST(unixepoch('2025-12-31 00:00:00') * 1000 AS INTEGER), 'calendar', 'client_default', CAST(unixepoch('2026-06-02 00:00:00') * 1000 AS INTEGER), CAST(unixepoch('2026-06-02 00:00:00') * 1000 AS INTEGER), CAST(unixepoch('2026-06-02 00:00:00') * 1000 AS INTEGER), CAST(unixepoch('2026-06-02 00:00:00') * 1000 AS INTEGER), 'pending', NULL, 'not_considered', NULL, NULL, NULL, NULL, NULL, 'not_started', NULL, NULL, 'not_started', 'not_required', NULL, NULL, 'not_applicable', NULL, 'not_applicable', NULL, NULL, NULL, NULL, 7800000, NULL, 'needs_input', '[]', NULL, NULL, CAST(unixepoch('2026-05-20 09:00:00') * 1000 AS INTEGER), CAST(unixepoch('2026-05-20 09:00:00') * 1000 AS INTEGER));

INSERT INTO pulse
  (id, source, source_url, published_at, change_kind, action_mode, ai_summary, verbatim_quote, parsed_jurisdiction, parsed_counties, parsed_forms, parsed_entity_types, parsed_original_due_date, parsed_new_due_date, parsed_effective_from, structured_change_json, confidence, status, reviewed_by, reviewed_at, requires_human_review, is_sample, created_at, updated_at)
VALUES
  ('40000000-0000-4000-8000-000000000001', 'IRS Disaster Relief', 'https://www.irs.gov/newsroom/tax-relief-in-disaster-situations', CAST(unixepoch('2026-05-18 07:30:00') * 1000 AS INTEGER), 'deadline_shift', 'due_date_overlay', 'IRS extends selected CA business return deadlines for Los Angeles County to June 16, 2026.', 'Affected taxpayers in Los Angeles County have until June 16, 2026 to file selected federal business returns.', 'FED', '["Los Angeles"]', '["federal_1065","federal_1120s"]', '["partnership","llc","s_corp"]', CAST(unixepoch('2026-06-02 00:00:00') * 1000 AS INTEGER), CAST(unixepoch('2026-06-16 00:00:00') * 1000 AS INTEGER), CAST(unixepoch('2026-05-18 00:00:00') * 1000 AS INTEGER), NULL, 0.94, 'approved', 'mock_user_owner_sarah', CAST(unixepoch('2026-05-18 08:30:00') * 1000 AS INTEGER), 1, 1, CAST(unixepoch('2026-05-18 07:35:00') * 1000 AS INTEGER), CAST(unixepoch('2026-05-18 08:30:00') * 1000 AS INTEGER)),
  ('40000000-0000-4000-8000-000000000002', 'CA FTB Newsroom', 'https://www.ftb.ca.gov/about-ftb/newsroom/index.html', CAST(unixepoch('2026-05-17 07:30:00') * 1000 AS INTEGER), 'deadline_shift', 'due_date_overlay', 'FTB extends the LLC payment deadline to May 30, 2026 for San Diego County taxpayers.', 'The Franchise Tax Board extends the LLC payment deadline to May 30, 2026 for San Diego County taxpayers.', 'CA', '["San Diego"]', '["ca_llc_568"]', '["llc"]', CAST(unixepoch('2026-04-30 00:00:00') * 1000 AS INTEGER), CAST(unixepoch('2026-05-30 00:00:00') * 1000 AS INTEGER), CAST(unixepoch('2026-04-30 00:00:00') * 1000 AS INTEGER), NULL, 0.82, 'approved', 'mock_user_owner_sarah', CAST(unixepoch('2026-05-17 08:30:00') * 1000 AS INTEGER), 1, 1, CAST(unixepoch('2026-05-17 07:35:00') * 1000 AS INTEGER), CAST(unixepoch('2026-05-17 08:30:00') * 1000 AS INTEGER)),
  ('40000000-0000-4000-8000-000000000003', 'NY DTF', 'https://www.tax.ny.gov/bus/ptet/', CAST(unixepoch('2026-05-16 16:00:00') * 1000 AS INTEGER), 'form_instruction', 'review_only', 'NY DTF clarifies the pass-through entity tax (PTET) election window. Low-confidence advisory — review applicability for your partnerships.', 'The PTET election for tax year 2026 must be made by March 15, 2026.', 'NY', '[]', '["ny_it204"]', '["partnership"]', NULL, NULL, NULL, '{"note":"PTET election reminder only."}', 0.58, 'approved', 'mock_user_owner_sarah', CAST(unixepoch('2026-05-16 16:30:00') * 1000 AS INTEGER), 1, 1, CAST(unixepoch('2026-05-16 16:05:00') * 1000 AS INTEGER), CAST(unixepoch('2026-05-16 16:30:00') * 1000 AS INTEGER)),
  ('40000000-0000-4000-8000-000000000004', 'FL DOR', 'https://floridarevenue.com/taxes/taxesfees/Pages/corporate.aspx', CAST(unixepoch('2026-05-15 17:00:00') * 1000 AS INTEGER), 'applicability_scope', 'review_only', 'FL DOR corporate income-tax bulletin. Very-low-confidence extraction — applicability depends on entity status, fiscal year, and extension election.', 'Corporate income tax filing dates may depend on entity status, fiscal year, and extension election.', 'FL', '[]', '["fl_corp_income"]', '["c_corp"]', NULL, NULL, NULL, '{"note":"Applicability depends on fiscal year and extension election."}', 0.46, 'approved', 'mock_user_owner_sarah', CAST(unixepoch('2026-05-15 17:30:00') * 1000 AS INTEGER), 1, 1, CAST(unixepoch('2026-05-15 17:05:00') * 1000 AS INTEGER), CAST(unixepoch('2026-05-15 17:30:00') * 1000 AS INTEGER)),
  ('40000000-0000-4000-8000-000000000008', 'IRS Bulletin', 'https://www.irs.gov/forms-pubs/about-schedule-k-3-form-1065', CAST(unixepoch('2026-05-01 06:40:00') * 1000 AS INTEGER), 'filing_requirement', 'review_only', 'IRS requires Schedule K-3 attachment for all partnership 1065 filings effective tax year 2026.', 'All partnerships that file Form 1065 must now attach Schedule K-3 reporting items of international tax relevance, regardless of partner residency.', 'FED', '[]', '["federal_1065"]', '["llc","partnership"]', NULL, NULL, CAST(unixepoch('2026-01-01 00:00:00') * 1000 AS INTEGER), NULL, 0.92, 'approved', 'mock_user_owner_sarah', CAST(unixepoch('2026-05-01 07:10:00') * 1000 AS INTEGER), 1, 1, CAST(unixepoch('2026-05-01 06:45:00') * 1000 AS INTEGER), CAST(unixepoch('2026-05-01 07:10:00') * 1000 AS INTEGER)),
  ('40000000-0000-4000-8000-000000000009', 'NY DTF Newsroom', 'https://www.tax.ny.gov/about/press/mta-scope-2026.htm', CAST(unixepoch('2026-04-27 11:00:00') * 1000 AS INTEGER), 'applicability_scope', 'review_only', 'NY MTA surcharge scope expanded to Brooklyn and Queens for tax year 2026 (was Manhattan + Bronx only).', 'The Metropolitan Transportation Business Tax Surcharge now applies to qualifying business activity sourced to Brooklyn (Kings County) and Queens in addition to the previously covered counties.', 'NY', '["Brooklyn","Queens"]', '["ny_mta_surcharge"]', '["llc","partnership","c_corp"]', NULL, NULL, CAST(unixepoch('2026-01-01 00:00:00') * 1000 AS INTEGER), NULL, 0.88, 'approved', 'mock_user_owner_sarah', CAST(unixepoch('2026-04-27 13:00:00') * 1000 AS INTEGER), 1, 1, CAST(unixepoch('2026-04-27 11:15:00') * 1000 AS INTEGER), CAST(unixepoch('2026-04-27 13:00:00') * 1000 AS INTEGER)),
  ('40000000-0000-4000-8000-000000000010', 'IRS Newsroom', 'https://www.irs.gov/instructions/i1120sk3', CAST(unixepoch('2026-04-25 09:00:00') * 1000 AS INTEGER), 'form_instruction', 'review_only', 'IRS clarifies 1120-S Schedule K-3 instructions for foreign-sourced shareholder income reporting.', 'S corporations with shareholders receiving foreign-source income should report on Schedule K-3 Part X, lines 11 through 18, regardless of whether the corporation has international operations.', 'FED', '[]', '["federal_1120s"]', '["s_corp"]', NULL, NULL, CAST(unixepoch('2026-04-25 00:00:00') * 1000 AS INTEGER), NULL, 0.74, 'approved', 'mock_user_owner_sarah', CAST(unixepoch('2026-04-25 11:00:00') * 1000 AS INTEGER), 1, 1, CAST(unixepoch('2026-04-25 09:15:00') * 1000 AS INTEGER), CAST(unixepoch('2026-04-25 11:00:00') * 1000 AS INTEGER)),
  ('40000000-0000-4000-8000-000000000011', 'TX Comptroller', 'https://comptroller.texas.gov/taxes/franchise/', CAST(unixepoch('2026-05-01 09:20:00') * 1000 AS INTEGER), 'source_status', 'review_only', 'TX Comptroller RSS feed degraded — last successful poll 24h ago. No content gap detected, but watch this row for follow-ups.', 'Source health status: degraded. Last successful poll completed 24 hours ago; manual verification recommended for upcoming TX franchise report cycles.', 'TX', '[]', '["tx_franchise_report"]', '["llc","c_corp"]', NULL, NULL, CAST(unixepoch('2026-05-01 00:00:00') * 1000 AS INTEGER), NULL, 0.95, 'approved', 'mock_user_owner_sarah', CAST(unixepoch('2026-05-01 09:30:00') * 1000 AS INTEGER), 1, 1, CAST(unixepoch('2026-05-01 09:25:00') * 1000 AS INTEGER), CAST(unixepoch('2026-05-01 09:30:00') * 1000 AS INTEGER)),
  ('40000000-0000-4000-8000-000000000012', 'WA Department of Revenue', 'https://dor.wa.gov/taxes-rates/business-occupation-tax/special-tax-rates', CAST(unixepoch('2026-04-22 14:00:00') * 1000 AS INTEGER), 'new_obligation', 'review_only', 'WA introduces new gross receipts surtax for tech firms — first filings due Sept 30 2026.', 'Effective July 1 2026, businesses primarily engaged in software publishing, computer system design, or data hosting with WA-sourced gross receipts above $25M will be subject to a new 1.22% surtax. First quarterly returns are due September 30 2026.', 'WA', '[]', '["wa_tech_surtax_q3"]', '["c_corp","llc"]', NULL, CAST(unixepoch('2026-09-30 00:00:00') * 1000 AS INTEGER), CAST(unixepoch('2026-07-01 00:00:00') * 1000 AS INTEGER), NULL, 0.91, 'approved', 'mock_user_owner_sarah', CAST(unixepoch('2026-04-22 15:30:00') * 1000 AS INTEGER), 1, 1, CAST(unixepoch('2026-04-22 14:15:00') * 1000 AS INTEGER), CAST(unixepoch('2026-04-22 15:30:00') * 1000 AS INTEGER)),
  ('40000000-0000-4000-8000-000000000013', 'IRS Newsroom', 'https://www.irs.gov/newsroom/irs-1041-system-outage-relief', CAST(unixepoch('2026-04-26 16:30:00') * 1000 AS INTEGER), 'deadline_shift', 'due_date_overlay', 'IRS extends 1041 fiduciary deadline 30 days due to e-file system outage affecting fiscal-year trusts.', 'Fiscal-year fiduciary returns originally due April 15 2026 may be filed by May 15 2026 without penalty due to an extended e-file system outage affecting trust filings.', 'FED', '[]', '["federal_1041"]', '["trust"]', CAST(unixepoch('2026-04-15 00:00:00') * 1000 AS INTEGER), CAST(unixepoch('2026-05-15 00:00:00') * 1000 AS INTEGER), CAST(unixepoch('2026-04-26 00:00:00') * 1000 AS INTEGER), NULL, 0.96, 'approved', 'mock_user_owner_sarah', CAST(unixepoch('2026-04-26 17:00:00') * 1000 AS INTEGER), 1, 1, CAST(unixepoch('2026-04-26 16:35:00') * 1000 AS INTEGER), CAST(unixepoch('2026-04-26 17:00:00') * 1000 AS INTEGER)),
  ('40000000-0000-4000-8000-000000000014', 'IRS', 'https://www.irs.gov/newsroom/irs-releases-tax-inflation-adjustments-for-tax-year-2026', CAST(unixepoch('2026-05-15 14:00:00') * 1000 AS INTEGER), 'threshold_advisory', 'review_only', 'IRS released the annual inflation-adjustment Revenue Procedure. Review thresholds (gift/estate exclusions, estimated-tax safe harbor) — open the official source for the adjusted figures.', 'See the official IRS Revenue Procedure for the adjusted figures.', 'FED', '[]', '[]', '[]', NULL, NULL, NULL, '{"kind":"threshold_advisory","sourceId":"fed.irs_inflation_adjustments_2026","sourceUrl":"https://www.irs.gov/newsroom/irs-releases-tax-inflation-adjustments-for-tax-year-2026"}', 1, 'approved', 'mock_user_owner_sarah', CAST(unixepoch('2026-05-14 14:30:00') * 1000 AS INTEGER), 0, 1, CAST(unixepoch('2026-05-14 14:05:00') * 1000 AS INTEGER), CAST(unixepoch('2026-05-14 14:30:00') * 1000 AS INTEGER)),
  ('40000000-0000-4000-8000-000000000015', 'AZ DOR', 'https://azdor.gov/news-events-notices', CAST(unixepoch('2026-05-13 16:00:00') * 1000 AS INTEGER), 'deadline_shift', 'due_date_overlay', 'Arizona DOR posted a storm-extension notice. Dismissed — no matching clients in this practice.', 'The Department announced relief for taxpayers affected by recent storms; certain filing and payment due dates may be extended.', 'AZ', '["Maricopa"]', '["federal_1065","federal_1120s"]', '["llc","s_corp"]', CAST(unixepoch('2026-04-15 00:00:00') * 1000 AS INTEGER), CAST(unixepoch('2026-07-15 00:00:00') * 1000 AS INTEGER), CAST(unixepoch('2026-05-13 00:00:00') * 1000 AS INTEGER), NULL, 0.68, 'approved', 'mock_user_owner_sarah', CAST(unixepoch('2026-05-13 16:30:00') * 1000 AS INTEGER), 1, 1, CAST(unixepoch('2026-05-13 16:05:00') * 1000 AS INTEGER), CAST(unixepoch('2026-05-13 16:30:00') * 1000 AS INTEGER)),
  ('40000000-0000-4000-8000-000000000005', 'Practice Review · Approve Demo', 'https://www.irs.gov/newsroom/tax-relief-in-disaster-situations', CAST(unixepoch('2026-05-01 10:00:00') * 1000 AS INTEGER), 'deadline_shift', 'due_date_overlay', 'Pending practice review sample intended for the Approve action.', 'Affected Los Angeles County business taxpayers may receive an additional filing extension.', 'CA', '["Los Angeles"]', '["federal_1065"]', '["llc"]', CAST(unixepoch('2026-05-15 00:00:00') * 1000 AS INTEGER), CAST(unixepoch('2026-06-20 00:00:00') * 1000 AS INTEGER), CAST(unixepoch('2026-05-01 00:00:00') * 1000 AS INTEGER), NULL, 0.88, 'pending_review', NULL, NULL, 1, 1, CAST(unixepoch('2026-05-01 10:01:00') * 1000 AS INTEGER), CAST(unixepoch('2026-05-01 10:01:00') * 1000 AS INTEGER)),
  ('40000000-0000-4000-8000-000000000006', 'Practice Review · Reject Demo', 'https://dor.wa.gov/taxes-rates/business-occupation-tax', CAST(unixepoch('2026-05-01 10:05:00') * 1000 AS INTEGER), 'form_instruction', 'review_only', 'Pending practice review sample intended for the Reject action.', 'The extracted date appears to describe a filing guide update, not a deadline extension.', 'WA', '[]', '["wa_b_and_o"]', '["c_corp"]', NULL, NULL, NULL, NULL, 0.62, 'pending_review', NULL, NULL, 1, 1, CAST(unixepoch('2026-05-01 10:06:00') * 1000 AS INTEGER), CAST(unixepoch('2026-05-01 10:06:00') * 1000 AS INTEGER)),
  ('40000000-0000-4000-8000-000000000007', 'Practice Review · Quarantine Demo', 'https://comptroller.texas.gov/taxes/franchise/', CAST(unixepoch('2026-05-01 10:10:00') * 1000 AS INTEGER), 'applicability_scope', 'review_only', 'Pending practice review sample intended for the Quarantine action.', 'The source copy conflicts with the extracted franchise report date and should be isolated.', 'TX', '[]', '["tx_franchise_report"]', '["llc"]', CAST(unixepoch('2026-05-15 00:00:00') * 1000 AS INTEGER), CAST(unixepoch('2026-07-15 00:00:00') * 1000 AS INTEGER), NULL, NULL, 0.34, 'pending_review', NULL, NULL, 1, 1, CAST(unixepoch('2026-05-01 10:11:00') * 1000 AS INTEGER), CAST(unixepoch('2026-05-01 10:11:00') * 1000 AS INTEGER));

INSERT INTO pulse
  (id, source, source_url, published_at, change_kind, action_mode, ai_summary, verbatim_quote, parsed_jurisdiction, parsed_counties, parsed_forms, parsed_entity_types, parsed_original_due_date, parsed_new_due_date, parsed_effective_from, structured_change_json, confidence, status, reviewed_by, reviewed_at, requires_human_review, is_sample, created_at, updated_at, parsed_effective_until, protective_action_deadline)
VALUES
  ('40000000-0000-4000-8000-000000000020', 'Taxpayer Advocate Service Blog', 'https://www.taxpayeradvocate.irs.gov/taxnews-information/blogs-nta/', CAST(unixepoch('2026-05-20 09:00:00') * 1000 AS INTEGER), 'protective_claim_window', 'review_only', 'Review whether clients should file protective refund claims for the COVID disaster period before the July 10, 2026 deadline.', 'Taxpayers may preserve their right to a refund for the COVID disaster period by filing a protective claim on or before July 10, 2026.', 'FED', '[]', '[]', '[]', NULL, NULL, CAST(unixepoch('2020-03-13 00:00:00') * 1000 AS INTEGER), '{"kind":"protective_claim_window","actionDeadline":"2026-07-10","claimTaxYears":[2020,2021],"affectedTaxActs":["COVID disaster relief postponements"],"evidenceNeeded":["original filed return","proof of COVID-period postponement eligibility"],"legalUncertainty":"Whether the section 6511 refund lookback is extended by the disregarded COVID postponement periods (Notice 2023-21).","authorityRefs":["IRC 6511","Notice 2023-21"]}', 0.9, 'approved', 'mock_user_owner_sarah', CAST(unixepoch('2026-05-20 10:00:00') * 1000 AS INTEGER), 1, 1, CAST(unixepoch('2026-05-20 09:05:00') * 1000 AS INTEGER), CAST(unixepoch('2026-05-20 10:00:00') * 1000 AS INTEGER), CAST(unixepoch('2022-04-18 00:00:00') * 1000 AS INTEGER), CAST(unixepoch('2026-07-10 00:00:00') * 1000 AS INTEGER)),
  ('40000000-0000-4000-8000-000000000021', 'IRS Internal Revenue Bulletins', 'https://www.irs.gov/irb', CAST(unixepoch('2026-01-10 09:00:00') * 1000 AS INTEGER), 'protective_claim_window', 'review_only', 'Protective refund-claim window for the 2019 tax year closed on March 15, 2026 — retained in history for the record.', 'Protective claims for the 2019 tax year must have been filed on or before March 15, 2026.', 'FED', '[]', '[]', '[]', NULL, NULL, CAST(unixepoch('2019-01-01 00:00:00') * 1000 AS INTEGER), '{"kind":"protective_claim_window","actionDeadline":"2026-03-15","claimTaxYears":[2019],"affectedTaxActs":["COVID disaster relief postponements"],"legalUncertainty":"Lookback extension for the 2019 tax year under the disregarded COVID postponement periods."}', 0.88, 'approved', 'mock_user_owner_sarah', CAST(unixepoch('2026-01-10 10:00:00') * 1000 AS INTEGER), 1, 1, CAST(unixepoch('2026-01-10 09:05:00') * 1000 AS INTEGER), CAST(unixepoch('2026-01-10 10:00:00') * 1000 AS INTEGER), CAST(unixepoch('2019-12-31 00:00:00') * 1000 AS INTEGER), CAST(unixepoch('2026-03-15 00:00:00') * 1000 AS INTEGER));

INSERT INTO pulse_source_state
  (source_id, tier, jurisdiction, enabled, cadence_ms, health_status, last_checked_at, last_success_at, last_change_detected_at, next_check_at, consecutive_failures, last_error, etag, last_modified, created_at, updated_at)
VALUES
  ('irs.disaster', 'T1', 'US', 1, 1800000, 'healthy', CAST(unixepoch('2026-05-01 09:45:00') * 1000 AS INTEGER), CAST(unixepoch('2026-05-01 09:45:00') * 1000 AS INTEGER), CAST(unixepoch('2026-05-01 07:35:00') * 1000 AS INTEGER), CAST(unixepoch('2026-05-01 10:15:00') * 1000 AS INTEGER), 0, NULL, 'mock-etag-irs-disaster', 'Fri, 01 May 2026 07:35:00 GMT', CAST(unixepoch('2026-05-01 07:00:00') * 1000 AS INTEGER), CAST(unixepoch('2026-05-01 09:45:00') * 1000 AS INTEGER)),
  ('ca.ftb.newsroom', 'T1', 'CA', 1, 1800000, 'healthy', CAST(unixepoch('2026-05-01 09:40:00') * 1000 AS INTEGER), CAST(unixepoch('2026-05-01 09:40:00') * 1000 AS INTEGER), CAST(unixepoch('2026-04-30 15:10:00') * 1000 AS INTEGER), CAST(unixepoch('2026-05-01 10:10:00') * 1000 AS INTEGER), 0, NULL, 'mock-etag-ca-ftb', 'Thu, 30 Apr 2026 15:10:00 GMT', CAST(unixepoch('2026-05-01 07:00:00') * 1000 AS INTEGER), CAST(unixepoch('2026-05-01 09:40:00') * 1000 AS INTEGER)),
  ('tx.cpa.rss', 'T1', 'TX', 1, 3600000, 'healthy', CAST(unixepoch('2026-05-01 09:20:00') * 1000 AS INTEGER), CAST(unixepoch('2026-05-01 09:20:00') * 1000 AS INTEGER), NULL, CAST(unixepoch('2026-05-01 10:20:00') * 1000 AS INTEGER), 0, NULL, NULL, NULL, CAST(unixepoch('2026-05-01 07:00:00') * 1000 AS INTEGER), CAST(unixepoch('2026-05-01 09:20:00') * 1000 AS INTEGER)),
  ('wa.dor.news', 'T1', 'WA', 1, 3600000, 'healthy', CAST(unixepoch('2026-05-01 09:10:00') * 1000 AS INTEGER), CAST(unixepoch('2026-05-01 09:10:00') * 1000 AS INTEGER), NULL, CAST(unixepoch('2026-05-01 10:10:00') * 1000 AS INTEGER), 0, NULL, NULL, NULL, CAST(unixepoch('2026-05-01 07:00:00') * 1000 AS INTEGER), CAST(unixepoch('2026-05-01 09:10:00') * 1000 AS INTEGER))
ON CONFLICT(source_id) DO UPDATE SET
  tier = excluded.tier,
  jurisdiction = excluded.jurisdiction,
  enabled = excluded.enabled,
  cadence_ms = excluded.cadence_ms,
  health_status = excluded.health_status,
  last_checked_at = excluded.last_checked_at,
  last_success_at = excluded.last_success_at,
  last_change_detected_at = excluded.last_change_detected_at,
  next_check_at = excluded.next_check_at,
  consecutive_failures = excluded.consecutive_failures,
  last_error = excluded.last_error,
  etag = excluded.etag,
  last_modified = excluded.last_modified,
  updated_at = excluded.updated_at;

INSERT INTO pulse_source_snapshot
  (id, source_id, external_id, title, official_source_url, published_at, fetched_at, content_hash, raw_r2_key, parse_status, pulse_id, ai_output_id, failure_reason, created_at, updated_at)
VALUES
  ('mock_snapshot_irs_ca_fire_relief', 'irs.disaster', 'irs-2026-ca-fire-relief', 'IRS announces CA fire relief', 'https://www.irs.gov/newsroom/tax-relief-in-disaster-situations', CAST(unixepoch('2026-05-01 07:30:00') * 1000 AS INTEGER), CAST(unixepoch('2026-05-01 07:35:00') * 1000 AS INTEGER), 'mockhashirsrelief', 'mock/pulse/irs-ca-fire-relief.html', 'extracted', '40000000-0000-4000-8000-000000000001', NULL, NULL, CAST(unixepoch('2026-05-01 07:35:00') * 1000 AS INTEGER), CAST(unixepoch('2026-05-01 07:45:00') * 1000 AS INTEGER)),
  ('mock_snapshot_tx_retry', 'tx.cpa.rss', 'tx-franchise-feed-retry', 'TX Comptroller feed retry', 'https://comptroller.texas.gov/taxes/franchise/', CAST(unixepoch('2026-05-01 06:00:00') * 1000 AS INTEGER), CAST(unixepoch('2026-05-01 09:20:00') * 1000 AS INTEGER), 'mockhashtxretry', 'mock/pulse/tx-retry.xml', 'failed', NULL, NULL, 'Temporary upstream 503 after retry budget.', CAST(unixepoch('2026-05-01 09:20:00') * 1000 AS INTEGER), CAST(unixepoch('2026-05-01 09:20:00') * 1000 AS INTEGER));

INSERT INTO exception_rule
  (id, firm_id, source_pulse_id, jurisdiction, counties, affected_forms, affected_entity_types, override_type, override_value_json, override_due_date, effective_from, effective_until, status, source_url, verbatim_quote, created_at, updated_at)
VALUES
  ('42000000-0000-4000-8000-000000000001', 'mock_firm_brightline', '40000000-0000-4000-8000-000000000002', 'CA', '["San Diego"]', '["ca_llc_568"]', '["llc"]', 'extend_due_date', '{"originalDueDate":"2026-04-30","newDueDate":"2026-05-30"}', CAST(unixepoch('2026-05-30 00:00:00') * 1000 AS INTEGER), CAST(unixepoch('2026-04-30 15:00:00') * 1000 AS INTEGER), NULL, 'applied', 'https://www.ftb.ca.gov/about-ftb/newsroom/index.html', 'FTB extends the LLC payment deadline to May 30, 2026 for San Diego County taxpayers.', CAST(unixepoch('2026-05-20 09:00:00') * 1000 AS INTEGER), CAST(unixepoch('2026-05-20 09:00:00') * 1000 AS INTEGER));

INSERT INTO obligation_exception_application
  (id, firm_id, obligation_instance_id, exception_rule_id, applied_at, applied_by_user_id, reverted_at, reverted_by_user_id)
VALUES
  ('43000000-0000-4000-8000-000000000001', 'mock_firm_brightline', '20000000-0000-4000-8000-000000000005', '42000000-0000-4000-8000-000000000001', CAST(unixepoch('2026-05-20 09:00:00') * 1000 AS INTEGER), 'mock_user_owner_sarah', NULL, NULL);

INSERT INTO rule_note
  (id, firm_id, rule_id, author_id, body, parent_note_id, created_at, updated_at)
VALUES
  ('6a000000-0000-4000-8000-000000000001', 'mock_firm_brightline', 'ca.individual_estimated_tax.candidate.2026', 'mock_user_partner_priya', 'Holding this one until we confirm the Q1 installment date against the FTB schedule. CA estimated tax is front-loaded (30/40/0/30), so the first voucher does most of the work — I want the concrete date pinned before any client reminders go out.', NULL, CAST(unixepoch('2026-06-02 10:15:00') * 1000 AS INTEGER), CAST(unixepoch('2026-06-02 10:15:00') * 1000 AS INTEGER)),
  ('6a000000-0000-4000-8000-000000000002', 'mock_firm_brightline', 'ca.individual_estimated_tax.candidate.2026', 'mock_user_owner_sarah', 'Pulled the FTB page — Q1 lands on the federal April date and rolls to the next business day on weekends, matching the fixed-date logic the candidate now carries. Thresholds and the no-tax safe harbor look right. Comfortable accepting once you have eyes on the installment split.', '6a000000-0000-4000-8000-000000000001', CAST(unixepoch('2026-06-02 14:40:00') * 1000 AS INTEGER), CAST(unixepoch('2026-06-02 14:40:00') * 1000 AS INTEGER)),
  ('6a000000-0000-4000-8000-000000000003', 'mock_firm_brightline', 'ca.individual_estimated_tax.candidate.2026', 'mock_user_manager_miguel', 'One caveat before we flip it on: a handful of our CA individuals are below the estimated-payment threshold and should be scoped out so we do not nudge clients who owe nothing. I will tag the applicability list this afternoon, then this is ready to accept.', NULL, CAST(unixepoch('2026-06-03 09:05:00') * 1000 AS INTEGER), CAST(unixepoch('2026-06-03 09:05:00') * 1000 AS INTEGER));

INSERT INTO migration_mapping
  (id, batch_id, source_header, target_field, confidence, reasoning, user_overridden, model, prompt_version, created_at)
VALUES
  ('31000000-0000-4000-8000-000000000001', '30000000-0000-4000-8000-000000000001', 'Client', 'client.name', 0.99, 'Column contains business names.', 0, 'openai/gpt-5-mini', 'mapper@v1', CAST(unixepoch('2026-05-18 09:05:00') * 1000 AS INTEGER)),
  ('31000000-0000-4000-8000-000000000002', '30000000-0000-4000-8000-000000000001', 'State', 'client.state', 0.98, 'Two-letter jurisdiction values.', 0, 'openai/gpt-5-mini', 'mapper@v1', CAST(unixepoch('2026-05-18 09:05:00') * 1000 AS INTEGER)),
  ('31000000-0000-4000-8000-000000000003', '30000000-0000-4000-8000-000000000001', 'Entity', 'client.entity_type', 0.96, 'Entity labels map to DueDateHQ taxonomy.', 0, 'openai/gpt-5-mini', 'mapper@v1', CAST(unixepoch('2026-05-18 09:05:00') * 1000 AS INTEGER)),
  ('31000000-0000-4000-8000-000000000004', '30000000-0000-4000-8000-000000000001', 'Tax types', 'client.tax_types', 0.95, 'Mixed federal and state obligation hints.', 1, 'openai/gpt-5-mini', 'mapper@v1', CAST(unixepoch('2026-05-18 09:06:00') * 1000 AS INTEGER)),
  ('31000000-0000-4000-8000-000000001001', '30000000-0000-4000-8000-000000000101', 'Client', 'client.name', 0.99, 'Column contains business names.', 0, 'openai/gpt-5-mini', 'mapper@v1', CAST(unixepoch('2026-05-18 09:05:00') * 1000 AS INTEGER)),
  ('31000000-0000-4000-8000-000000001002', '30000000-0000-4000-8000-000000000101', 'State', 'client.state', 0.98, 'Two-letter jurisdiction values.', 0, 'openai/gpt-5-mini', 'mapper@v1', CAST(unixepoch('2026-05-18 09:05:00') * 1000 AS INTEGER)),
  ('31000000-0000-4000-8000-000000001003', '30000000-0000-4000-8000-000000000101', 'Entity', 'client.entity_type', 0.96, 'Entity labels map to DueDateHQ taxonomy.', 0, 'openai/gpt-5-mini', 'mapper@v1', CAST(unixepoch('2026-05-18 09:05:00') * 1000 AS INTEGER)),
  ('31000000-0000-4000-8000-000000001004', '30000000-0000-4000-8000-000000000101', 'Tax types', 'client.tax_types', 0.95, 'Mixed federal and state obligation hints.', 1, 'openai/gpt-5-mini', 'mapper@v1', CAST(unixepoch('2026-05-18 09:06:00') * 1000 AS INTEGER)),
  ('31000000-0000-4000-8000-000000002001', '30000000-0000-4000-8000-000000000201', 'Client', 'client.name', 0.99, 'Column contains business names.', 0, 'openai/gpt-5-mini', 'mapper@v1', CAST(unixepoch('2026-05-18 09:05:00') * 1000 AS INTEGER)),
  ('31000000-0000-4000-8000-000000002002', '30000000-0000-4000-8000-000000000201', 'State', 'client.state', 0.98, 'Two-letter jurisdiction values.', 0, 'openai/gpt-5-mini', 'mapper@v1', CAST(unixepoch('2026-05-18 09:05:00') * 1000 AS INTEGER)),
  ('31000000-0000-4000-8000-000000002003', '30000000-0000-4000-8000-000000000201', 'Entity', 'client.entity_type', 0.96, 'Entity labels map to DueDateHQ taxonomy.', 0, 'openai/gpt-5-mini', 'mapper@v1', CAST(unixepoch('2026-05-18 09:05:00') * 1000 AS INTEGER)),
  ('31000000-0000-4000-8000-000000002004', '30000000-0000-4000-8000-000000000201', 'Tax types', 'client.tax_types', 0.95, 'Mixed federal and state obligation hints.', 1, 'openai/gpt-5-mini', 'mapper@v1', CAST(unixepoch('2026-05-18 09:06:00') * 1000 AS INTEGER)),
  ('31000000-0000-4000-8000-000000003001', '30000000-0000-4000-8000-000000000301', 'Client', 'client.name', 0.99, 'Column contains business names.', 0, 'openai/gpt-5-mini', 'mapper@v1', CAST(unixepoch('2026-05-18 09:05:00') * 1000 AS INTEGER)),
  ('31000000-0000-4000-8000-000000003002', '30000000-0000-4000-8000-000000000301', 'State', 'client.state', 0.98, 'Two-letter jurisdiction values.', 0, 'openai/gpt-5-mini', 'mapper@v1', CAST(unixepoch('2026-05-18 09:05:00') * 1000 AS INTEGER)),
  ('31000000-0000-4000-8000-000000003003', '30000000-0000-4000-8000-000000000301', 'Entity', 'client.entity_type', 0.96, 'Entity labels map to DueDateHQ taxonomy.', 0, 'openai/gpt-5-mini', 'mapper@v1', CAST(unixepoch('2026-05-18 09:05:00') * 1000 AS INTEGER)),
  ('31000000-0000-4000-8000-000000003004', '30000000-0000-4000-8000-000000000301', 'Tax types', 'client.tax_types', 0.95, 'Mixed federal and state obligation hints.', 1, 'openai/gpt-5-mini', 'mapper@v1', CAST(unixepoch('2026-05-18 09:06:00') * 1000 AS INTEGER)),
  ('31000000-0000-4000-8000-000000004001', '30000000-0000-4000-8000-000000000401', 'Client', 'client.name', 0.99, 'Column contains business names.', 0, 'openai/gpt-5-mini', 'mapper@v1', CAST(unixepoch('2026-05-18 09:05:00') * 1000 AS INTEGER)),
  ('31000000-0000-4000-8000-000000004002', '30000000-0000-4000-8000-000000000401', 'State', 'client.state', 0.98, 'Two-letter jurisdiction values.', 0, 'openai/gpt-5-mini', 'mapper@v1', CAST(unixepoch('2026-05-18 09:05:00') * 1000 AS INTEGER)),
  ('31000000-0000-4000-8000-000000004003', '30000000-0000-4000-8000-000000000401', 'Entity', 'client.entity_type', 0.96, 'Entity labels map to DueDateHQ taxonomy.', 0, 'openai/gpt-5-mini', 'mapper@v1', CAST(unixepoch('2026-05-18 09:05:00') * 1000 AS INTEGER)),
  ('31000000-0000-4000-8000-000000004004', '30000000-0000-4000-8000-000000000401', 'Tax types', 'client.tax_types', 0.95, 'Mixed federal and state obligation hints.', 1, 'openai/gpt-5-mini', 'mapper@v1', CAST(unixepoch('2026-05-18 09:06:00') * 1000 AS INTEGER));

INSERT INTO migration_normalization
  (id, batch_id, field, raw_value, normalized_value, confidence, model, prompt_version, reasoning, user_overridden, created_at)
VALUES
  ('32000000-0000-4000-8000-000000000001', '30000000-0000-4000-8000-000000000001', 'entity_type', 'S Corporation', 's_corp', 0.98, 'openai/gpt-5-mini', 'normalizer-entity@v1', 'Common S corporation synonym.', 0, CAST(unixepoch('2026-05-18 09:08:00') * 1000 AS INTEGER)),
  ('32000000-0000-4000-8000-000000000002', '30000000-0000-4000-8000-000000000001', 'state', 'Texas', 'TX', 0.99, 'openai/gpt-5-mini', 'normalizer-tax-types@v1', 'State name normalized to postal code.', 0, CAST(unixepoch('2026-05-18 09:08:00') * 1000 AS INTEGER)),
  ('32000000-0000-4000-8000-000000000003', '30000000-0000-4000-8000-000000000001', 'tax_types', '1065, NY CT-3-S', '["federal_1065","ny_ct3s"]', 0.93, 'openai/gpt-5-mini', 'normalizer-tax-types@v1', 'Tax type dictionary match.', 1, CAST(unixepoch('2026-05-18 09:09:00') * 1000 AS INTEGER)),
  ('32000000-0000-4000-8000-000000001001', '30000000-0000-4000-8000-000000000101', 'entity_type', 'S Corporation', 's_corp', 0.98, 'openai/gpt-5-mini', 'normalizer-entity@v1', 'Common S corporation synonym.', 0, CAST(unixepoch('2026-05-18 09:08:00') * 1000 AS INTEGER)),
  ('32000000-0000-4000-8000-000000001002', '30000000-0000-4000-8000-000000000101', 'state', 'Texas', 'TX', 0.99, 'openai/gpt-5-mini', 'normalizer-tax-types@v1', 'State name normalized to postal code.', 0, CAST(unixepoch('2026-05-18 09:08:00') * 1000 AS INTEGER)),
  ('32000000-0000-4000-8000-000000001003', '30000000-0000-4000-8000-000000000101', 'tax_types', '1065, NY CT-3-S', '["federal_1065","ny_ct3s"]', 0.93, 'openai/gpt-5-mini', 'normalizer-tax-types@v1', 'Tax type dictionary match.', 1, CAST(unixepoch('2026-05-18 09:09:00') * 1000 AS INTEGER)),
  ('32000000-0000-4000-8000-000000002001', '30000000-0000-4000-8000-000000000201', 'entity_type', 'S Corporation', 's_corp', 0.98, 'openai/gpt-5-mini', 'normalizer-entity@v1', 'Common S corporation synonym.', 0, CAST(unixepoch('2026-05-18 09:08:00') * 1000 AS INTEGER)),
  ('32000000-0000-4000-8000-000000002002', '30000000-0000-4000-8000-000000000201', 'state', 'Texas', 'TX', 0.99, 'openai/gpt-5-mini', 'normalizer-tax-types@v1', 'State name normalized to postal code.', 0, CAST(unixepoch('2026-05-18 09:08:00') * 1000 AS INTEGER)),
  ('32000000-0000-4000-8000-000000002003', '30000000-0000-4000-8000-000000000201', 'tax_types', '1065, NY CT-3-S', '["federal_1065","ny_ct3s"]', 0.93, 'openai/gpt-5-mini', 'normalizer-tax-types@v1', 'Tax type dictionary match.', 1, CAST(unixepoch('2026-05-18 09:09:00') * 1000 AS INTEGER)),
  ('32000000-0000-4000-8000-000000003001', '30000000-0000-4000-8000-000000000301', 'entity_type', 'S Corporation', 's_corp', 0.98, 'openai/gpt-5-mini', 'normalizer-entity@v1', 'Common S corporation synonym.', 0, CAST(unixepoch('2026-05-18 09:08:00') * 1000 AS INTEGER)),
  ('32000000-0000-4000-8000-000000003002', '30000000-0000-4000-8000-000000000301', 'state', 'Texas', 'TX', 0.99, 'openai/gpt-5-mini', 'normalizer-tax-types@v1', 'State name normalized to postal code.', 0, CAST(unixepoch('2026-05-18 09:08:00') * 1000 AS INTEGER)),
  ('32000000-0000-4000-8000-000000003003', '30000000-0000-4000-8000-000000000301', 'tax_types', '1065, NY CT-3-S', '["federal_1065","ny_ct3s"]', 0.93, 'openai/gpt-5-mini', 'normalizer-tax-types@v1', 'Tax type dictionary match.', 1, CAST(unixepoch('2026-05-18 09:09:00') * 1000 AS INTEGER)),
  ('32000000-0000-4000-8000-000000004001', '30000000-0000-4000-8000-000000000401', 'entity_type', 'S Corporation', 's_corp', 0.98, 'openai/gpt-5-mini', 'normalizer-entity@v1', 'Common S corporation synonym.', 0, CAST(unixepoch('2026-05-18 09:08:00') * 1000 AS INTEGER)),
  ('32000000-0000-4000-8000-000000004002', '30000000-0000-4000-8000-000000000401', 'state', 'Texas', 'TX', 0.99, 'openai/gpt-5-mini', 'normalizer-tax-types@v1', 'State name normalized to postal code.', 0, CAST(unixepoch('2026-05-18 09:08:00') * 1000 AS INTEGER)),
  ('32000000-0000-4000-8000-000000004003', '30000000-0000-4000-8000-000000000401', 'tax_types', '1065, NY CT-3-S', '["federal_1065","ny_ct3s"]', 0.93, 'openai/gpt-5-mini', 'normalizer-tax-types@v1', 'Tax type dictionary match.', 1, CAST(unixepoch('2026-05-18 09:09:00') * 1000 AS INTEGER));

INSERT INTO migration_error
  (id, batch_id, row_index, raw_row_json, error_code, error_message, created_at)
VALUES
  ('33000000-0000-4000-8000-000000000001', '30000000-0000-4000-8000-000000000001', 4, '{"Client":"Draft Riverbend","State":"","Entity":"LLC"}', 'STATE_REQUIRED', 'State is required before default matrix can generate state obligations.', CAST(unixepoch('2026-05-18 09:12:00') * 1000 AS INTEGER)),
  ('33000000-0000-4000-8000-000000001001', '30000000-0000-4000-8000-000000000101', 4, '{"Client":"Draft Riverbend","State":"","Entity":"LLC"}', 'STATE_REQUIRED', 'State is required before default matrix can generate state obligations.', CAST(unixepoch('2026-05-18 09:12:00') * 1000 AS INTEGER)),
  ('33000000-0000-4000-8000-000000002001', '30000000-0000-4000-8000-000000000201', 4, '{"Client":"Draft Riverbend","State":"","Entity":"LLC"}', 'STATE_REQUIRED', 'State is required before default matrix can generate state obligations.', CAST(unixepoch('2026-05-18 09:12:00') * 1000 AS INTEGER)),
  ('33000000-0000-4000-8000-000000003001', '30000000-0000-4000-8000-000000000301', 4, '{"Client":"Draft Riverbend","State":"","Entity":"LLC"}', 'STATE_REQUIRED', 'State is required before default matrix can generate state obligations.', CAST(unixepoch('2026-05-18 09:12:00') * 1000 AS INTEGER)),
  ('33000000-0000-4000-8000-000000004001', '30000000-0000-4000-8000-000000000401', 4, '{"Client":"Draft Riverbend","State":"","Entity":"LLC"}', 'STATE_REQUIRED', 'State is required before default matrix can generate state obligations.', CAST(unixepoch('2026-05-18 09:12:00') * 1000 AS INTEGER));

INSERT INTO notification_preference
  (id, firm_id, user_id, email_enabled, in_app_enabled, reminders_enabled, pulse_enabled, unassigned_reminders_enabled, created_at, updated_at)
VALUES
  ('64000000-0000-4000-8000-000000000001', 'mock_firm_brightline', 'mock_user_owner_sarah', 1, 1, 1, 1, 1, CAST(unixepoch('2026-05-20 09:00:00') * 1000 AS INTEGER), CAST(unixepoch('2026-05-20 09:00:00') * 1000 AS INTEGER)),
  ('64000000-0000-4000-8000-000000000002', 'mock_firm_brightline', 'mock_user_manager_miguel', 1, 1, 1, 1, 1, CAST(unixepoch('2026-05-20 09:00:00') * 1000 AS INTEGER), CAST(unixepoch('2026-05-20 09:00:00') * 1000 AS INTEGER)),
  ('64000000-0000-4000-8000-000000000003', 'mock_firm_brightline', 'mock_user_partner_priya', 1, 1, 1, 1, 1, CAST(unixepoch('2026-05-20 09:00:00') * 1000 AS INTEGER), CAST(unixepoch('2026-05-20 09:00:00') * 1000 AS INTEGER)),
  ('64000000-0000-4000-8000-000000000004', 'mock_firm_brightline', 'mock_user_preparer_avery', 1, 1, 1, 1, 1, CAST(unixepoch('2026-05-20 09:00:00') * 1000 AS INTEGER), CAST(unixepoch('2026-05-20 09:00:00') * 1000 AS INTEGER)),
  ('64000000-0000-4000-8000-000000000005', 'mock_firm_brightline', 'mock_user_coordinator_jules', 1, 1, 1, 1, 1, CAST(unixepoch('2026-05-20 09:00:00') * 1000 AS INTEGER), CAST(unixepoch('2026-05-20 09:00:00') * 1000 AS INTEGER)),
  ('64000000-0000-4000-8000-000000001001', 'mock_firm_solo', 'mock_user_owner_sarah', 1, 1, 1, 1, 1, CAST(unixepoch('2026-05-20 09:00:00') * 1000 AS INTEGER), CAST(unixepoch('2026-05-20 09:00:00') * 1000 AS INTEGER)),
  ('64000000-0000-4000-8000-000000002001', 'mock_firm_plan_solo', 'mock_user_plan_solo', 1, 1, 1, 1, 1, CAST(unixepoch('2026-05-20 09:00:00') * 1000 AS INTEGER), CAST(unixepoch('2026-05-20 09:00:00') * 1000 AS INTEGER)),
  ('64000000-0000-4000-8000-000000003001', 'mock_firm_plan_pro', 'mock_user_plan_pro', 1, 1, 1, 1, 1, CAST(unixepoch('2026-05-20 09:00:00') * 1000 AS INTEGER), CAST(unixepoch('2026-05-20 09:00:00') * 1000 AS INTEGER)),
  ('64000000-0000-4000-8000-000000003002', 'mock_firm_plan_pro', 'mock_user_plan_pro_preparer', 1, 1, 1, 1, 1, CAST(unixepoch('2026-05-20 09:00:00') * 1000 AS INTEGER), CAST(unixepoch('2026-05-20 09:00:00') * 1000 AS INTEGER)),
  ('64000000-0000-4000-8000-000000004001', 'mock_firm_plan_team', 'mock_user_plan_team', 1, 1, 1, 1, 1, CAST(unixepoch('2026-05-20 09:00:00') * 1000 AS INTEGER), CAST(unixepoch('2026-05-20 09:00:00') * 1000 AS INTEGER)),
  ('64000000-0000-4000-8000-000000004002', 'mock_firm_plan_team', 'mock_user_plan_team_manager', 1, 1, 1, 1, 1, CAST(unixepoch('2026-05-20 09:00:00') * 1000 AS INTEGER), CAST(unixepoch('2026-05-20 09:00:00') * 1000 AS INTEGER)),
  ('64000000-0000-4000-8000-000000004003', 'mock_firm_plan_team', 'mock_user_plan_team_coordinator', 1, 1, 1, 1, 1, CAST(unixepoch('2026-05-20 09:00:00') * 1000 AS INTEGER), CAST(unixepoch('2026-05-20 09:00:00') * 1000 AS INTEGER)),
  ('64000000-0000-4000-8000-000000004004', 'mock_firm_plan_team', 'mock_user_plan_team_preparer', 1, 1, 1, 1, 1, CAST(unixepoch('2026-05-20 09:00:00') * 1000 AS INTEGER), CAST(unixepoch('2026-05-20 09:00:00') * 1000 AS INTEGER));

INSERT INTO ai_output
  (id, firm_id, user_id, kind, prompt_version, model, input_context_ref, input_hash, output_text, citations_json, guard_result, refusal_code, generated_at, tokens_in, tokens_out, latency_ms, cost_usd)
VALUES
  ('50000000-0000-4000-8000-000000000001', 'mock_firm_brightline', 'mock_user_owner_sarah', 'brief', 'dashboard-brief@v1', 'openai/gpt-5-mini', 'dashboard:mock_firm_brightline:2026-06-02', 'hash-mock_firm_brightline-brief', 'Several deadlines need attention this week across the practice. Overdue returns carry the largest exposure.', '[]', 'allowed', NULL, CAST(unixepoch('2026-06-02 08:00:00') * 1000 AS INTEGER), 1840, 188, 1180, 0.014),
  ('50000000-0000-4000-8000-000000001001', 'mock_firm_solo', 'mock_user_owner_sarah', 'brief', 'dashboard-brief@v1', 'openai/gpt-5-mini', 'dashboard:mock_firm_solo:2026-06-02', 'hash-mock_firm_solo-brief', 'Several deadlines need attention this week across the practice. Overdue returns carry the largest exposure.', '[]', 'allowed', NULL, CAST(unixepoch('2026-06-02 08:00:00') * 1000 AS INTEGER), 1840, 188, 1180, 0.014),
  ('50000000-0000-4000-8000-000000002001', 'mock_firm_plan_solo', 'mock_user_plan_solo', 'brief', 'dashboard-brief@v1', 'openai/gpt-5-mini', 'dashboard:mock_firm_plan_solo:2026-06-02', 'hash-mock_firm_plan_solo-brief', 'Several deadlines need attention this week across the practice. Overdue returns carry the largest exposure.', '[]', 'allowed', NULL, CAST(unixepoch('2026-06-02 08:00:00') * 1000 AS INTEGER), 1840, 188, 1180, 0.014),
  ('50000000-0000-4000-8000-000000003001', 'mock_firm_plan_pro', 'mock_user_plan_pro', 'brief', 'dashboard-brief@v1', 'openai/gpt-5-mini', 'dashboard:mock_firm_plan_pro:2026-06-02', 'hash-mock_firm_plan_pro-brief', 'Several deadlines need attention this week across the practice. Overdue returns carry the largest exposure.', '[]', 'allowed', NULL, CAST(unixepoch('2026-06-02 08:00:00') * 1000 AS INTEGER), 1840, 188, 1180, 0.014),
  ('50000000-0000-4000-8000-000000004001', 'mock_firm_plan_team', 'mock_user_plan_team', 'brief', 'dashboard-brief@v1', 'openai/gpt-5-mini', 'dashboard:mock_firm_plan_team:2026-06-02', 'hash-mock_firm_plan_team-brief', 'Several deadlines need attention this week across the practice. Overdue returns carry the largest exposure.', '[]', 'allowed', NULL, CAST(unixepoch('2026-06-02 08:00:00') * 1000 AS INTEGER), 1840, 188, 1180, 0.014);

INSERT INTO dashboard_brief
  (id, firm_id, user_id, scope, as_of_date, status, input_hash, ai_output_id, summary_text, top_obligation_ids_json, citations_json, reason, error_code, generated_at, expires_at, created_at, updated_at)
VALUES
  ('51000000-0000-4000-8000-000000000001', 'mock_firm_brightline', NULL, 'firm', '2026-06-02', 'ready', 'hash-mock_firm_brightline-brief', '50000000-0000-4000-8000-000000000001', 'Several deadlines need attention this week. Overdue returns carry the largest exposure; a few are awaiting client signature.', '["20000000-0000-4000-8000-000000000003","20000000-0000-4000-8000-000000000008","20000000-0000-4000-8000-000000000006"]', '[]', 'demo_seed', NULL, CAST(unixepoch('2026-06-02 08:00:00') * 1000 AS INTEGER), CAST(unixepoch('2026-06-03 08:00:00') * 1000 AS INTEGER), CAST(unixepoch('2026-05-20 09:00:00') * 1000 AS INTEGER), CAST(unixepoch('2026-06-02 08:00:00') * 1000 AS INTEGER)),
  ('51000000-0000-4000-8000-000000001001', 'mock_firm_solo', NULL, 'firm', '2026-06-02', 'ready', 'hash-mock_firm_solo-brief', '50000000-0000-4000-8000-000000001001', 'Several deadlines need attention this week. Overdue returns carry the largest exposure; a few are awaiting client signature.', '["24000000-0000-4000-8000-000000000003","24000000-0000-4000-8000-000000000008","24000000-0000-4000-8000-000000000006"]', '[]', 'demo_seed', NULL, CAST(unixepoch('2026-06-02 08:00:00') * 1000 AS INTEGER), CAST(unixepoch('2026-06-03 08:00:00') * 1000 AS INTEGER), CAST(unixepoch('2026-05-20 09:00:00') * 1000 AS INTEGER), CAST(unixepoch('2026-06-02 08:00:00') * 1000 AS INTEGER)),
  ('51000000-0000-4000-8000-000000002001', 'mock_firm_plan_solo', NULL, 'firm', '2026-06-02', 'ready', 'hash-mock_firm_plan_solo-brief', '50000000-0000-4000-8000-000000002001', 'Several deadlines need attention this week. Overdue returns carry the largest exposure; a few are awaiting client signature.', '["21000000-0000-4000-8000-000000000003","21000000-0000-4000-8000-000000000008","21000000-0000-4000-8000-000000000006"]', '[]', 'demo_seed', NULL, CAST(unixepoch('2026-06-02 08:00:00') * 1000 AS INTEGER), CAST(unixepoch('2026-06-03 08:00:00') * 1000 AS INTEGER), CAST(unixepoch('2026-05-20 09:00:00') * 1000 AS INTEGER), CAST(unixepoch('2026-06-02 08:00:00') * 1000 AS INTEGER)),
  ('51000000-0000-4000-8000-000000003001', 'mock_firm_plan_pro', NULL, 'firm', '2026-06-02', 'ready', 'hash-mock_firm_plan_pro-brief', '50000000-0000-4000-8000-000000003001', 'Several deadlines need attention this week. Overdue returns carry the largest exposure; a few are awaiting client signature.', '["22000000-0000-4000-8000-000000000003","22000000-0000-4000-8000-000000000008","22000000-0000-4000-8000-000000000006"]', '[]', 'demo_seed', NULL, CAST(unixepoch('2026-06-02 08:00:00') * 1000 AS INTEGER), CAST(unixepoch('2026-06-03 08:00:00') * 1000 AS INTEGER), CAST(unixepoch('2026-05-20 09:00:00') * 1000 AS INTEGER), CAST(unixepoch('2026-06-02 08:00:00') * 1000 AS INTEGER)),
  ('51000000-0000-4000-8000-000000004001', 'mock_firm_plan_team', NULL, 'firm', '2026-06-02', 'ready', 'hash-mock_firm_plan_team-brief', '50000000-0000-4000-8000-000000004001', 'Several deadlines need attention this week. Overdue returns carry the largest exposure; a few are awaiting client signature.', '["23000000-0000-4000-8000-000000000003","23000000-0000-4000-8000-000000000008","23000000-0000-4000-8000-000000000006"]', '[]', 'demo_seed', NULL, CAST(unixepoch('2026-06-02 08:00:00') * 1000 AS INTEGER), CAST(unixepoch('2026-06-03 08:00:00') * 1000 AS INTEGER), CAST(unixepoch('2026-05-20 09:00:00') * 1000 AS INTEGER), CAST(unixepoch('2026-06-02 08:00:00') * 1000 AS INTEGER));

INSERT INTO evidence_link
  (id, firm_id, obligation_instance_id, ai_output_id, source_type, source_id, source_url, verbatim_quote, raw_value, normalized_value, confidence, model, matrix_version, verified_at, verified_by, applied_at, applied_by)
VALUES
  ('52000000-0000-4000-8000-000000000001', 'mock_firm_brightline', '20000000-0000-4000-8000-000000000001', NULL, 'default_inference_by_entity_state', 'default-matrix-v1', NULL, 'Federal 1040 due date inferred from entity type and tax year.', 'individual / CA / 2026', 'federal_1040 / 2026-06-22', 1, NULL, 'default-matrix-v1.0', CAST(unixepoch('2026-05-18 09:00:00') * 1000 AS INTEGER), 'mock_user_owner_sarah', CAST(unixepoch('2026-05-18 09:20:00') * 1000 AS INTEGER), 'mock_user_owner_sarah'),
  ('52000000-0000-4000-8000-000000000002', 'mock_firm_brightline', '20000000-0000-4000-8000-000000000005', NULL, 'verified_rule', 'ca.llc.568.return.2025', NULL, 'CA Form 568 filing deadline from the verified rule.', 'ca_llc_568 / 2026', 'Form 568 / extended', 1, NULL, 'rule-v1', CAST(unixepoch('2026-05-18 09:00:00') * 1000 AS INTEGER), 'mock_user_owner_sarah', CAST(unixepoch('2026-05-18 09:20:00') * 1000 AS INTEGER), 'mock_user_owner_sarah'),
  ('52000000-0000-4000-8000-000000001001', 'mock_firm_solo', '24000000-0000-4000-8000-000000000001', NULL, 'default_inference_by_entity_state', 'default-matrix-v1', NULL, 'Federal 1040 due date inferred from entity type and tax year.', 'individual / CA / 2026', 'federal_1040 / 2026-06-22', 1, NULL, 'default-matrix-v1.0', CAST(unixepoch('2026-05-18 09:00:00') * 1000 AS INTEGER), 'mock_user_owner_sarah', CAST(unixepoch('2026-05-18 09:20:00') * 1000 AS INTEGER), 'mock_user_owner_sarah'),
  ('52000000-0000-4000-8000-000000001002', 'mock_firm_solo', '24000000-0000-4000-8000-000000000005', NULL, 'verified_rule', 'ca.llc.568.return.2025', NULL, 'CA Form 568 filing deadline from the verified rule.', 'ca_llc_568 / 2026', 'Form 568 / extended', 1, NULL, 'rule-v1', CAST(unixepoch('2026-05-18 09:00:00') * 1000 AS INTEGER), 'mock_user_owner_sarah', CAST(unixepoch('2026-05-18 09:20:00') * 1000 AS INTEGER), 'mock_user_owner_sarah'),
  ('52000000-0000-4000-8000-000000002001', 'mock_firm_plan_solo', '21000000-0000-4000-8000-000000000001', NULL, 'default_inference_by_entity_state', 'default-matrix-v1', NULL, 'Federal 1040 due date inferred from entity type and tax year.', 'individual / CA / 2026', 'federal_1040 / 2026-06-22', 1, NULL, 'default-matrix-v1.0', CAST(unixepoch('2026-05-18 09:00:00') * 1000 AS INTEGER), 'mock_user_plan_solo', CAST(unixepoch('2026-05-18 09:20:00') * 1000 AS INTEGER), 'mock_user_plan_solo'),
  ('52000000-0000-4000-8000-000000002002', 'mock_firm_plan_solo', '21000000-0000-4000-8000-000000000005', NULL, 'verified_rule', 'ca.llc.568.return.2025', NULL, 'CA Form 568 filing deadline from the verified rule.', 'ca_llc_568 / 2026', 'Form 568 / extended', 1, NULL, 'rule-v1', CAST(unixepoch('2026-05-18 09:00:00') * 1000 AS INTEGER), 'mock_user_plan_solo', CAST(unixepoch('2026-05-18 09:20:00') * 1000 AS INTEGER), 'mock_user_plan_solo'),
  ('52000000-0000-4000-8000-000000003001', 'mock_firm_plan_pro', '22000000-0000-4000-8000-000000000001', NULL, 'default_inference_by_entity_state', 'default-matrix-v1', NULL, 'Federal 1040 due date inferred from entity type and tax year.', 'individual / CA / 2026', 'federal_1040 / 2026-06-22', 1, NULL, 'default-matrix-v1.0', CAST(unixepoch('2026-05-18 09:00:00') * 1000 AS INTEGER), 'mock_user_plan_pro', CAST(unixepoch('2026-05-18 09:20:00') * 1000 AS INTEGER), 'mock_user_plan_pro'),
  ('52000000-0000-4000-8000-000000003002', 'mock_firm_plan_pro', '22000000-0000-4000-8000-000000000005', NULL, 'verified_rule', 'ca.llc.568.return.2025', NULL, 'CA Form 568 filing deadline from the verified rule.', 'ca_llc_568 / 2026', 'Form 568 / extended', 1, NULL, 'rule-v1', CAST(unixepoch('2026-05-18 09:00:00') * 1000 AS INTEGER), 'mock_user_plan_pro', CAST(unixepoch('2026-05-18 09:20:00') * 1000 AS INTEGER), 'mock_user_plan_pro'),
  ('52000000-0000-4000-8000-000000004001', 'mock_firm_plan_team', '23000000-0000-4000-8000-000000000001', NULL, 'default_inference_by_entity_state', 'default-matrix-v1', NULL, 'Federal 1040 due date inferred from entity type and tax year.', 'individual / CA / 2026', 'federal_1040 / 2026-06-22', 1, NULL, 'default-matrix-v1.0', CAST(unixepoch('2026-05-18 09:00:00') * 1000 AS INTEGER), 'mock_user_plan_team', CAST(unixepoch('2026-05-18 09:20:00') * 1000 AS INTEGER), 'mock_user_plan_team'),
  ('52000000-0000-4000-8000-000000004002', 'mock_firm_plan_team', '23000000-0000-4000-8000-000000000005', NULL, 'verified_rule', 'ca.llc.568.return.2025', NULL, 'CA Form 568 filing deadline from the verified rule.', 'ca_llc_568 / 2026', 'Form 568 / extended', 1, NULL, 'rule-v1', CAST(unixepoch('2026-05-18 09:00:00') * 1000 AS INTEGER), 'mock_user_plan_team', CAST(unixepoch('2026-05-18 09:20:00') * 1000 AS INTEGER), 'mock_user_plan_team');

INSERT INTO ai_insight_cache
  (id, firm_id, kind, subject_type, subject_id, as_of_date, status, input_hash, ai_output_id, output_json, citations_json, reason, error_code, generated_at, expires_at, created_at, updated_at)
VALUES
  ('70000000-0000-4000-8000-000000000001', 'mock_firm_brightline', 'client_risk_summary', 'client', '10000000-0000-4000-8000-000000000003', '2026-06-02', 'ready', 'risk-mock_firm_brightline-c3', NULL, '{"sections":[{"key":"risk","label":"Risk","text":"High importance, recent late-filing history, and an open partnership deadline in the near window.","citationRefs":[]}]}', '[]', 'demo_seed', NULL, CAST(unixepoch('2026-06-02 08:00:00') * 1000 AS INTEGER), CAST(unixepoch('2026-06-03 08:00:00') * 1000 AS INTEGER), CAST(unixepoch('2026-05-20 09:00:00') * 1000 AS INTEGER), CAST(unixepoch('2026-06-02 08:00:00') * 1000 AS INTEGER)),
  ('70000000-0000-4000-8000-000000001001', 'mock_firm_solo', 'client_risk_summary', 'client', '14000000-0000-4000-8000-000000000003', '2026-06-02', 'ready', 'risk-mock_firm_solo-c3', NULL, '{"sections":[{"key":"risk","label":"Risk","text":"High importance, recent late-filing history, and an open partnership deadline in the near window.","citationRefs":[]}]}', '[]', 'demo_seed', NULL, CAST(unixepoch('2026-06-02 08:00:00') * 1000 AS INTEGER), CAST(unixepoch('2026-06-03 08:00:00') * 1000 AS INTEGER), CAST(unixepoch('2026-05-20 09:00:00') * 1000 AS INTEGER), CAST(unixepoch('2026-06-02 08:00:00') * 1000 AS INTEGER)),
  ('70000000-0000-4000-8000-000000002001', 'mock_firm_plan_solo', 'client_risk_summary', 'client', '11000000-0000-4000-8000-000000000003', '2026-06-02', 'ready', 'risk-mock_firm_plan_solo-c3', NULL, '{"sections":[{"key":"risk","label":"Risk","text":"High importance, recent late-filing history, and an open partnership deadline in the near window.","citationRefs":[]}]}', '[]', 'demo_seed', NULL, CAST(unixepoch('2026-06-02 08:00:00') * 1000 AS INTEGER), CAST(unixepoch('2026-06-03 08:00:00') * 1000 AS INTEGER), CAST(unixepoch('2026-05-20 09:00:00') * 1000 AS INTEGER), CAST(unixepoch('2026-06-02 08:00:00') * 1000 AS INTEGER)),
  ('70000000-0000-4000-8000-000000003001', 'mock_firm_plan_pro', 'client_risk_summary', 'client', '12000000-0000-4000-8000-000000000003', '2026-06-02', 'ready', 'risk-mock_firm_plan_pro-c3', NULL, '{"sections":[{"key":"risk","label":"Risk","text":"High importance, recent late-filing history, and an open partnership deadline in the near window.","citationRefs":[]}]}', '[]', 'demo_seed', NULL, CAST(unixepoch('2026-06-02 08:00:00') * 1000 AS INTEGER), CAST(unixepoch('2026-06-03 08:00:00') * 1000 AS INTEGER), CAST(unixepoch('2026-05-20 09:00:00') * 1000 AS INTEGER), CAST(unixepoch('2026-06-02 08:00:00') * 1000 AS INTEGER)),
  ('70000000-0000-4000-8000-000000004001', 'mock_firm_plan_team', 'client_risk_summary', 'client', '13000000-0000-4000-8000-000000000003', '2026-06-02', 'ready', 'risk-mock_firm_plan_team-c3', NULL, '{"sections":[{"key":"risk","label":"Risk","text":"High importance, recent late-filing history, and an open partnership deadline in the near window.","citationRefs":[]}]}', '[]', 'demo_seed', NULL, CAST(unixepoch('2026-06-02 08:00:00') * 1000 AS INTEGER), CAST(unixepoch('2026-06-03 08:00:00') * 1000 AS INTEGER), CAST(unixepoch('2026-05-20 09:00:00') * 1000 AS INTEGER), CAST(unixepoch('2026-06-02 08:00:00') * 1000 AS INTEGER));

INSERT INTO audit_event
  (id, firm_id, actor_id, entity_type, entity_id, action, before_json, after_json, reason, ip_hash, user_agent_hash, created_at)
VALUES
  ('60000000-0000-4000-8000-000000000090', 'mock_firm_brightline', 'mock_user_manager_miguel', 'rule', 'fed.1120s.return.2026', 'rules.accepted', NULL, '{"status":"verified","version":1}', 'Annual rollover review.', 'iphash_demo', 'uahash_demo', CAST(unixepoch('2026-05-04 10:00:00') * 1000 AS INTEGER)),
  ('60000000-0000-4000-8000-000000000091', 'mock_firm_brightline', 'mock_user_manager_miguel', 'rule', 'fed.1065.return.2026', 'rules.accepted', NULL, '{"status":"verified","version":1}', 'Annual rollover review.', 'iphash_demo', 'uahash_demo', CAST(unixepoch('2026-05-04 10:01:00') * 1000 AS INTEGER)),
  ('60000000-0000-4000-8000-000000000092', 'mock_firm_brightline', 'mock_user_manager_miguel', 'rule', 'fed.1041.return.2026', 'rules.accepted', NULL, '{"status":"verified","version":1}', 'Annual rollover review.', 'iphash_demo', 'uahash_demo', CAST(unixepoch('2026-05-04 10:02:00') * 1000 AS INTEGER)),
  ('60000000-0000-4000-8000-000000000001', 'mock_firm_brightline', 'mock_user_owner_sarah', 'obligation_instance', '20000000-0000-4000-8000-000000000005', 'obligation.extension.decided', '{"status":"pending"}', '{"status":"extended","filingDeadline":"extended"}', 'Extension filed.', 'iphash_demo', 'uahash_demo', CAST(unixepoch('2026-06-02 09:15:00') * 1000 AS INTEGER)),
  ('60000000-0000-4000-8000-000000000002', 'mock_firm_brightline', 'mock_user_manager_miguel', 'obligation_instance', '20000000-0000-4000-8000-000000000004', 'obligation.status.updated', '{"status":"pending"}', '{"status":"in_progress"}', NULL, 'iphash_demo', 'uahash_demo', CAST(unixepoch('2026-06-01 14:00:00') * 1000 AS INTEGER)),
  ('60000000-0000-4000-8000-000000000003', 'mock_firm_brightline', 'mock_user_owner_sarah', 'migration_batch', '30000000-0000-4000-8000-000000000001', 'migration.batch.applied', NULL, '{"successCount":10}', NULL, 'iphash_demo', 'uahash_demo', CAST(unixepoch('2026-06-01 11:00:00') * 1000 AS INTEGER)),
  ('60000000-0000-4000-8000-000000000004', 'mock_firm_brightline', 'mock_user_owner_sarah', 'obligation_instance', '20000000-0000-4000-8000-000000000006', 'obligation.status.updated', '{"status":"review"}', '{"status":"done"}', 'Return filed; awaiting e-sign authorization.', 'iphash_demo', 'uahash_demo', CAST(unixepoch('2026-06-01 16:20:00') * 1000 AS INTEGER)),
  ('60000000-0000-4000-8000-000000000005', 'mock_firm_brightline', 'mock_user_manager_miguel', 'obligation_instance', '20000000-0000-4000-8000-000000000013', 'obligation.status.updated', '{"status":"review"}', '{"status":"done"}', NULL, 'iphash_demo', 'uahash_demo', CAST(unixepoch('2026-06-02 10:05:00') * 1000 AS INTEGER)),
  ('60000000-0000-4000-8000-000000000006', 'mock_firm_brightline', 'mock_user_owner_sarah', 'obligation_instance', '20000000-0000-4000-8000-000000000002', 'obligation.due_date.updated', '{"currentDueDate":"2026-06-15"}', '{"currentDueDate":"2026-09-15"}', 'Disaster-relief overlay applied.', 'iphash_demo', 'uahash_demo', CAST(unixepoch('2026-06-02 08:40:00') * 1000 AS INTEGER)),
  ('60000000-0000-4000-8000-000000001001', 'mock_firm_solo', 'mock_user_owner_sarah', 'obligation_instance', '24000000-0000-4000-8000-000000000005', 'obligation.extension.decided', '{"status":"pending"}', '{"status":"extended","filingDeadline":"extended"}', 'Extension filed.', 'iphash_demo', 'uahash_demo', CAST(unixepoch('2026-06-02 09:15:00') * 1000 AS INTEGER)),
  ('60000000-0000-4000-8000-000000001002', 'mock_firm_solo', 'mock_user_owner_sarah', 'obligation_instance', '24000000-0000-4000-8000-000000000004', 'obligation.status.updated', '{"status":"pending"}', '{"status":"in_progress"}', NULL, 'iphash_demo', 'uahash_demo', CAST(unixepoch('2026-06-01 14:00:00') * 1000 AS INTEGER)),
  ('60000000-0000-4000-8000-000000001003', 'mock_firm_solo', 'mock_user_owner_sarah', 'migration_batch', '30000000-0000-4000-8000-000000000101', 'migration.batch.applied', NULL, '{"successCount":10}', NULL, 'iphash_demo', 'uahash_demo', CAST(unixepoch('2026-06-01 11:00:00') * 1000 AS INTEGER)),
  ('60000000-0000-4000-8000-000000001004', 'mock_firm_solo', 'mock_user_owner_sarah', 'obligation_instance', '24000000-0000-4000-8000-000000000006', 'obligation.status.updated', '{"status":"review"}', '{"status":"done"}', 'Return filed; awaiting e-sign authorization.', 'iphash_demo', 'uahash_demo', CAST(unixepoch('2026-06-01 16:20:00') * 1000 AS INTEGER)),
  ('60000000-0000-4000-8000-000000001005', 'mock_firm_solo', 'mock_user_owner_sarah', 'obligation_instance', '24000000-0000-4000-8000-000000000013', 'obligation.status.updated', '{"status":"review"}', '{"status":"done"}', NULL, 'iphash_demo', 'uahash_demo', CAST(unixepoch('2026-06-02 10:05:00') * 1000 AS INTEGER)),
  ('60000000-0000-4000-8000-000000001006', 'mock_firm_solo', 'mock_user_owner_sarah', 'obligation_instance', '24000000-0000-4000-8000-000000000002', 'obligation.due_date.updated', '{"currentDueDate":"2026-06-15"}', '{"currentDueDate":"2026-09-15"}', 'Disaster-relief overlay applied.', 'iphash_demo', 'uahash_demo', CAST(unixepoch('2026-06-02 08:40:00') * 1000 AS INTEGER)),
  ('60000000-0000-4000-8000-000000002001', 'mock_firm_plan_solo', 'mock_user_plan_solo', 'obligation_instance', '21000000-0000-4000-8000-000000000005', 'obligation.extension.decided', '{"status":"pending"}', '{"status":"extended","filingDeadline":"extended"}', 'Extension filed.', 'iphash_demo', 'uahash_demo', CAST(unixepoch('2026-06-02 09:15:00') * 1000 AS INTEGER)),
  ('60000000-0000-4000-8000-000000002002', 'mock_firm_plan_solo', 'mock_user_plan_solo', 'obligation_instance', '21000000-0000-4000-8000-000000000004', 'obligation.status.updated', '{"status":"pending"}', '{"status":"in_progress"}', NULL, 'iphash_demo', 'uahash_demo', CAST(unixepoch('2026-06-01 14:00:00') * 1000 AS INTEGER)),
  ('60000000-0000-4000-8000-000000002003', 'mock_firm_plan_solo', 'mock_user_plan_solo', 'migration_batch', '30000000-0000-4000-8000-000000000201', 'migration.batch.applied', NULL, '{"successCount":10}', NULL, 'iphash_demo', 'uahash_demo', CAST(unixepoch('2026-06-01 11:00:00') * 1000 AS INTEGER)),
  ('60000000-0000-4000-8000-000000002004', 'mock_firm_plan_solo', 'mock_user_plan_solo', 'obligation_instance', '21000000-0000-4000-8000-000000000006', 'obligation.status.updated', '{"status":"review"}', '{"status":"done"}', 'Return filed; awaiting e-sign authorization.', 'iphash_demo', 'uahash_demo', CAST(unixepoch('2026-06-01 16:20:00') * 1000 AS INTEGER)),
  ('60000000-0000-4000-8000-000000002005', 'mock_firm_plan_solo', 'mock_user_plan_solo', 'obligation_instance', '21000000-0000-4000-8000-000000000013', 'obligation.status.updated', '{"status":"review"}', '{"status":"done"}', NULL, 'iphash_demo', 'uahash_demo', CAST(unixepoch('2026-06-02 10:05:00') * 1000 AS INTEGER)),
  ('60000000-0000-4000-8000-000000002006', 'mock_firm_plan_solo', 'mock_user_plan_solo', 'obligation_instance', '21000000-0000-4000-8000-000000000002', 'obligation.due_date.updated', '{"currentDueDate":"2026-06-15"}', '{"currentDueDate":"2026-09-15"}', 'Disaster-relief overlay applied.', 'iphash_demo', 'uahash_demo', CAST(unixepoch('2026-06-02 08:40:00') * 1000 AS INTEGER)),
  ('60000000-0000-4000-8000-000000003001', 'mock_firm_plan_pro', 'mock_user_plan_pro', 'obligation_instance', '22000000-0000-4000-8000-000000000005', 'obligation.extension.decided', '{"status":"pending"}', '{"status":"extended","filingDeadline":"extended"}', 'Extension filed.', 'iphash_demo', 'uahash_demo', CAST(unixepoch('2026-06-02 09:15:00') * 1000 AS INTEGER)),
  ('60000000-0000-4000-8000-000000003002', 'mock_firm_plan_pro', 'mock_user_plan_pro_preparer', 'obligation_instance', '22000000-0000-4000-8000-000000000004', 'obligation.status.updated', '{"status":"pending"}', '{"status":"in_progress"}', NULL, 'iphash_demo', 'uahash_demo', CAST(unixepoch('2026-06-01 14:00:00') * 1000 AS INTEGER)),
  ('60000000-0000-4000-8000-000000003003', 'mock_firm_plan_pro', 'mock_user_plan_pro', 'migration_batch', '30000000-0000-4000-8000-000000000301', 'migration.batch.applied', NULL, '{"successCount":10}', NULL, 'iphash_demo', 'uahash_demo', CAST(unixepoch('2026-06-01 11:00:00') * 1000 AS INTEGER)),
  ('60000000-0000-4000-8000-000000003004', 'mock_firm_plan_pro', 'mock_user_plan_pro', 'obligation_instance', '22000000-0000-4000-8000-000000000006', 'obligation.status.updated', '{"status":"review"}', '{"status":"done"}', 'Return filed; awaiting e-sign authorization.', 'iphash_demo', 'uahash_demo', CAST(unixepoch('2026-06-01 16:20:00') * 1000 AS INTEGER)),
  ('60000000-0000-4000-8000-000000003005', 'mock_firm_plan_pro', 'mock_user_plan_pro_preparer', 'obligation_instance', '22000000-0000-4000-8000-000000000013', 'obligation.status.updated', '{"status":"review"}', '{"status":"done"}', NULL, 'iphash_demo', 'uahash_demo', CAST(unixepoch('2026-06-02 10:05:00') * 1000 AS INTEGER)),
  ('60000000-0000-4000-8000-000000003006', 'mock_firm_plan_pro', 'mock_user_plan_pro', 'obligation_instance', '22000000-0000-4000-8000-000000000002', 'obligation.due_date.updated', '{"currentDueDate":"2026-06-15"}', '{"currentDueDate":"2026-09-15"}', 'Disaster-relief overlay applied.', 'iphash_demo', 'uahash_demo', CAST(unixepoch('2026-06-02 08:40:00') * 1000 AS INTEGER)),
  ('60000000-0000-4000-8000-000000004001', 'mock_firm_plan_team', 'mock_user_plan_team', 'obligation_instance', '23000000-0000-4000-8000-000000000005', 'obligation.extension.decided', '{"status":"pending"}', '{"status":"extended","filingDeadline":"extended"}', 'Extension filed.', 'iphash_demo', 'uahash_demo', CAST(unixepoch('2026-06-02 09:15:00') * 1000 AS INTEGER)),
  ('60000000-0000-4000-8000-000000004002', 'mock_firm_plan_team', 'mock_user_plan_team_manager', 'obligation_instance', '23000000-0000-4000-8000-000000000004', 'obligation.status.updated', '{"status":"pending"}', '{"status":"in_progress"}', NULL, 'iphash_demo', 'uahash_demo', CAST(unixepoch('2026-06-01 14:00:00') * 1000 AS INTEGER)),
  ('60000000-0000-4000-8000-000000004003', 'mock_firm_plan_team', 'mock_user_plan_team', 'migration_batch', '30000000-0000-4000-8000-000000000401', 'migration.batch.applied', NULL, '{"successCount":10}', NULL, 'iphash_demo', 'uahash_demo', CAST(unixepoch('2026-06-01 11:00:00') * 1000 AS INTEGER)),
  ('60000000-0000-4000-8000-000000004004', 'mock_firm_plan_team', 'mock_user_plan_team', 'obligation_instance', '23000000-0000-4000-8000-000000000006', 'obligation.status.updated', '{"status":"review"}', '{"status":"done"}', 'Return filed; awaiting e-sign authorization.', 'iphash_demo', 'uahash_demo', CAST(unixepoch('2026-06-01 16:20:00') * 1000 AS INTEGER)),
  ('60000000-0000-4000-8000-000000004005', 'mock_firm_plan_team', 'mock_user_plan_team_manager', 'obligation_instance', '23000000-0000-4000-8000-000000000013', 'obligation.status.updated', '{"status":"review"}', '{"status":"done"}', NULL, 'iphash_demo', 'uahash_demo', CAST(unixepoch('2026-06-02 10:05:00') * 1000 AS INTEGER)),
  ('60000000-0000-4000-8000-000000004006', 'mock_firm_plan_team', 'mock_user_plan_team', 'obligation_instance', '23000000-0000-4000-8000-000000000002', 'obligation.due_date.updated', '{"currentDueDate":"2026-06-15"}', '{"currentDueDate":"2026-09-15"}', 'Disaster-relief overlay applied.', 'iphash_demo', 'uahash_demo', CAST(unixepoch('2026-06-02 08:40:00') * 1000 AS INTEGER));

INSERT INTO audit_evidence_package
  (id, firm_id, exported_by_user_id, scope, scope_entity_id, range_start, range_end, file_count, file_manifest_json, sha256_hash, r2_key, status, expires_at, failure_reason, created_at, updated_at)
VALUES
  ('61000000-0000-4000-8000-000000000001', 'mock_firm_brightline', 'mock_user_owner_sarah', 'firm', NULL, CAST(unixepoch('2026-05-01 00:00:00') * 1000 AS INTEGER), CAST(unixepoch('2026-06-02 10:00:00') * 1000 AS INTEGER), 4, '[{"path":"audit/events.json","bytes":4200}]', 'mocksha256', 'mock/audit/mock_firm_brightline-package.zip', 'ready', CAST(unixepoch('2026-06-09 10:00:00') * 1000 AS INTEGER), NULL, CAST(unixepoch('2026-06-02 09:57:00') * 1000 AS INTEGER), CAST(unixepoch('2026-06-02 09:58:00') * 1000 AS INTEGER)),
  ('61000000-0000-4000-8000-000000001001', 'mock_firm_solo', 'mock_user_owner_sarah', 'firm', NULL, CAST(unixepoch('2026-05-01 00:00:00') * 1000 AS INTEGER), CAST(unixepoch('2026-06-02 10:00:00') * 1000 AS INTEGER), 4, '[{"path":"audit/events.json","bytes":4200}]', 'mocksha256', 'mock/audit/mock_firm_solo-package.zip', 'ready', CAST(unixepoch('2026-06-09 10:00:00') * 1000 AS INTEGER), NULL, CAST(unixepoch('2026-06-02 09:57:00') * 1000 AS INTEGER), CAST(unixepoch('2026-06-02 09:58:00') * 1000 AS INTEGER)),
  ('61000000-0000-4000-8000-000000002001', 'mock_firm_plan_solo', 'mock_user_plan_solo', 'firm', NULL, CAST(unixepoch('2026-05-01 00:00:00') * 1000 AS INTEGER), CAST(unixepoch('2026-06-02 10:00:00') * 1000 AS INTEGER), 4, '[{"path":"audit/events.json","bytes":4200}]', 'mocksha256', 'mock/audit/mock_firm_plan_solo-package.zip', 'ready', CAST(unixepoch('2026-06-09 10:00:00') * 1000 AS INTEGER), NULL, CAST(unixepoch('2026-06-02 09:57:00') * 1000 AS INTEGER), CAST(unixepoch('2026-06-02 09:58:00') * 1000 AS INTEGER)),
  ('61000000-0000-4000-8000-000000003001', 'mock_firm_plan_pro', 'mock_user_plan_pro', 'firm', NULL, CAST(unixepoch('2026-05-01 00:00:00') * 1000 AS INTEGER), CAST(unixepoch('2026-06-02 10:00:00') * 1000 AS INTEGER), 4, '[{"path":"audit/events.json","bytes":4200}]', 'mocksha256', 'mock/audit/mock_firm_plan_pro-package.zip', 'ready', CAST(unixepoch('2026-06-09 10:00:00') * 1000 AS INTEGER), NULL, CAST(unixepoch('2026-06-02 09:57:00') * 1000 AS INTEGER), CAST(unixepoch('2026-06-02 09:58:00') * 1000 AS INTEGER)),
  ('61000000-0000-4000-8000-000000004001', 'mock_firm_plan_team', 'mock_user_plan_team', 'firm', NULL, CAST(unixepoch('2026-05-01 00:00:00') * 1000 AS INTEGER), CAST(unixepoch('2026-06-02 10:00:00') * 1000 AS INTEGER), 4, '[{"path":"audit/events.json","bytes":4200}]', 'mocksha256', 'mock/audit/mock_firm_plan_team-package.zip', 'ready', CAST(unixepoch('2026-06-09 10:00:00') * 1000 AS INTEGER), NULL, CAST(unixepoch('2026-06-02 09:57:00') * 1000 AS INTEGER), CAST(unixepoch('2026-06-02 09:58:00') * 1000 AS INTEGER));

INSERT INTO email_outbox
  (id, firm_id, external_id, type, status, payload_json, created_at, sent_at, failed_at, failure_reason)
VALUES
  ('62000000-0000-4000-8000-000000000001', 'mock_firm_brightline', 'mock-email-mock_firm_brightline-digest', 'pulse_digest', 'sent', '{"subject":"Weekly deadline digest","recipientCount":3}', CAST(unixepoch('2026-06-01 09:31:00') * 1000 AS INTEGER), CAST(unixepoch('2026-06-01 09:32:00') * 1000 AS INTEGER), NULL, NULL),
  ('62000000-0000-4000-8000-000000001001', 'mock_firm_solo', 'mock-email-mock_firm_solo-digest', 'pulse_digest', 'sent', '{"subject":"Weekly deadline digest","recipientCount":3}', CAST(unixepoch('2026-06-01 09:31:00') * 1000 AS INTEGER), CAST(unixepoch('2026-06-01 09:32:00') * 1000 AS INTEGER), NULL, NULL),
  ('62000000-0000-4000-8000-000000002001', 'mock_firm_plan_solo', 'mock-email-mock_firm_plan_solo-digest', 'pulse_digest', 'sent', '{"subject":"Weekly deadline digest","recipientCount":3}', CAST(unixepoch('2026-06-01 09:31:00') * 1000 AS INTEGER), CAST(unixepoch('2026-06-01 09:32:00') * 1000 AS INTEGER), NULL, NULL),
  ('62000000-0000-4000-8000-000000003001', 'mock_firm_plan_pro', 'mock-email-mock_firm_plan_pro-digest', 'pulse_digest', 'sent', '{"subject":"Weekly deadline digest","recipientCount":3}', CAST(unixepoch('2026-06-01 09:31:00') * 1000 AS INTEGER), CAST(unixepoch('2026-06-01 09:32:00') * 1000 AS INTEGER), NULL, NULL),
  ('62000000-0000-4000-8000-000000004001', 'mock_firm_plan_team', 'mock-email-mock_firm_plan_team-digest', 'pulse_digest', 'sent', '{"subject":"Weekly deadline digest","recipientCount":3}', CAST(unixepoch('2026-06-01 09:31:00') * 1000 AS INTEGER), CAST(unixepoch('2026-06-01 09:32:00') * 1000 AS INTEGER), NULL, NULL);

INSERT INTO in_app_notification
  (id, firm_id, user_id, type, entity_type, entity_id, title, body, href, metadata_json, read_at, created_at)
VALUES
  ('63000000-0000-4000-8000-000000000001', 'mock_firm_brightline', 'mock_user_owner_sarah', 'deadline_reminder', 'obligation_instance', '20000000-0000-4000-8000-000000000003', 'Overdue return needs attention', 'Riverside Sole Prop — Form 1040 is overdue and carries late-filing exposure.', '/deadlines/000000000003', '{"severity":"critical"}', NULL, CAST(unixepoch('2026-06-02 09:50:00') * 1000 AS INTEGER)),
  ('63000000-0000-4000-8000-000000000002', 'mock_firm_brightline', 'mock_user_owner_sarah', 'audit_package_ready', 'audit_evidence_package', '61000000-0000-4000-8000-000000000001', 'Evidence package recorded', 'Your firm audit evidence package was assembled and recorded in the audit log.', '/audit', '{}', CAST(unixepoch('2026-06-02 10:05:00') * 1000 AS INTEGER), CAST(unixepoch('2026-06-02 10:00:00') * 1000 AS INTEGER)),
  ('63000000-0000-4000-8000-000000001001', 'mock_firm_solo', 'mock_user_owner_sarah', 'deadline_reminder', 'obligation_instance', '24000000-0000-4000-8000-000000000003', 'Overdue return needs attention', 'Riverside Sole Prop — Form 1040 is overdue and carries late-filing exposure.', '/deadlines/000000000003', '{"severity":"critical"}', NULL, CAST(unixepoch('2026-06-02 09:50:00') * 1000 AS INTEGER)),
  ('63000000-0000-4000-8000-000000001002', 'mock_firm_solo', 'mock_user_owner_sarah', 'audit_package_ready', 'audit_evidence_package', '61000000-0000-4000-8000-000000001001', 'Evidence package recorded', 'Your firm audit evidence package was assembled and recorded in the audit log.', '/audit', '{}', CAST(unixepoch('2026-06-02 10:05:00') * 1000 AS INTEGER), CAST(unixepoch('2026-06-02 10:00:00') * 1000 AS INTEGER)),
  ('63000000-0000-4000-8000-000000002001', 'mock_firm_plan_solo', 'mock_user_plan_solo', 'deadline_reminder', 'obligation_instance', '21000000-0000-4000-8000-000000000003', 'Overdue return needs attention', 'Riverside Sole Prop — Form 1040 is overdue and carries late-filing exposure.', '/deadlines/000000000003', '{"severity":"critical"}', NULL, CAST(unixepoch('2026-06-02 09:50:00') * 1000 AS INTEGER)),
  ('63000000-0000-4000-8000-000000002002', 'mock_firm_plan_solo', 'mock_user_plan_solo', 'audit_package_ready', 'audit_evidence_package', '61000000-0000-4000-8000-000000002001', 'Evidence package recorded', 'Your firm audit evidence package was assembled and recorded in the audit log.', '/audit', '{}', CAST(unixepoch('2026-06-02 10:05:00') * 1000 AS INTEGER), CAST(unixepoch('2026-06-02 10:00:00') * 1000 AS INTEGER)),
  ('63000000-0000-4000-8000-000000003001', 'mock_firm_plan_pro', 'mock_user_plan_pro', 'deadline_reminder', 'obligation_instance', '22000000-0000-4000-8000-000000000003', 'Overdue return needs attention', 'Riverside Sole Prop — Form 1040 is overdue and carries late-filing exposure.', '/deadlines/000000000003', '{"severity":"critical"}', NULL, CAST(unixepoch('2026-06-02 09:50:00') * 1000 AS INTEGER)),
  ('63000000-0000-4000-8000-000000003002', 'mock_firm_plan_pro', 'mock_user_plan_pro', 'audit_package_ready', 'audit_evidence_package', '61000000-0000-4000-8000-000000003001', 'Evidence package recorded', 'Your firm audit evidence package was assembled and recorded in the audit log.', '/audit', '{}', CAST(unixepoch('2026-06-02 10:05:00') * 1000 AS INTEGER), CAST(unixepoch('2026-06-02 10:00:00') * 1000 AS INTEGER)),
  ('63000000-0000-4000-8000-000000004001', 'mock_firm_plan_team', 'mock_user_plan_team', 'deadline_reminder', 'obligation_instance', '23000000-0000-4000-8000-000000000003', 'Overdue return needs attention', 'Riverside Sole Prop — Form 1040 is overdue and carries late-filing exposure.', '/deadlines/000000000003', '{"severity":"critical"}', NULL, CAST(unixepoch('2026-06-02 09:50:00') * 1000 AS INTEGER)),
  ('63000000-0000-4000-8000-000000004002', 'mock_firm_plan_team', 'mock_user_plan_team', 'audit_package_ready', 'audit_evidence_package', '61000000-0000-4000-8000-000000004001', 'Evidence package recorded', 'Your firm audit evidence package was assembled and recorded in the audit log.', '/audit', '{}', CAST(unixepoch('2026-06-02 10:05:00') * 1000 AS INTEGER), CAST(unixepoch('2026-06-02 10:00:00') * 1000 AS INTEGER));

INSERT INTO reminder
  (id, firm_id, obligation_instance_id, client_id, recipient_kind, recipient_user_id, recipient_email, channel, offset_days, scheduled_for, status, email_outbox_id, notification_id, dedupe_key, sent_at, clicked_at, failure_reason, created_at)
VALUES
  ('65000000-0000-4000-8000-000000000001', 'mock_firm_brightline', '20000000-0000-4000-8000-000000000003', '10000000-0000-4000-8000-000000000002', 'member', 'mock_user_owner_sarah', NULL, 'in_app', 0, '2026-06-02', 'sent', NULL, '63000000-0000-4000-8000-000000000001', 'mock_firm_brightline:20000000-0000-4000-8000-000000000003:owner:0:in_app', CAST(unixepoch('2026-06-02 09:50:00') * 1000 AS INTEGER), NULL, NULL, CAST(unixepoch('2026-06-01 09:45:00') * 1000 AS INTEGER)),
  ('65000000-0000-4000-8000-000000000003', 'mock_firm_brightline', '20000000-0000-4000-8000-000000000001', '10000000-0000-4000-8000-000000000001', 'client', NULL, 'contact@averyindividual.test', 'email', 30, '2026-05-23', 'sent', NULL, NULL, 'client-reminder:mock_firm_brightline:20000000-0000-4000-8000-000000000001:contact:30:2026-05-23', CAST(unixepoch('2026-05-23 09:05:00') * 1000 AS INTEGER), NULL, NULL, CAST(unixepoch('2026-05-23 09:00:00') * 1000 AS INTEGER)),
  ('65000000-0000-4000-8000-000000000002', 'mock_firm_brightline', '20000000-0000-4000-8000-000000000001', '10000000-0000-4000-8000-000000000001', 'member', 'mock_user_owner_sarah', NULL, 'in_app', 7, '2026-06-15', 'pending', NULL, NULL, 'mock_firm_brightline:20000000-0000-4000-8000-000000000001:owner:7:in_app', NULL, NULL, NULL, CAST(unixepoch('2026-05-20 09:00:00') * 1000 AS INTEGER)),
  ('65000000-0000-4000-8000-000000001001', 'mock_firm_solo', '24000000-0000-4000-8000-000000000003', '14000000-0000-4000-8000-000000000002', 'member', 'mock_user_owner_sarah', NULL, 'in_app', 0, '2026-06-02', 'sent', NULL, '63000000-0000-4000-8000-000000001001', 'mock_firm_solo:24000000-0000-4000-8000-000000000003:owner:0:in_app', CAST(unixepoch('2026-06-02 09:50:00') * 1000 AS INTEGER), NULL, NULL, CAST(unixepoch('2026-06-01 09:45:00') * 1000 AS INTEGER)),
  ('65000000-0000-4000-8000-000000001003', 'mock_firm_solo', '24000000-0000-4000-8000-000000000001', '14000000-0000-4000-8000-000000000001', 'client', NULL, 'contact@averyindividual.test', 'email', 30, '2026-05-23', 'sent', NULL, NULL, 'client-reminder:mock_firm_solo:24000000-0000-4000-8000-000000000001:contact:30:2026-05-23', CAST(unixepoch('2026-05-23 09:05:00') * 1000 AS INTEGER), NULL, NULL, CAST(unixepoch('2026-05-23 09:00:00') * 1000 AS INTEGER)),
  ('65000000-0000-4000-8000-000000001002', 'mock_firm_solo', '24000000-0000-4000-8000-000000000001', '14000000-0000-4000-8000-000000000001', 'member', 'mock_user_owner_sarah', NULL, 'in_app', 7, '2026-06-15', 'pending', NULL, NULL, 'mock_firm_solo:24000000-0000-4000-8000-000000000001:owner:7:in_app', NULL, NULL, NULL, CAST(unixepoch('2026-05-20 09:00:00') * 1000 AS INTEGER)),
  ('65000000-0000-4000-8000-000000002001', 'mock_firm_plan_solo', '21000000-0000-4000-8000-000000000003', '11000000-0000-4000-8000-000000000002', 'member', 'mock_user_plan_solo', NULL, 'in_app', 0, '2026-06-02', 'sent', NULL, '63000000-0000-4000-8000-000000002001', 'mock_firm_plan_solo:21000000-0000-4000-8000-000000000003:owner:0:in_app', CAST(unixepoch('2026-06-02 09:50:00') * 1000 AS INTEGER), NULL, NULL, CAST(unixepoch('2026-06-01 09:45:00') * 1000 AS INTEGER)),
  ('65000000-0000-4000-8000-000000002003', 'mock_firm_plan_solo', '21000000-0000-4000-8000-000000000001', '11000000-0000-4000-8000-000000000001', 'client', NULL, 'contact@averyindividual.test', 'email', 30, '2026-05-23', 'sent', NULL, NULL, 'client-reminder:mock_firm_plan_solo:21000000-0000-4000-8000-000000000001:contact:30:2026-05-23', CAST(unixepoch('2026-05-23 09:05:00') * 1000 AS INTEGER), NULL, NULL, CAST(unixepoch('2026-05-23 09:00:00') * 1000 AS INTEGER)),
  ('65000000-0000-4000-8000-000000002002', 'mock_firm_plan_solo', '21000000-0000-4000-8000-000000000001', '11000000-0000-4000-8000-000000000001', 'member', 'mock_user_plan_solo', NULL, 'in_app', 7, '2026-06-15', 'pending', NULL, NULL, 'mock_firm_plan_solo:21000000-0000-4000-8000-000000000001:owner:7:in_app', NULL, NULL, NULL, CAST(unixepoch('2026-05-20 09:00:00') * 1000 AS INTEGER)),
  ('65000000-0000-4000-8000-000000003001', 'mock_firm_plan_pro', '22000000-0000-4000-8000-000000000003', '12000000-0000-4000-8000-000000000002', 'member', 'mock_user_plan_pro', NULL, 'in_app', 0, '2026-06-02', 'sent', NULL, '63000000-0000-4000-8000-000000003001', 'mock_firm_plan_pro:22000000-0000-4000-8000-000000000003:owner:0:in_app', CAST(unixepoch('2026-06-02 09:50:00') * 1000 AS INTEGER), NULL, NULL, CAST(unixepoch('2026-06-01 09:45:00') * 1000 AS INTEGER)),
  ('65000000-0000-4000-8000-000000003003', 'mock_firm_plan_pro', '22000000-0000-4000-8000-000000000001', '12000000-0000-4000-8000-000000000001', 'client', NULL, 'contact@averyindividual.test', 'email', 30, '2026-05-23', 'sent', NULL, NULL, 'client-reminder:mock_firm_plan_pro:22000000-0000-4000-8000-000000000001:contact:30:2026-05-23', CAST(unixepoch('2026-05-23 09:05:00') * 1000 AS INTEGER), NULL, NULL, CAST(unixepoch('2026-05-23 09:00:00') * 1000 AS INTEGER)),
  ('65000000-0000-4000-8000-000000003002', 'mock_firm_plan_pro', '22000000-0000-4000-8000-000000000001', '12000000-0000-4000-8000-000000000001', 'member', 'mock_user_plan_pro', NULL, 'in_app', 7, '2026-06-15', 'pending', NULL, NULL, 'mock_firm_plan_pro:22000000-0000-4000-8000-000000000001:owner:7:in_app', NULL, NULL, NULL, CAST(unixepoch('2026-05-20 09:00:00') * 1000 AS INTEGER)),
  ('65000000-0000-4000-8000-000000004001', 'mock_firm_plan_team', '23000000-0000-4000-8000-000000000003', '13000000-0000-4000-8000-000000000002', 'member', 'mock_user_plan_team', NULL, 'in_app', 0, '2026-06-02', 'sent', NULL, '63000000-0000-4000-8000-000000004001', 'mock_firm_plan_team:23000000-0000-4000-8000-000000000003:owner:0:in_app', CAST(unixepoch('2026-06-02 09:50:00') * 1000 AS INTEGER), NULL, NULL, CAST(unixepoch('2026-06-01 09:45:00') * 1000 AS INTEGER)),
  ('65000000-0000-4000-8000-000000004003', 'mock_firm_plan_team', '23000000-0000-4000-8000-000000000001', '13000000-0000-4000-8000-000000000001', 'client', NULL, 'contact@averyindividual.test', 'email', 30, '2026-05-23', 'sent', NULL, NULL, 'client-reminder:mock_firm_plan_team:23000000-0000-4000-8000-000000000001:contact:30:2026-05-23', CAST(unixepoch('2026-05-23 09:05:00') * 1000 AS INTEGER), NULL, NULL, CAST(unixepoch('2026-05-23 09:00:00') * 1000 AS INTEGER)),
  ('65000000-0000-4000-8000-000000004002', 'mock_firm_plan_team', '23000000-0000-4000-8000-000000000001', '13000000-0000-4000-8000-000000000001', 'member', 'mock_user_plan_team', NULL, 'in_app', 7, '2026-06-15', 'pending', NULL, NULL, 'mock_firm_plan_team:23000000-0000-4000-8000-000000000001:owner:7:in_app', NULL, NULL, NULL, CAST(unixepoch('2026-05-20 09:00:00') * 1000 AS INTEGER));

INSERT INTO user_dashboard_visit
  (id, user_id, firm_id, last_visit_at, previous_visit_at)
VALUES
  ('72000000-0000-4000-8000-000000000001', 'mock_user_owner_sarah', 'mock_firm_brightline', CAST(unixepoch('2026-05-31 18:00:00') * 1000 AS INTEGER), NULL),
  ('72000000-0000-4000-8000-000000001001', 'mock_user_owner_sarah', 'mock_firm_solo', CAST(unixepoch('2026-05-31 18:00:00') * 1000 AS INTEGER), NULL),
  ('72000000-0000-4000-8000-000000002001', 'mock_user_plan_solo', 'mock_firm_plan_solo', CAST(unixepoch('2026-05-31 18:00:00') * 1000 AS INTEGER), NULL),
  ('72000000-0000-4000-8000-000000003001', 'mock_user_plan_pro', 'mock_firm_plan_pro', CAST(unixepoch('2026-05-31 18:00:00') * 1000 AS INTEGER), NULL),
  ('72000000-0000-4000-8000-000000004001', 'mock_user_plan_team', 'mock_firm_plan_team', CAST(unixepoch('2026-05-31 18:00:00') * 1000 AS INTEGER), NULL);

INSERT INTO client_readiness_request
  (id, firm_id, obligation_instance_id, client_id, created_by_user_id, recipient_email, token_hash, status, checklist_json, expires_at, sent_at, first_opened_at, last_responded_at, created_at, updated_at)
VALUES
  ('69000000-0000-4000-8000-000000000001', 'mock_firm_brightline', '20000000-0000-4000-8000-000000000009', '10000000-0000-4000-8000-000000000005', 'mock_user_owner_sarah', 'contact@sunbeltholdingsinc.test', 'readiness-hash-mock_firm_brightline', 'responded', '[{"id":"organizer","label":"Tax organizer complete"},{"id":"k1s","label":"All K-1s received"},{"id":"bank","label":"Year-end bank statements"}]', CAST(unixepoch('2026-06-20 00:00:00') * 1000 AS INTEGER), CAST(unixepoch('2026-05-21 09:36:00') * 1000 AS INTEGER), CAST(unixepoch('2026-05-21 09:50:00') * 1000 AS INTEGER), CAST(unixepoch('2026-05-22 10:05:00') * 1000 AS INTEGER), CAST(unixepoch('2026-05-21 09:36:00') * 1000 AS INTEGER), CAST(unixepoch('2026-05-22 10:05:00') * 1000 AS INTEGER)),
  ('69000000-0000-4000-8000-000000001001', 'mock_firm_solo', '24000000-0000-4000-8000-000000000009', '14000000-0000-4000-8000-000000000005', 'mock_user_owner_sarah', 'contact@sunbeltholdingsinc.test', 'readiness-hash-mock_firm_solo', 'responded', '[{"id":"organizer","label":"Tax organizer complete"},{"id":"k1s","label":"All K-1s received"},{"id":"bank","label":"Year-end bank statements"}]', CAST(unixepoch('2026-06-20 00:00:00') * 1000 AS INTEGER), CAST(unixepoch('2026-05-21 09:36:00') * 1000 AS INTEGER), CAST(unixepoch('2026-05-21 09:50:00') * 1000 AS INTEGER), CAST(unixepoch('2026-05-22 10:05:00') * 1000 AS INTEGER), CAST(unixepoch('2026-05-21 09:36:00') * 1000 AS INTEGER), CAST(unixepoch('2026-05-22 10:05:00') * 1000 AS INTEGER)),
  ('69000000-0000-4000-8000-000000002001', 'mock_firm_plan_solo', '21000000-0000-4000-8000-000000000009', '11000000-0000-4000-8000-000000000005', 'mock_user_plan_solo', 'contact@sunbeltholdingsinc.test', 'readiness-hash-mock_firm_plan_solo', 'responded', '[{"id":"organizer","label":"Tax organizer complete"},{"id":"k1s","label":"All K-1s received"},{"id":"bank","label":"Year-end bank statements"}]', CAST(unixepoch('2026-06-20 00:00:00') * 1000 AS INTEGER), CAST(unixepoch('2026-05-21 09:36:00') * 1000 AS INTEGER), CAST(unixepoch('2026-05-21 09:50:00') * 1000 AS INTEGER), CAST(unixepoch('2026-05-22 10:05:00') * 1000 AS INTEGER), CAST(unixepoch('2026-05-21 09:36:00') * 1000 AS INTEGER), CAST(unixepoch('2026-05-22 10:05:00') * 1000 AS INTEGER)),
  ('69000000-0000-4000-8000-000000003001', 'mock_firm_plan_pro', '22000000-0000-4000-8000-000000000009', '12000000-0000-4000-8000-000000000005', 'mock_user_plan_pro', 'contact@sunbeltholdingsinc.test', 'readiness-hash-mock_firm_plan_pro', 'responded', '[{"id":"organizer","label":"Tax organizer complete"},{"id":"k1s","label":"All K-1s received"},{"id":"bank","label":"Year-end bank statements"}]', CAST(unixepoch('2026-06-20 00:00:00') * 1000 AS INTEGER), CAST(unixepoch('2026-05-21 09:36:00') * 1000 AS INTEGER), CAST(unixepoch('2026-05-21 09:50:00') * 1000 AS INTEGER), CAST(unixepoch('2026-05-22 10:05:00') * 1000 AS INTEGER), CAST(unixepoch('2026-05-21 09:36:00') * 1000 AS INTEGER), CAST(unixepoch('2026-05-22 10:05:00') * 1000 AS INTEGER)),
  ('69000000-0000-4000-8000-000000004001', 'mock_firm_plan_team', '23000000-0000-4000-8000-000000000009', '13000000-0000-4000-8000-000000000005', 'mock_user_plan_team', 'contact@sunbeltholdingsinc.test', 'readiness-hash-mock_firm_plan_team', 'responded', '[{"id":"organizer","label":"Tax organizer complete"},{"id":"k1s","label":"All K-1s received"},{"id":"bank","label":"Year-end bank statements"}]', CAST(unixepoch('2026-06-20 00:00:00') * 1000 AS INTEGER), CAST(unixepoch('2026-05-21 09:36:00') * 1000 AS INTEGER), CAST(unixepoch('2026-05-21 09:50:00') * 1000 AS INTEGER), CAST(unixepoch('2026-05-22 10:05:00') * 1000 AS INTEGER), CAST(unixepoch('2026-05-21 09:36:00') * 1000 AS INTEGER), CAST(unixepoch('2026-05-22 10:05:00') * 1000 AS INTEGER));

INSERT INTO client_readiness_response
  (id, firm_id, request_id, obligation_instance_id, item_id, status, note, eta_date, created_at)
VALUES
  ('6a000000-0000-4000-8000-000000000001', 'mock_firm_brightline', '69000000-0000-4000-8000-000000000001', '20000000-0000-4000-8000-000000000009', 'organizer', 'ready', NULL, NULL, CAST(unixepoch('2026-05-22 10:00:00') * 1000 AS INTEGER)),
  ('6a000000-0000-4000-8000-000000000002', 'mock_firm_brightline', '69000000-0000-4000-8000-000000000001', '20000000-0000-4000-8000-000000000009', 'k1s', 'need_help', 'Two K-1s still outstanding from the partnership.', CAST(unixepoch('2026-06-10 00:00:00') * 1000 AS INTEGER), CAST(unixepoch('2026-05-22 10:05:00') * 1000 AS INTEGER)),
  ('6a000000-0000-4000-8000-000000001001', 'mock_firm_solo', '69000000-0000-4000-8000-000000001001', '24000000-0000-4000-8000-000000000009', 'organizer', 'ready', NULL, NULL, CAST(unixepoch('2026-05-22 10:00:00') * 1000 AS INTEGER)),
  ('6a000000-0000-4000-8000-000000001002', 'mock_firm_solo', '69000000-0000-4000-8000-000000001001', '24000000-0000-4000-8000-000000000009', 'k1s', 'need_help', 'Two K-1s still outstanding from the partnership.', CAST(unixepoch('2026-06-10 00:00:00') * 1000 AS INTEGER), CAST(unixepoch('2026-05-22 10:05:00') * 1000 AS INTEGER)),
  ('6a000000-0000-4000-8000-000000002001', 'mock_firm_plan_solo', '69000000-0000-4000-8000-000000002001', '21000000-0000-4000-8000-000000000009', 'organizer', 'ready', NULL, NULL, CAST(unixepoch('2026-05-22 10:00:00') * 1000 AS INTEGER)),
  ('6a000000-0000-4000-8000-000000002002', 'mock_firm_plan_solo', '69000000-0000-4000-8000-000000002001', '21000000-0000-4000-8000-000000000009', 'k1s', 'need_help', 'Two K-1s still outstanding from the partnership.', CAST(unixepoch('2026-06-10 00:00:00') * 1000 AS INTEGER), CAST(unixepoch('2026-05-22 10:05:00') * 1000 AS INTEGER)),
  ('6a000000-0000-4000-8000-000000003001', 'mock_firm_plan_pro', '69000000-0000-4000-8000-000000003001', '22000000-0000-4000-8000-000000000009', 'organizer', 'ready', NULL, NULL, CAST(unixepoch('2026-05-22 10:00:00') * 1000 AS INTEGER)),
  ('6a000000-0000-4000-8000-000000003002', 'mock_firm_plan_pro', '69000000-0000-4000-8000-000000003001', '22000000-0000-4000-8000-000000000009', 'k1s', 'need_help', 'Two K-1s still outstanding from the partnership.', CAST(unixepoch('2026-06-10 00:00:00') * 1000 AS INTEGER), CAST(unixepoch('2026-05-22 10:05:00') * 1000 AS INTEGER)),
  ('6a000000-0000-4000-8000-000000004001', 'mock_firm_plan_team', '69000000-0000-4000-8000-000000004001', '23000000-0000-4000-8000-000000000009', 'organizer', 'ready', NULL, NULL, CAST(unixepoch('2026-05-22 10:00:00') * 1000 AS INTEGER)),
  ('6a000000-0000-4000-8000-000000004002', 'mock_firm_plan_team', '69000000-0000-4000-8000-000000004001', '23000000-0000-4000-8000-000000000009', 'k1s', 'need_help', 'Two K-1s still outstanding from the partnership.', CAST(unixepoch('2026-06-10 00:00:00') * 1000 AS INTEGER), CAST(unixepoch('2026-05-22 10:05:00') * 1000 AS INTEGER));

INSERT INTO obligation_saved_view
  (id, firm_id, created_by_user_id, name, query_json, column_visibility_json, density, is_pinned, created_at, updated_at)
VALUES
  ('68000000-0000-4000-8000-000000000001', 'mock_firm_brightline', 'mock_user_owner_sarah', 'Overdue & this week', '{"due":"overdue"}', '{"estimatedExposureCents":true,"readiness":true}', 'comfortable', 1, CAST(unixepoch('2026-05-20 09:00:00') * 1000 AS INTEGER), CAST(unixepoch('2026-05-20 09:00:00') * 1000 AS INTEGER)),
  ('68000000-0000-4000-8000-000000001001', 'mock_firm_solo', 'mock_user_owner_sarah', 'Overdue & this week', '{"due":"overdue"}', '{"estimatedExposureCents":true,"readiness":true}', 'comfortable', 1, CAST(unixepoch('2026-05-20 09:00:00') * 1000 AS INTEGER), CAST(unixepoch('2026-05-20 09:00:00') * 1000 AS INTEGER)),
  ('68000000-0000-4000-8000-000000002001', 'mock_firm_plan_solo', 'mock_user_plan_solo', 'Overdue & this week', '{"due":"overdue"}', '{"estimatedExposureCents":true,"readiness":true}', 'comfortable', 1, CAST(unixepoch('2026-05-20 09:00:00') * 1000 AS INTEGER), CAST(unixepoch('2026-05-20 09:00:00') * 1000 AS INTEGER)),
  ('68000000-0000-4000-8000-000000003001', 'mock_firm_plan_pro', 'mock_user_plan_pro', 'Overdue & this week', '{"due":"overdue"}', '{"estimatedExposureCents":true,"readiness":true}', 'comfortable', 1, CAST(unixepoch('2026-05-20 09:00:00') * 1000 AS INTEGER), CAST(unixepoch('2026-05-20 09:00:00') * 1000 AS INTEGER)),
  ('68000000-0000-4000-8000-000000004001', 'mock_firm_plan_team', 'mock_user_plan_team', 'Overdue & this week', '{"due":"overdue"}', '{"estimatedExposureCents":true,"readiness":true}', 'comfortable', 1, CAST(unixepoch('2026-05-20 09:00:00') * 1000 AS INTEGER), CAST(unixepoch('2026-05-20 09:00:00') * 1000 AS INTEGER));

INSERT INTO calendar_subscription
  (id, firm_id, scope, subject_user_id, privacy_mode, token_nonce, status, last_accessed_at, revoked_at, created_at, updated_at)
VALUES
  ('71000000-0000-4000-8000-000000000001', 'mock_firm_brightline', 'my', 'mock_user_owner_sarah', 'redacted', 'cal-nonce-mock_firm_brightline', 'active', CAST(unixepoch('2026-06-01 10:00:00') * 1000 AS INTEGER), NULL, CAST(unixepoch('2026-05-20 09:00:00') * 1000 AS INTEGER), CAST(unixepoch('2026-06-01 10:00:00') * 1000 AS INTEGER)),
  ('71000000-0000-4000-8000-000000001001', 'mock_firm_solo', 'my', 'mock_user_owner_sarah', 'redacted', 'cal-nonce-mock_firm_solo', 'active', CAST(unixepoch('2026-06-01 10:00:00') * 1000 AS INTEGER), NULL, CAST(unixepoch('2026-05-20 09:00:00') * 1000 AS INTEGER), CAST(unixepoch('2026-06-01 10:00:00') * 1000 AS INTEGER)),
  ('71000000-0000-4000-8000-000000002001', 'mock_firm_plan_solo', 'my', 'mock_user_plan_solo', 'redacted', 'cal-nonce-mock_firm_plan_solo', 'active', CAST(unixepoch('2026-06-01 10:00:00') * 1000 AS INTEGER), NULL, CAST(unixepoch('2026-05-20 09:00:00') * 1000 AS INTEGER), CAST(unixepoch('2026-06-01 10:00:00') * 1000 AS INTEGER)),
  ('71000000-0000-4000-8000-000000003001', 'mock_firm_plan_pro', 'my', 'mock_user_plan_pro', 'redacted', 'cal-nonce-mock_firm_plan_pro', 'active', CAST(unixepoch('2026-06-01 10:00:00') * 1000 AS INTEGER), NULL, CAST(unixepoch('2026-05-20 09:00:00') * 1000 AS INTEGER), CAST(unixepoch('2026-06-01 10:00:00') * 1000 AS INTEGER)),
  ('71000000-0000-4000-8000-000000004001', 'mock_firm_plan_team', 'my', 'mock_user_plan_team', 'redacted', 'cal-nonce-mock_firm_plan_team', 'active', CAST(unixepoch('2026-06-01 10:00:00') * 1000 AS INTEGER), NULL, CAST(unixepoch('2026-05-20 09:00:00') * 1000 AS INTEGER), CAST(unixepoch('2026-06-01 10:00:00') * 1000 AS INTEGER));

INSERT INTO client_email_suppression
  (id, firm_id, email, token_hash, reason, created_at)
VALUES
  ('66000000-0000-4000-8000-000000000001', 'mock_firm_brightline', 'bounced@brightline.test', 'suppress-mock_firm_brightline', 'bounce', CAST(unixepoch('2026-05-20 09:00:00') * 1000 AS INTEGER)),
  ('66000000-0000-4000-8000-000000001001', 'mock_firm_solo', 'bounced@archivesolo.test', 'suppress-mock_firm_solo', 'bounce', CAST(unixepoch('2026-05-20 09:00:00') * 1000 AS INTEGER)),
  ('66000000-0000-4000-8000-000000002001', 'mock_firm_plan_solo', 'bounced@soloplan.test', 'suppress-mock_firm_plan_solo', 'bounce', CAST(unixepoch('2026-05-20 09:00:00') * 1000 AS INTEGER)),
  ('66000000-0000-4000-8000-000000003001', 'mock_firm_plan_pro', 'bounced@proplan.test', 'suppress-mock_firm_plan_pro', 'bounce', CAST(unixepoch('2026-05-20 09:00:00') * 1000 AS INTEGER)),
  ('66000000-0000-4000-8000-000000004001', 'mock_firm_plan_team', 'bounced@teamplan.test', 'suppress-mock_firm_plan_team', 'bounce', CAST(unixepoch('2026-05-20 09:00:00') * 1000 AS INTEGER));

INSERT INTO llm_log
  (id, firm_id, user_id, prompt_version, model, input_hash, input_tokens, output_tokens, latency_ms, cost_usd, guard_result, refusal_code, success, error_msg, created_at)
VALUES
  ('67000000-0000-4000-8000-000000000001', 'mock_firm_brightline', 'mock_user_owner_sarah', 'dashboard-brief@v1', 'openai/gpt-5-mini', 'hash-mock_firm_brightline-brief', 1840, 188, 1180, 0.014, 'allowed', NULL, 1, NULL, CAST(unixepoch('2026-06-02 08:00:00') * 1000 AS INTEGER)),
  ('67000000-0000-4000-8000-000000001001', 'mock_firm_solo', 'mock_user_owner_sarah', 'dashboard-brief@v1', 'openai/gpt-5-mini', 'hash-mock_firm_solo-brief', 1840, 188, 1180, 0.014, 'allowed', NULL, 1, NULL, CAST(unixepoch('2026-06-02 08:00:00') * 1000 AS INTEGER)),
  ('67000000-0000-4000-8000-000000002001', 'mock_firm_plan_solo', 'mock_user_plan_solo', 'dashboard-brief@v1', 'openai/gpt-5-mini', 'hash-mock_firm_plan_solo-brief', 1840, 188, 1180, 0.014, 'allowed', NULL, 1, NULL, CAST(unixepoch('2026-06-02 08:00:00') * 1000 AS INTEGER)),
  ('67000000-0000-4000-8000-000000003001', 'mock_firm_plan_pro', 'mock_user_plan_pro', 'dashboard-brief@v1', 'openai/gpt-5-mini', 'hash-mock_firm_plan_pro-brief', 1840, 188, 1180, 0.014, 'allowed', NULL, 1, NULL, CAST(unixepoch('2026-06-02 08:00:00') * 1000 AS INTEGER)),
  ('67000000-0000-4000-8000-000000004001', 'mock_firm_plan_team', 'mock_user_plan_team', 'dashboard-brief@v1', 'openai/gpt-5-mini', 'hash-mock_firm_plan_team-brief', 1840, 188, 1180, 0.014, 'allowed', NULL, 1, NULL, CAST(unixepoch('2026-06-02 08:00:00') * 1000 AS INTEGER));

INSERT INTO pulse_firm_alert
  (id, pulse_id, firm_id, status, matched_count, needs_review_count, dismissed_by, dismissed_at, created_at, updated_at)
VALUES
  ('41000000-0000-4000-8000-000000000001', '40000000-0000-4000-8000-000000000001', 'mock_firm_brightline', 'matched', 1, 0, NULL, NULL, CAST(unixepoch('2026-05-18 08:31:00') * 1000 AS INTEGER), CAST(unixepoch('2026-05-18 08:31:00') * 1000 AS INTEGER)),
  ('41000000-0000-4000-8000-000000000002', '40000000-0000-4000-8000-000000000002', 'mock_firm_brightline', 'applied', 1, 0, NULL, NULL, CAST(unixepoch('2026-05-17 08:31:00') * 1000 AS INTEGER), CAST(unixepoch('2026-05-17 08:31:00') * 1000 AS INTEGER)),
  ('41000000-0000-4000-8000-000000000003', '40000000-0000-4000-8000-000000000003', 'mock_firm_brightline', 'matched', 0, 0, NULL, NULL, CAST(unixepoch('2026-05-16 16:31:00') * 1000 AS INTEGER), CAST(unixepoch('2026-05-16 16:31:00') * 1000 AS INTEGER)),
  ('41000000-0000-4000-8000-000000000004', '40000000-0000-4000-8000-000000000004', 'mock_firm_brightline', 'matched', 0, 0, NULL, NULL, CAST(unixepoch('2026-05-15 17:31:00') * 1000 AS INTEGER), CAST(unixepoch('2026-05-15 17:31:00') * 1000 AS INTEGER)),
  ('41000000-0000-4000-8000-000000000008', '40000000-0000-4000-8000-000000000008', 'mock_firm_brightline', 'matched', 2, 1, NULL, NULL, CAST(unixepoch('2026-05-01 07:11:00') * 1000 AS INTEGER), CAST(unixepoch('2026-05-01 07:11:00') * 1000 AS INTEGER)),
  ('41000000-0000-4000-8000-000000000009', '40000000-0000-4000-8000-000000000009', 'mock_firm_brightline', 'partially_applied', 1, 1, NULL, NULL, CAST(unixepoch('2026-04-27 13:01:00') * 1000 AS INTEGER), CAST(unixepoch('2026-04-27 13:01:00') * 1000 AS INTEGER)),
  ('41000000-0000-4000-8000-000000000010', '40000000-0000-4000-8000-000000000010', 'mock_firm_brightline', 'reviewed', 1, 0, NULL, NULL, CAST(unixepoch('2026-04-25 11:01:00') * 1000 AS INTEGER), CAST(unixepoch('2026-04-25 11:01:00') * 1000 AS INTEGER)),
  ('41000000-0000-4000-8000-000000000011', '40000000-0000-4000-8000-000000000011', 'mock_firm_brightline', 'matched', 0, 0, NULL, NULL, CAST(unixepoch('2026-05-01 09:31:00') * 1000 AS INTEGER), CAST(unixepoch('2026-05-01 09:31:00') * 1000 AS INTEGER)),
  ('41000000-0000-4000-8000-000000000012', '40000000-0000-4000-8000-000000000012', 'mock_firm_brightline', 'matched', 1, 2, NULL, NULL, CAST(unixepoch('2026-04-22 15:31:00') * 1000 AS INTEGER), CAST(unixepoch('2026-04-22 15:31:00') * 1000 AS INTEGER)),
  ('41000000-0000-4000-8000-000000000013', '40000000-0000-4000-8000-000000000013', 'mock_firm_brightline', 'matched', 1, 0, NULL, NULL, CAST(unixepoch('2026-04-26 17:01:00') * 1000 AS INTEGER), CAST(unixepoch('2026-04-26 17:01:00') * 1000 AS INTEGER)),
  ('41000000-0000-4000-8000-000000000014', '40000000-0000-4000-8000-000000000014', 'mock_firm_brightline', 'matched', 0, 0, NULL, NULL, CAST(unixepoch('2026-05-14 14:31:00') * 1000 AS INTEGER), CAST(unixepoch('2026-05-14 14:31:00') * 1000 AS INTEGER)),
  ('41000000-0000-4000-8000-000000000015', '40000000-0000-4000-8000-000000000015', 'mock_firm_brightline', 'dismissed', 0, 0, 'mock_user_owner_sarah', CAST(unixepoch('2026-05-13 18:00:00') * 1000 AS INTEGER), CAST(unixepoch('2026-05-13 18:00:00') * 1000 AS INTEGER), CAST(unixepoch('2026-05-13 18:00:00') * 1000 AS INTEGER)),
  ('41000000-0000-4000-8000-000000000020', '40000000-0000-4000-8000-000000000020', 'mock_firm_brightline', 'matched', 0, 0, NULL, NULL, CAST(unixepoch('2026-05-20 10:05:00') * 1000 AS INTEGER), CAST(unixepoch('2026-05-20 10:05:00') * 1000 AS INTEGER)),
  ('41000000-0000-4000-8000-000000000021', '40000000-0000-4000-8000-000000000021', 'mock_firm_brightline', 'matched', 0, 0, NULL, NULL, CAST(unixepoch('2026-01-10 10:05:00') * 1000 AS INTEGER), CAST(unixepoch('2026-01-10 10:05:00') * 1000 AS INTEGER)),
  ('41000000-0000-4000-8000-000000001001', '40000000-0000-4000-8000-000000000001', 'mock_firm_solo', 'matched', 1, 0, NULL, NULL, CAST(unixepoch('2026-05-18 08:31:00') * 1000 AS INTEGER), CAST(unixepoch('2026-05-18 08:31:00') * 1000 AS INTEGER)),
  ('41000000-0000-4000-8000-000000001002', '40000000-0000-4000-8000-000000000002', 'mock_firm_solo', 'applied', 1, 0, NULL, NULL, CAST(unixepoch('2026-05-17 08:31:00') * 1000 AS INTEGER), CAST(unixepoch('2026-05-17 08:31:00') * 1000 AS INTEGER)),
  ('41000000-0000-4000-8000-000000001003', '40000000-0000-4000-8000-000000000003', 'mock_firm_solo', 'matched', 0, 0, NULL, NULL, CAST(unixepoch('2026-05-16 16:31:00') * 1000 AS INTEGER), CAST(unixepoch('2026-05-16 16:31:00') * 1000 AS INTEGER)),
  ('41000000-0000-4000-8000-000000001004', '40000000-0000-4000-8000-000000000004', 'mock_firm_solo', 'matched', 0, 0, NULL, NULL, CAST(unixepoch('2026-05-15 17:31:00') * 1000 AS INTEGER), CAST(unixepoch('2026-05-15 17:31:00') * 1000 AS INTEGER)),
  ('41000000-0000-4000-8000-000000001008', '40000000-0000-4000-8000-000000000008', 'mock_firm_solo', 'matched', 2, 1, NULL, NULL, CAST(unixepoch('2026-05-01 07:11:00') * 1000 AS INTEGER), CAST(unixepoch('2026-05-01 07:11:00') * 1000 AS INTEGER)),
  ('41000000-0000-4000-8000-000000001009', '40000000-0000-4000-8000-000000000009', 'mock_firm_solo', 'partially_applied', 1, 1, NULL, NULL, CAST(unixepoch('2026-04-27 13:01:00') * 1000 AS INTEGER), CAST(unixepoch('2026-04-27 13:01:00') * 1000 AS INTEGER)),
  ('41000000-0000-4000-8000-000000001010', '40000000-0000-4000-8000-000000000010', 'mock_firm_solo', 'reviewed', 1, 0, NULL, NULL, CAST(unixepoch('2026-04-25 11:01:00') * 1000 AS INTEGER), CAST(unixepoch('2026-04-25 11:01:00') * 1000 AS INTEGER)),
  ('41000000-0000-4000-8000-000000001011', '40000000-0000-4000-8000-000000000011', 'mock_firm_solo', 'matched', 0, 0, NULL, NULL, CAST(unixepoch('2026-05-01 09:31:00') * 1000 AS INTEGER), CAST(unixepoch('2026-05-01 09:31:00') * 1000 AS INTEGER)),
  ('41000000-0000-4000-8000-000000001012', '40000000-0000-4000-8000-000000000012', 'mock_firm_solo', 'matched', 1, 2, NULL, NULL, CAST(unixepoch('2026-04-22 15:31:00') * 1000 AS INTEGER), CAST(unixepoch('2026-04-22 15:31:00') * 1000 AS INTEGER)),
  ('41000000-0000-4000-8000-000000001013', '40000000-0000-4000-8000-000000000013', 'mock_firm_solo', 'matched', 1, 0, NULL, NULL, CAST(unixepoch('2026-04-26 17:01:00') * 1000 AS INTEGER), CAST(unixepoch('2026-04-26 17:01:00') * 1000 AS INTEGER)),
  ('41000000-0000-4000-8000-000000001014', '40000000-0000-4000-8000-000000000014', 'mock_firm_solo', 'matched', 0, 0, NULL, NULL, CAST(unixepoch('2026-05-14 14:31:00') * 1000 AS INTEGER), CAST(unixepoch('2026-05-14 14:31:00') * 1000 AS INTEGER)),
  ('41000000-0000-4000-8000-000000001015', '40000000-0000-4000-8000-000000000015', 'mock_firm_solo', 'dismissed', 0, 0, 'mock_user_owner_sarah', CAST(unixepoch('2026-05-13 18:00:00') * 1000 AS INTEGER), CAST(unixepoch('2026-05-13 18:00:00') * 1000 AS INTEGER), CAST(unixepoch('2026-05-13 18:00:00') * 1000 AS INTEGER)),
  ('41000000-0000-4000-8000-000000001020', '40000000-0000-4000-8000-000000000020', 'mock_firm_solo', 'matched', 0, 0, NULL, NULL, CAST(unixepoch('2026-05-20 10:05:00') * 1000 AS INTEGER), CAST(unixepoch('2026-05-20 10:05:00') * 1000 AS INTEGER)),
  ('41000000-0000-4000-8000-000000001021', '40000000-0000-4000-8000-000000000021', 'mock_firm_solo', 'matched', 0, 0, NULL, NULL, CAST(unixepoch('2026-01-10 10:05:00') * 1000 AS INTEGER), CAST(unixepoch('2026-01-10 10:05:00') * 1000 AS INTEGER)),
  ('41000000-0000-4000-8000-000000002001', '40000000-0000-4000-8000-000000000001', 'mock_firm_plan_solo', 'matched', 1, 0, NULL, NULL, CAST(unixepoch('2026-05-18 08:31:00') * 1000 AS INTEGER), CAST(unixepoch('2026-05-18 08:31:00') * 1000 AS INTEGER)),
  ('41000000-0000-4000-8000-000000002002', '40000000-0000-4000-8000-000000000002', 'mock_firm_plan_solo', 'applied', 1, 0, NULL, NULL, CAST(unixepoch('2026-05-17 08:31:00') * 1000 AS INTEGER), CAST(unixepoch('2026-05-17 08:31:00') * 1000 AS INTEGER)),
  ('41000000-0000-4000-8000-000000002003', '40000000-0000-4000-8000-000000000003', 'mock_firm_plan_solo', 'matched', 0, 0, NULL, NULL, CAST(unixepoch('2026-05-16 16:31:00') * 1000 AS INTEGER), CAST(unixepoch('2026-05-16 16:31:00') * 1000 AS INTEGER)),
  ('41000000-0000-4000-8000-000000002004', '40000000-0000-4000-8000-000000000004', 'mock_firm_plan_solo', 'matched', 0, 0, NULL, NULL, CAST(unixepoch('2026-05-15 17:31:00') * 1000 AS INTEGER), CAST(unixepoch('2026-05-15 17:31:00') * 1000 AS INTEGER)),
  ('41000000-0000-4000-8000-000000002008', '40000000-0000-4000-8000-000000000008', 'mock_firm_plan_solo', 'matched', 2, 1, NULL, NULL, CAST(unixepoch('2026-05-01 07:11:00') * 1000 AS INTEGER), CAST(unixepoch('2026-05-01 07:11:00') * 1000 AS INTEGER)),
  ('41000000-0000-4000-8000-000000002009', '40000000-0000-4000-8000-000000000009', 'mock_firm_plan_solo', 'partially_applied', 1, 1, NULL, NULL, CAST(unixepoch('2026-04-27 13:01:00') * 1000 AS INTEGER), CAST(unixepoch('2026-04-27 13:01:00') * 1000 AS INTEGER)),
  ('41000000-0000-4000-8000-000000002010', '40000000-0000-4000-8000-000000000010', 'mock_firm_plan_solo', 'reviewed', 1, 0, NULL, NULL, CAST(unixepoch('2026-04-25 11:01:00') * 1000 AS INTEGER), CAST(unixepoch('2026-04-25 11:01:00') * 1000 AS INTEGER)),
  ('41000000-0000-4000-8000-000000002011', '40000000-0000-4000-8000-000000000011', 'mock_firm_plan_solo', 'matched', 0, 0, NULL, NULL, CAST(unixepoch('2026-05-01 09:31:00') * 1000 AS INTEGER), CAST(unixepoch('2026-05-01 09:31:00') * 1000 AS INTEGER)),
  ('41000000-0000-4000-8000-000000002012', '40000000-0000-4000-8000-000000000012', 'mock_firm_plan_solo', 'matched', 1, 2, NULL, NULL, CAST(unixepoch('2026-04-22 15:31:00') * 1000 AS INTEGER), CAST(unixepoch('2026-04-22 15:31:00') * 1000 AS INTEGER)),
  ('41000000-0000-4000-8000-000000002013', '40000000-0000-4000-8000-000000000013', 'mock_firm_plan_solo', 'matched', 1, 0, NULL, NULL, CAST(unixepoch('2026-04-26 17:01:00') * 1000 AS INTEGER), CAST(unixepoch('2026-04-26 17:01:00') * 1000 AS INTEGER)),
  ('41000000-0000-4000-8000-000000002014', '40000000-0000-4000-8000-000000000014', 'mock_firm_plan_solo', 'matched', 0, 0, NULL, NULL, CAST(unixepoch('2026-05-14 14:31:00') * 1000 AS INTEGER), CAST(unixepoch('2026-05-14 14:31:00') * 1000 AS INTEGER)),
  ('41000000-0000-4000-8000-000000002015', '40000000-0000-4000-8000-000000000015', 'mock_firm_plan_solo', 'dismissed', 0, 0, 'mock_user_plan_solo', CAST(unixepoch('2026-05-13 18:00:00') * 1000 AS INTEGER), CAST(unixepoch('2026-05-13 18:00:00') * 1000 AS INTEGER), CAST(unixepoch('2026-05-13 18:00:00') * 1000 AS INTEGER)),
  ('41000000-0000-4000-8000-000000002020', '40000000-0000-4000-8000-000000000020', 'mock_firm_plan_solo', 'matched', 0, 0, NULL, NULL, CAST(unixepoch('2026-05-20 10:05:00') * 1000 AS INTEGER), CAST(unixepoch('2026-05-20 10:05:00') * 1000 AS INTEGER)),
  ('41000000-0000-4000-8000-000000002021', '40000000-0000-4000-8000-000000000021', 'mock_firm_plan_solo', 'matched', 0, 0, NULL, NULL, CAST(unixepoch('2026-01-10 10:05:00') * 1000 AS INTEGER), CAST(unixepoch('2026-01-10 10:05:00') * 1000 AS INTEGER)),
  ('41000000-0000-4000-8000-000000003001', '40000000-0000-4000-8000-000000000001', 'mock_firm_plan_pro', 'matched', 1, 0, NULL, NULL, CAST(unixepoch('2026-05-18 08:31:00') * 1000 AS INTEGER), CAST(unixepoch('2026-05-18 08:31:00') * 1000 AS INTEGER)),
  ('41000000-0000-4000-8000-000000003002', '40000000-0000-4000-8000-000000000002', 'mock_firm_plan_pro', 'applied', 1, 0, NULL, NULL, CAST(unixepoch('2026-05-17 08:31:00') * 1000 AS INTEGER), CAST(unixepoch('2026-05-17 08:31:00') * 1000 AS INTEGER)),
  ('41000000-0000-4000-8000-000000003003', '40000000-0000-4000-8000-000000000003', 'mock_firm_plan_pro', 'matched', 0, 0, NULL, NULL, CAST(unixepoch('2026-05-16 16:31:00') * 1000 AS INTEGER), CAST(unixepoch('2026-05-16 16:31:00') * 1000 AS INTEGER)),
  ('41000000-0000-4000-8000-000000003004', '40000000-0000-4000-8000-000000000004', 'mock_firm_plan_pro', 'matched', 0, 0, NULL, NULL, CAST(unixepoch('2026-05-15 17:31:00') * 1000 AS INTEGER), CAST(unixepoch('2026-05-15 17:31:00') * 1000 AS INTEGER)),
  ('41000000-0000-4000-8000-000000003008', '40000000-0000-4000-8000-000000000008', 'mock_firm_plan_pro', 'matched', 2, 1, NULL, NULL, CAST(unixepoch('2026-05-01 07:11:00') * 1000 AS INTEGER), CAST(unixepoch('2026-05-01 07:11:00') * 1000 AS INTEGER)),
  ('41000000-0000-4000-8000-000000003009', '40000000-0000-4000-8000-000000000009', 'mock_firm_plan_pro', 'partially_applied', 1, 1, NULL, NULL, CAST(unixepoch('2026-04-27 13:01:00') * 1000 AS INTEGER), CAST(unixepoch('2026-04-27 13:01:00') * 1000 AS INTEGER)),
  ('41000000-0000-4000-8000-000000003010', '40000000-0000-4000-8000-000000000010', 'mock_firm_plan_pro', 'reviewed', 1, 0, NULL, NULL, CAST(unixepoch('2026-04-25 11:01:00') * 1000 AS INTEGER), CAST(unixepoch('2026-04-25 11:01:00') * 1000 AS INTEGER)),
  ('41000000-0000-4000-8000-000000003011', '40000000-0000-4000-8000-000000000011', 'mock_firm_plan_pro', 'matched', 0, 0, NULL, NULL, CAST(unixepoch('2026-05-01 09:31:00') * 1000 AS INTEGER), CAST(unixepoch('2026-05-01 09:31:00') * 1000 AS INTEGER)),
  ('41000000-0000-4000-8000-000000003012', '40000000-0000-4000-8000-000000000012', 'mock_firm_plan_pro', 'matched', 1, 2, NULL, NULL, CAST(unixepoch('2026-04-22 15:31:00') * 1000 AS INTEGER), CAST(unixepoch('2026-04-22 15:31:00') * 1000 AS INTEGER)),
  ('41000000-0000-4000-8000-000000003013', '40000000-0000-4000-8000-000000000013', 'mock_firm_plan_pro', 'matched', 1, 0, NULL, NULL, CAST(unixepoch('2026-04-26 17:01:00') * 1000 AS INTEGER), CAST(unixepoch('2026-04-26 17:01:00') * 1000 AS INTEGER)),
  ('41000000-0000-4000-8000-000000003014', '40000000-0000-4000-8000-000000000014', 'mock_firm_plan_pro', 'matched', 0, 0, NULL, NULL, CAST(unixepoch('2026-05-14 14:31:00') * 1000 AS INTEGER), CAST(unixepoch('2026-05-14 14:31:00') * 1000 AS INTEGER)),
  ('41000000-0000-4000-8000-000000003015', '40000000-0000-4000-8000-000000000015', 'mock_firm_plan_pro', 'dismissed', 0, 0, 'mock_user_plan_pro', CAST(unixepoch('2026-05-13 18:00:00') * 1000 AS INTEGER), CAST(unixepoch('2026-05-13 18:00:00') * 1000 AS INTEGER), CAST(unixepoch('2026-05-13 18:00:00') * 1000 AS INTEGER)),
  ('41000000-0000-4000-8000-000000003020', '40000000-0000-4000-8000-000000000020', 'mock_firm_plan_pro', 'matched', 0, 0, NULL, NULL, CAST(unixepoch('2026-05-20 10:05:00') * 1000 AS INTEGER), CAST(unixepoch('2026-05-20 10:05:00') * 1000 AS INTEGER)),
  ('41000000-0000-4000-8000-000000003021', '40000000-0000-4000-8000-000000000021', 'mock_firm_plan_pro', 'matched', 0, 0, NULL, NULL, CAST(unixepoch('2026-01-10 10:05:00') * 1000 AS INTEGER), CAST(unixepoch('2026-01-10 10:05:00') * 1000 AS INTEGER)),
  ('41000000-0000-4000-8000-000000004001', '40000000-0000-4000-8000-000000000001', 'mock_firm_plan_team', 'matched', 1, 0, NULL, NULL, CAST(unixepoch('2026-05-18 08:31:00') * 1000 AS INTEGER), CAST(unixepoch('2026-05-18 08:31:00') * 1000 AS INTEGER)),
  ('41000000-0000-4000-8000-000000004002', '40000000-0000-4000-8000-000000000002', 'mock_firm_plan_team', 'applied', 1, 0, NULL, NULL, CAST(unixepoch('2026-05-17 08:31:00') * 1000 AS INTEGER), CAST(unixepoch('2026-05-17 08:31:00') * 1000 AS INTEGER)),
  ('41000000-0000-4000-8000-000000004003', '40000000-0000-4000-8000-000000000003', 'mock_firm_plan_team', 'matched', 0, 0, NULL, NULL, CAST(unixepoch('2026-05-16 16:31:00') * 1000 AS INTEGER), CAST(unixepoch('2026-05-16 16:31:00') * 1000 AS INTEGER)),
  ('41000000-0000-4000-8000-000000004004', '40000000-0000-4000-8000-000000000004', 'mock_firm_plan_team', 'matched', 0, 0, NULL, NULL, CAST(unixepoch('2026-05-15 17:31:00') * 1000 AS INTEGER), CAST(unixepoch('2026-05-15 17:31:00') * 1000 AS INTEGER)),
  ('41000000-0000-4000-8000-000000004008', '40000000-0000-4000-8000-000000000008', 'mock_firm_plan_team', 'matched', 2, 1, NULL, NULL, CAST(unixepoch('2026-05-01 07:11:00') * 1000 AS INTEGER), CAST(unixepoch('2026-05-01 07:11:00') * 1000 AS INTEGER)),
  ('41000000-0000-4000-8000-000000004009', '40000000-0000-4000-8000-000000000009', 'mock_firm_plan_team', 'partially_applied', 1, 1, NULL, NULL, CAST(unixepoch('2026-04-27 13:01:00') * 1000 AS INTEGER), CAST(unixepoch('2026-04-27 13:01:00') * 1000 AS INTEGER)),
  ('41000000-0000-4000-8000-000000004010', '40000000-0000-4000-8000-000000000010', 'mock_firm_plan_team', 'reviewed', 1, 0, NULL, NULL, CAST(unixepoch('2026-04-25 11:01:00') * 1000 AS INTEGER), CAST(unixepoch('2026-04-25 11:01:00') * 1000 AS INTEGER)),
  ('41000000-0000-4000-8000-000000004011', '40000000-0000-4000-8000-000000000011', 'mock_firm_plan_team', 'matched', 0, 0, NULL, NULL, CAST(unixepoch('2026-05-01 09:31:00') * 1000 AS INTEGER), CAST(unixepoch('2026-05-01 09:31:00') * 1000 AS INTEGER)),
  ('41000000-0000-4000-8000-000000004012', '40000000-0000-4000-8000-000000000012', 'mock_firm_plan_team', 'matched', 1, 2, NULL, NULL, CAST(unixepoch('2026-04-22 15:31:00') * 1000 AS INTEGER), CAST(unixepoch('2026-04-22 15:31:00') * 1000 AS INTEGER)),
  ('41000000-0000-4000-8000-000000004013', '40000000-0000-4000-8000-000000000013', 'mock_firm_plan_team', 'matched', 1, 0, NULL, NULL, CAST(unixepoch('2026-04-26 17:01:00') * 1000 AS INTEGER), CAST(unixepoch('2026-04-26 17:01:00') * 1000 AS INTEGER)),
  ('41000000-0000-4000-8000-000000004014', '40000000-0000-4000-8000-000000000014', 'mock_firm_plan_team', 'matched', 0, 0, NULL, NULL, CAST(unixepoch('2026-05-14 14:31:00') * 1000 AS INTEGER), CAST(unixepoch('2026-05-14 14:31:00') * 1000 AS INTEGER)),
  ('41000000-0000-4000-8000-000000004015', '40000000-0000-4000-8000-000000000015', 'mock_firm_plan_team', 'dismissed', 0, 0, 'mock_user_plan_team', CAST(unixepoch('2026-05-13 18:00:00') * 1000 AS INTEGER), CAST(unixepoch('2026-05-13 18:00:00') * 1000 AS INTEGER), CAST(unixepoch('2026-05-13 18:00:00') * 1000 AS INTEGER)),
  ('41000000-0000-4000-8000-000000004020', '40000000-0000-4000-8000-000000000020', 'mock_firm_plan_team', 'matched', 0, 0, NULL, NULL, CAST(unixepoch('2026-05-20 10:05:00') * 1000 AS INTEGER), CAST(unixepoch('2026-05-20 10:05:00') * 1000 AS INTEGER)),
  ('41000000-0000-4000-8000-000000004021', '40000000-0000-4000-8000-000000000021', 'mock_firm_plan_team', 'matched', 0, 0, NULL, NULL, CAST(unixepoch('2026-01-10 10:05:00') * 1000 AS INTEGER), CAST(unixepoch('2026-01-10 10:05:00') * 1000 AS INTEGER));

INSERT INTO pulse_application
  (id, pulse_id, obligation_instance_id, client_id, firm_id, applied_by, applied_at, reverted_by, reverted_at, before_due_date, after_due_date)
VALUES
  ('44000000-0000-4000-8000-000000000001', '40000000-0000-4000-8000-000000000002', '20000000-0000-4000-8000-000000000005', '10000000-0000-4000-8000-000000000003', 'mock_firm_brightline', 'mock_user_owner_sarah', CAST(unixepoch('2026-05-17 08:31:00') * 1000 AS INTEGER), NULL, NULL, CAST(unixepoch('2026-04-30 00:00:00') * 1000 AS INTEGER), CAST(unixepoch('2026-05-30 00:00:00') * 1000 AS INTEGER)),
  ('44000000-0000-4000-8000-000000001001', '40000000-0000-4000-8000-000000000002', '24000000-0000-4000-8000-000000000005', '14000000-0000-4000-8000-000000000003', 'mock_firm_solo', 'mock_user_owner_sarah', CAST(unixepoch('2026-05-17 08:31:00') * 1000 AS INTEGER), NULL, NULL, CAST(unixepoch('2026-04-30 00:00:00') * 1000 AS INTEGER), CAST(unixepoch('2026-05-30 00:00:00') * 1000 AS INTEGER)),
  ('44000000-0000-4000-8000-000000002001', '40000000-0000-4000-8000-000000000002', '21000000-0000-4000-8000-000000000005', '11000000-0000-4000-8000-000000000003', 'mock_firm_plan_solo', 'mock_user_plan_solo', CAST(unixepoch('2026-05-17 08:31:00') * 1000 AS INTEGER), NULL, NULL, CAST(unixepoch('2026-04-30 00:00:00') * 1000 AS INTEGER), CAST(unixepoch('2026-05-30 00:00:00') * 1000 AS INTEGER)),
  ('44000000-0000-4000-8000-000000003001', '40000000-0000-4000-8000-000000000002', '22000000-0000-4000-8000-000000000005', '12000000-0000-4000-8000-000000000003', 'mock_firm_plan_pro', 'mock_user_plan_pro', CAST(unixepoch('2026-05-17 08:31:00') * 1000 AS INTEGER), NULL, NULL, CAST(unixepoch('2026-04-30 00:00:00') * 1000 AS INTEGER), CAST(unixepoch('2026-05-30 00:00:00') * 1000 AS INTEGER)),
  ('44000000-0000-4000-8000-000000004001', '40000000-0000-4000-8000-000000000002', '23000000-0000-4000-8000-000000000005', '13000000-0000-4000-8000-000000000003', 'mock_firm_plan_team', 'mock_user_plan_team', CAST(unixepoch('2026-05-17 08:31:00') * 1000 AS INTEGER), NULL, NULL, CAST(unixepoch('2026-04-30 00:00:00') * 1000 AS INTEGER), CAST(unixepoch('2026-05-30 00:00:00') * 1000 AS INTEGER));

INSERT INTO pulse_priority_review
  (id, firm_id, alert_id, pulse_id, status, priority_score, priority_reasons_json, selected_obligation_ids_json, confirmed_obligation_ids_json, excluded_obligation_ids_json, note, requested_by, reviewed_by, reviewed_at, created_at, updated_at)
VALUES
  ('42000000-0000-4000-8000-000000000001', 'mock_firm_brightline', '41000000-0000-4000-8000-000000000001', '40000000-0000-4000-8000-000000000001', 'open', 0, '[]', '[]', '[]', '[]', 'A preparer asked about this client.', 'mock_user_manager_miguel', NULL, NULL, CAST(unixepoch('2026-05-18 08:31:00') * 1000 AS INTEGER), CAST(unixepoch('2026-05-18 08:31:00') * 1000 AS INTEGER)),
  ('42000000-0000-4000-8000-000000000008', 'mock_firm_brightline', '41000000-0000-4000-8000-000000000008', '40000000-0000-4000-8000-000000000008', 'open', 0, '[]', '[]', '[]', '[]', 'A preparer asked about this client.', 'mock_user_manager_miguel', NULL, NULL, CAST(unixepoch('2026-05-01 07:11:00') * 1000 AS INTEGER), CAST(unixepoch('2026-05-01 07:11:00') * 1000 AS INTEGER)),
  ('42000000-0000-4000-8000-000000000012', 'mock_firm_brightline', '41000000-0000-4000-8000-000000000012', '40000000-0000-4000-8000-000000000012', 'open', 0, '[]', '[]', '[]', '[]', 'A preparer asked about this client.', 'mock_user_manager_miguel', NULL, NULL, CAST(unixepoch('2026-04-22 15:31:00') * 1000 AS INTEGER), CAST(unixepoch('2026-04-22 15:31:00') * 1000 AS INTEGER)),
  ('42000000-0000-4000-8000-000000001001', 'mock_firm_solo', '41000000-0000-4000-8000-000000001001', '40000000-0000-4000-8000-000000000001', 'open', 0, '[]', '[]', '[]', '[]', 'A preparer asked about this client.', 'mock_user_owner_sarah', NULL, NULL, CAST(unixepoch('2026-05-18 08:31:00') * 1000 AS INTEGER), CAST(unixepoch('2026-05-18 08:31:00') * 1000 AS INTEGER)),
  ('42000000-0000-4000-8000-000000001008', 'mock_firm_solo', '41000000-0000-4000-8000-000000001008', '40000000-0000-4000-8000-000000000008', 'open', 0, '[]', '[]', '[]', '[]', 'A preparer asked about this client.', 'mock_user_owner_sarah', NULL, NULL, CAST(unixepoch('2026-05-01 07:11:00') * 1000 AS INTEGER), CAST(unixepoch('2026-05-01 07:11:00') * 1000 AS INTEGER)),
  ('42000000-0000-4000-8000-000000001012', 'mock_firm_solo', '41000000-0000-4000-8000-000000001012', '40000000-0000-4000-8000-000000000012', 'open', 0, '[]', '[]', '[]', '[]', 'A preparer asked about this client.', 'mock_user_owner_sarah', NULL, NULL, CAST(unixepoch('2026-04-22 15:31:00') * 1000 AS INTEGER), CAST(unixepoch('2026-04-22 15:31:00') * 1000 AS INTEGER)),
  ('42000000-0000-4000-8000-000000002001', 'mock_firm_plan_solo', '41000000-0000-4000-8000-000000002001', '40000000-0000-4000-8000-000000000001', 'open', 0, '[]', '[]', '[]', '[]', 'A preparer asked about this client.', 'mock_user_plan_solo', NULL, NULL, CAST(unixepoch('2026-05-18 08:31:00') * 1000 AS INTEGER), CAST(unixepoch('2026-05-18 08:31:00') * 1000 AS INTEGER)),
  ('42000000-0000-4000-8000-000000002008', 'mock_firm_plan_solo', '41000000-0000-4000-8000-000000002008', '40000000-0000-4000-8000-000000000008', 'open', 0, '[]', '[]', '[]', '[]', 'A preparer asked about this client.', 'mock_user_plan_solo', NULL, NULL, CAST(unixepoch('2026-05-01 07:11:00') * 1000 AS INTEGER), CAST(unixepoch('2026-05-01 07:11:00') * 1000 AS INTEGER)),
  ('42000000-0000-4000-8000-000000002012', 'mock_firm_plan_solo', '41000000-0000-4000-8000-000000002012', '40000000-0000-4000-8000-000000000012', 'open', 0, '[]', '[]', '[]', '[]', 'A preparer asked about this client.', 'mock_user_plan_solo', NULL, NULL, CAST(unixepoch('2026-04-22 15:31:00') * 1000 AS INTEGER), CAST(unixepoch('2026-04-22 15:31:00') * 1000 AS INTEGER)),
  ('42000000-0000-4000-8000-000000003001', 'mock_firm_plan_pro', '41000000-0000-4000-8000-000000003001', '40000000-0000-4000-8000-000000000001', 'open', 0, '[]', '[]', '[]', '[]', 'A preparer asked about this client.', 'mock_user_plan_pro_preparer', NULL, NULL, CAST(unixepoch('2026-05-18 08:31:00') * 1000 AS INTEGER), CAST(unixepoch('2026-05-18 08:31:00') * 1000 AS INTEGER)),
  ('42000000-0000-4000-8000-000000003008', 'mock_firm_plan_pro', '41000000-0000-4000-8000-000000003008', '40000000-0000-4000-8000-000000000008', 'open', 0, '[]', '[]', '[]', '[]', 'A preparer asked about this client.', 'mock_user_plan_pro_preparer', NULL, NULL, CAST(unixepoch('2026-05-01 07:11:00') * 1000 AS INTEGER), CAST(unixepoch('2026-05-01 07:11:00') * 1000 AS INTEGER)),
  ('42000000-0000-4000-8000-000000003012', 'mock_firm_plan_pro', '41000000-0000-4000-8000-000000003012', '40000000-0000-4000-8000-000000000012', 'open', 0, '[]', '[]', '[]', '[]', 'A preparer asked about this client.', 'mock_user_plan_pro_preparer', NULL, NULL, CAST(unixepoch('2026-04-22 15:31:00') * 1000 AS INTEGER), CAST(unixepoch('2026-04-22 15:31:00') * 1000 AS INTEGER)),
  ('42000000-0000-4000-8000-000000004001', 'mock_firm_plan_team', '41000000-0000-4000-8000-000000004001', '40000000-0000-4000-8000-000000000001', 'open', 0, '[]', '[]', '[]', '[]', 'A preparer asked about this client.', 'mock_user_plan_team_manager', NULL, NULL, CAST(unixepoch('2026-05-18 08:31:00') * 1000 AS INTEGER), CAST(unixepoch('2026-05-18 08:31:00') * 1000 AS INTEGER)),
  ('42000000-0000-4000-8000-000000004008', 'mock_firm_plan_team', '41000000-0000-4000-8000-000000004008', '40000000-0000-4000-8000-000000000008', 'open', 0, '[]', '[]', '[]', '[]', 'A preparer asked about this client.', 'mock_user_plan_team_manager', NULL, NULL, CAST(unixepoch('2026-05-01 07:11:00') * 1000 AS INTEGER), CAST(unixepoch('2026-05-01 07:11:00') * 1000 AS INTEGER)),
  ('42000000-0000-4000-8000-000000004012', 'mock_firm_plan_team', '41000000-0000-4000-8000-000000004012', '40000000-0000-4000-8000-000000000012', 'open', 0, '[]', '[]', '[]', '[]', 'A preparer asked about this client.', 'mock_user_plan_team_manager', NULL, NULL, CAST(unixepoch('2026-04-22 15:31:00') * 1000 AS INTEGER), CAST(unixepoch('2026-04-22 15:31:00') * 1000 AS INTEGER));
